INSERT INTO gallery.tb_admin (id, username, hashed_pwd, gmt_create, gmt_modified, remark, role_id, brand_id) VALUES (1, 'admin', 'e10adc3949ba59abbe56e057f20f883e', '2018-10-17 03:06:55', '2018-11-12 09:45:01', '超级管理员,修改下', 1, 0);
INSERT INTO gallery.tb_admin (id, username, hashed_pwd, gmt_create, gmt_modified, remark, role_id, brand_id) VALUES (10, '角色删除', '1c19882751edb2306ff58a23c5935885', '2018-10-18 19:22:52', '2018-11-12 10:09:12', '测试专用', 8, 0);
INSERT INTO gallery.tb_admin (id, username, hashed_pwd, gmt_create, gmt_modified, remark, role_id, brand_id) VALUES (14, 'mayuzhen', 'e10adc3949ba59abbe56e057f20f883e', '2018-10-20 19:22:02', '2018-10-20 19:22:43', '', 9, 6);
INSERT INTO gallery.tb_admin (id, username, hashed_pwd, gmt_create, gmt_modified, remark, role_id, brand_id) VALUES (15, 'mmm', 'e10adc3949ba59abbe56e057f20f883e', '2018-10-20 20:08:32', '2019-01-10 16:13:35', '', 11, 12);
INSERT INTO gallery.tb_admin (id, username, hashed_pwd, gmt_create, gmt_modified, remark, role_id, brand_id) VALUES (18, 'dd', 'e10adc3949ba59abbe56e057f20f883e', '2018-10-20 20:39:25', '2018-11-02 16:15:58', '', 11, 4);
INSERT INTO gallery.tb_admin (id, username, hashed_pwd, gmt_create, gmt_modified, remark, role_id, brand_id) VALUES (19, 'ceshi', 'e10adc3949ba59abbe56e057f20f883e', '2018-10-26 16:47:29', '2018-10-27 17:39:32', '', 11, 4);
INSERT INTO gallery.tb_admin (id, username, hashed_pwd, gmt_create, gmt_modified, remark, role_id, brand_id) VALUES (20, 'myz', 'e10adc3949ba59abbe56e057f20f883e', '2018-10-27 17:37:45', '2018-12-05 15:36:36', '不删', 1, 0);
INSERT INTO gallery.tb_admin (id, username, hashed_pwd, gmt_create, gmt_modified, remark, role_id, brand_id) VALUES (22, 'scott_pp', 'e10adc3949ba59abbe56e057f20f883e', '2018-10-27 17:46:42', '2018-11-05 10:43:16', '', 11, 10);
INSERT INTO gallery.tb_admin (id, username, hashed_pwd, gmt_create, gmt_modified, remark, role_id, brand_id) VALUES (23, 'ceshi2', 'f379eaf3c831b04de153469d1bec345e', '2018-10-29 15:44:17', '2018-11-12 09:44:12', '', 13, 0);
INSERT INTO gallery.tb_admin (id, username, hashed_pwd, gmt_create, gmt_modified, remark, role_id, brand_id) VALUES (25, 'ceshi1105', 'e10adc3949ba59abbe56e057f20f883e', '2018-11-05 10:30:38', '2018-11-05 10:30:38', '', 11, 14);
INSERT INTO gallery.tb_admin (id, username, hashed_pwd, gmt_create, gmt_modified, remark, role_id, brand_id) VALUES (27, 'LS', 'e10adc3949ba59abbe56e057f20f883e', '2018-11-26 13:52:43', '2019-02-28 16:25:15', '', 11, 14);
INSERT INTO gallery.tb_admin (id, username, hashed_pwd, gmt_create, gmt_modified, remark, role_id, brand_id) VALUES (28, '小夫', 'e10adc3949ba59abbe56e057f20f883e', '2018-11-26 14:36:34', '2018-11-26 14:50:18', '文案总监', 16, 0);
INSERT INTO gallery.tb_admin (id, username, hashed_pwd, gmt_create, gmt_modified, remark, role_id, brand_id) VALUES (29, 'VSCO', 'e10adc3949ba59abbe56e057f20f883e', '2018-11-30 14:35:31', '2018-11-30 14:35:31', 'VSCO运营专员', 18, 0);
INSERT INTO gallery.tb_admin (id, username, hashed_pwd, gmt_create, gmt_modified, remark, role_id, brand_id) VALUES (32, '赵胜冲', 'e10adc3949ba59abbe56e057f20f883e', '2018-12-17 18:22:21', '2018-12-17 18:22:25', '模板管理', 20, 0);
INSERT INTO gallery.tb_admin (id, username, hashed_pwd, gmt_create, gmt_modified, remark, role_id, brand_id) VALUES (33, '田康', 'e10adc3949ba59abbe56e057f20f883e', '2018-12-17 18:23:57', '2018-12-17 18:24:00', '', 21, 0);
INSERT INTO gallery.tb_admin (id, username, hashed_pwd, gmt_create, gmt_modified, remark, role_id, brand_id) VALUES (34, '张正夫', 'e10adc3949ba59abbe56e057f20f883e', '2018-12-17 18:25:39', '2018-12-17 18:25:45', '', 23, 0);
INSERT INTO gallery.tb_admin (id, username, hashed_pwd, gmt_create, gmt_modified, remark, role_id, brand_id) VALUES (35, '罗帅', 'e10adc3949ba59abbe56e057f20f883e', '2018-12-17 18:27:18', '2018-12-17 18:27:22', '', 24, 0);
INSERT INTO gallery.tb_admin (id, username, hashed_pwd, gmt_create, gmt_modified, remark, role_id, brand_id) VALUES (36, 'chenanyan', 'e10adc3949ba59abbe56e057f20f883e', '2019-01-14 18:06:12', '2019-01-14 18:06:12', '', 11, 15);
INSERT INTO gallery.tb_admin (id, username, hashed_pwd, gmt_create, gmt_modified, remark, role_id, brand_id) VALUES (38, 'ceshizhuanyong', 'e10adc3949ba59abbe56e057f20f883e', '2019-01-15 19:14:29', '2019-03-15 21:21:21', '', 11, 1);
INSERT INTO gallery.tb_admin (id, username, hashed_pwd, gmt_create, gmt_modified, remark, role_id, brand_id) VALUES (39, '潮牌运营账号', 'e10adc3949ba59abbe56e057f20f883e', '2019-02-12 17:25:31', '2019-02-12 17:25:31', '', 11, 18);
INSERT INTO gallery.tb_admin (id, username, hashed_pwd, gmt_create, gmt_modified, remark, role_id, brand_id) VALUES (40, 'huoxing01', 'e10adc3949ba59abbe56e057f20f883e', '2019-03-26 17:35:12', '2019-03-26 17:42:37', '', 25, 0);
INSERT INTO gallery.tb_admin (id, username, hashed_pwd, gmt_create, gmt_modified, remark, role_id, brand_id) VALUES (41, 'myztest', 'e10adc3949ba59abbe56e057f20f883e', '2019-04-01 13:57:32', '2019-04-01 13:59:17', '测试专员', 26, 0);
INSERT INTO gallery.tb_admin_menu (id, p_id, menu_name, menu_icon, menu_address, weight, gmt_create, gmt_modified) VALUES (1, 0, '帐号管理', '', '', 100, '2018-10-17 01:28:49', '2018-10-17 01:28:55');
INSERT INTO gallery.tb_admin_menu (id, p_id, menu_name, menu_icon, menu_address, weight, gmt_create, gmt_modified) VALUES (2, 1, '帐号列表', '', '/accountList', 99, '2018-10-17 01:29:27', '2018-10-17 01:29:30');
INSERT INTO gallery.tb_admin_menu (id, p_id, menu_name, menu_icon, menu_address, weight, gmt_create, gmt_modified) VALUES (3, 1, '角色列表', '', '/roleList', 98, '2018-10-17 01:29:48', '2018-10-17 01:29:50');
INSERT INTO gallery.tb_admin_menu (id, p_id, menu_name, menu_icon, menu_address, weight, gmt_create, gmt_modified) VALUES (4, 1, '权限配置', '', '/authorityConfig', 97, '2018-10-17 01:30:10', '2018-10-17 01:30:15');
INSERT INTO gallery.tb_admin_menu (id, p_id, menu_name, menu_icon, menu_address, weight, gmt_create, gmt_modified) VALUES (5, 1, '修改密码', '', '/changePassword', 96, '2018-10-17 01:30:32', '2018-10-17 01:30:35');
INSERT INTO gallery.tb_admin_menu (id, p_id, menu_name, menu_icon, menu_address, weight, gmt_create, gmt_modified) VALUES (6, 1, '品牌帐号', '', '/brandAccount', 95, '2018-10-17 01:30:49', '2018-10-17 01:30:52');
INSERT INTO gallery.tb_admin_menu (id, p_id, menu_name, menu_icon, menu_address, weight, gmt_create, gmt_modified) VALUES (7, 0, '模板管理', '', '', 94, '2018-10-17 01:31:47', '2018-10-17 01:31:49');
INSERT INTO gallery.tb_admin_menu (id, p_id, menu_name, menu_icon, menu_address, weight, gmt_create, gmt_modified) VALUES (8, 7, '模板分类', '', '/templateClass', 93, '2018-10-17 01:32:10', '2018-10-17 01:32:12');
INSERT INTO gallery.tb_admin_menu (id, p_id, menu_name, menu_icon, menu_address, weight, gmt_create, gmt_modified) VALUES (9, 7, '模板标签', '', '/templateTags', 92, '2018-10-17 01:32:30', '2018-10-17 01:32:32');
INSERT INTO gallery.tb_admin_menu (id, p_id, menu_name, menu_icon, menu_address, weight, gmt_create, gmt_modified) VALUES (10, 7, '模板管理', '', '/templateList', 91, '2018-10-17 01:32:58', '2018-10-17 01:33:00');
INSERT INTO gallery.tb_admin_menu (id, p_id, menu_name, menu_icon, menu_address, weight, gmt_create, gmt_modified) VALUES (11, 0, '品牌管理', '', '', 90, '2018-10-17 01:34:01', '2018-10-17 01:34:04');
INSERT INTO gallery.tb_admin_menu (id, p_id, menu_name, menu_icon, menu_address, weight, gmt_create, gmt_modified) VALUES (12, 11, '品牌列表', '', '/brandList', 89, '2018-10-17 02:22:46', '2018-10-17 02:22:49');
INSERT INTO gallery.tb_admin_menu (id, p_id, menu_name, menu_icon, menu_address, weight, gmt_create, gmt_modified) VALUES (13, 11, '品牌模板列表', '', '/brandModleList', 88, '2018-10-17 02:23:07', '2018-10-17 02:23:09');
INSERT INTO gallery.tb_admin_menu (id, p_id, menu_name, menu_icon, menu_address, weight, gmt_create, gmt_modified) VALUES (14, 0, '用户管理', '', '', 87, '2018-10-17 02:23:43', '2018-10-17 02:23:45');
INSERT INTO gallery.tb_admin_menu (id, p_id, menu_name, menu_icon, menu_address, weight, gmt_create, gmt_modified) VALUES (15, 14, '充值消费记录', '', 'rechargeRecordsSet', 86, '2018-10-17 02:24:10', '2018-10-17 02:24:12');
INSERT INTO gallery.tb_admin_menu (id, p_id, menu_name, menu_icon, menu_address, weight, gmt_create, gmt_modified) VALUES (16, 14, '分益提成管理', '', 'thePresentSet', 85, '2018-10-17 02:24:58', '2018-10-17 02:25:00');
INSERT INTO gallery.tb_admin_menu (id, p_id, menu_name, menu_icon, menu_address, weight, gmt_create, gmt_modified) VALUES (17, 0, '系统管理', '', '', 84, '2018-10-17 02:25:26', '2018-10-17 02:25:28');
INSERT INTO gallery.tb_admin_menu (id, p_id, menu_name, menu_icon, menu_address, weight, gmt_create, gmt_modified) VALUES (18, 17, 'banner设置', '', '/bannerSet', 83, '2018-10-17 02:26:01', '2018-10-17 02:26:03');
INSERT INTO gallery.tb_admin_menu (id, p_id, menu_name, menu_icon, menu_address, weight, gmt_create, gmt_modified) VALUES (19, 0, '数据统计', '', '', 82, '2018-10-17 02:26:25', '2018-10-17 02:26:27');
INSERT INTO gallery.tb_admin_menu (id, p_id, menu_name, menu_icon, menu_address, weight, gmt_create, gmt_modified) VALUES (20, 19, '普通模板数据', '', 'commonTemplateSet', 81, '2018-10-17 02:26:49', '2018-10-17 02:26:51');
INSERT INTO gallery.tb_admin_menu (id, p_id, menu_name, menu_icon, menu_address, weight, gmt_create, gmt_modified) VALUES (21, 19, '品牌模板数据', '', 'brandTemplateSet', 80, '2018-10-17 02:27:13', '2018-10-17 02:27:15');
INSERT INTO gallery.tb_admin_menu (id, p_id, menu_name, menu_icon, menu_address, weight, gmt_create, gmt_modified) VALUES (22, 19, '分类数据纵览', '', 'dataOverviewSet', 79, '2018-10-17 02:27:54', '2018-10-17 02:27:57');
INSERT INTO gallery.tb_admin_menu (id, p_id, menu_name, menu_icon, menu_address, weight, gmt_create, gmt_modified) VALUES (23, 0, '品牌激活码', '', '', 78, '2018-10-26 06:08:44', '2018-10-26 06:08:47');
INSERT INTO gallery.tb_admin_menu (id, p_id, menu_name, menu_icon, menu_address, weight, gmt_create, gmt_modified) VALUES (24, 23, '品牌激活码列表', '', 'brandActiveCode', 77, '2018-10-26 06:08:44', '2018-10-26 06:08:47');
INSERT INTO gallery.tb_admin_menu (id, p_id, menu_name, menu_icon, menu_address, weight, gmt_create, gmt_modified) VALUES (25, 14, '用户列表', '', 'wechatUserSet', 87, '2018-10-12 03:45:38', '2018-11-12 03:45:55');
INSERT INTO gallery.tb_admin_menu (id, p_id, menu_name, menu_icon, menu_address, weight, gmt_create, gmt_modified) VALUES (26, 17, 'CDK支付设置', '', '/cdkPaySet', 83, '2018-10-17 02:26:01', '2018-10-17 02:26:03');
INSERT INTO gallery.tb_admin_menu (id, p_id, menu_name, menu_icon, menu_address, weight, gmt_create, gmt_modified) VALUES (27, 11, '展示设置', '', '/showSet', 82, '2018-12-17 02:46:18', '2018-12-17 02:46:26');
INSERT INTO gallery.tb_admin_menu (id, p_id, menu_name, menu_icon, menu_address, weight, gmt_create, gmt_modified) VALUES (28, 11, '品牌图片列表', '', '/brandPicList', 76, '2019-01-08 14:28:18', '2019-01-08 14:28:18');
INSERT INTO gallery.tb_admin_menu (id, p_id, menu_name, menu_icon, menu_address, weight, gmt_create, gmt_modified) VALUES (29, 11, '品牌图片管理', '', '/brandPicManage', 75, '2019-01-08 14:28:18', '2019-01-08 14:28:18');
INSERT INTO gallery.tb_admin_role (id, name, descri, gmt_create, gmt_modified) VALUES (1, '超级管理员', '超级管理员(勿操作)', '2018-11-02 07:37:05', '2018-11-02 07:37:08');
INSERT INTO gallery.tb_admin_role (id, name, descri, gmt_create, gmt_modified) VALUES (8, '测试专员', '测试专用', '2018-10-18 19:11:29', '2018-11-12 09:43:18');
INSERT INTO gallery.tb_admin_role (id, name, descri, gmt_create, gmt_modified) VALUES (9, '运营专员B', '运营', '2018-10-18 19:22:10', '2018-11-12 09:42:53');
INSERT INTO gallery.tb_admin_role (id, name, descri, gmt_create, gmt_modified) VALUES (11, '品牌角色', '品牌账号专', '2018-10-20 19:24:29', '2018-10-26 16:46:24');
INSERT INTO gallery.tb_admin_role (id, name, descri, gmt_create, gmt_modified) VALUES (12, '系统管理员', '管理', '2018-10-26 16:45:40', '2018-11-12 09:43:48');
INSERT INTO gallery.tb_admin_role (id, name, descri, gmt_create, gmt_modified) VALUES (13, '运营专员A', '运营', '2018-10-29 15:43:27', '2018-11-12 09:41:25');
INSERT INTO gallery.tb_admin_role (id, name, descri, gmt_create, gmt_modified) VALUES (15, '文案', '', '2018-11-26 13:50:19', '2018-11-26 13:50:19');
INSERT INTO gallery.tb_admin_role (id, name, descri, gmt_create, gmt_modified) VALUES (16, '总监', '', '2018-11-26 14:36:03', '2018-11-26 14:36:03');
INSERT INTO gallery.tb_admin_role (id, name, descri, gmt_create, gmt_modified) VALUES (17, '设计', '', '2018-11-26 14:36:07', '2018-11-26 14:36:07');
INSERT INTO gallery.tb_admin_role (id, name, descri, gmt_create, gmt_modified) VALUES (18, 'VSCO运营专员', 'VSCO运营专员', '2018-11-30 14:35:11', '2018-11-30 14:35:11');
INSERT INTO gallery.tb_admin_role (id, name, descri, gmt_create, gmt_modified) VALUES (19, '设计师', '设计', '2018-12-14 11:12:52', '2018-12-14 11:12:52');
INSERT INTO gallery.tb_admin_role (id, name, descri, gmt_create, gmt_modified) VALUES (20, '设计模板管理专员', '负责上传和管理模板', '2018-12-17 18:19:51', '2018-12-17 18:19:51');
INSERT INTO gallery.tb_admin_role (id, name, descri, gmt_create, gmt_modified) VALUES (21, '设计总监', '', '2018-12-17 18:23:28', '2018-12-17 18:25:09');
INSERT INTO gallery.tb_admin_role (id, name, descri, gmt_create, gmt_modified) VALUES (23, '文案总监', '', '2018-12-17 18:25:20', '2018-12-17 18:25:20');
INSERT INTO gallery.tb_admin_role (id, name, descri, gmt_create, gmt_modified) VALUES (24, '后台管理专员', '', '2018-12-17 18:27:05', '2018-12-17 18:27:05');
INSERT INTO gallery.tb_admin_role (id, name, descri, gmt_create, gmt_modified) VALUES (25, '模板上传专员', '', '2019-03-26 17:34:35', '2019-03-26 17:34:35');
INSERT INTO gallery.tb_admin_role (id, name, descri, gmt_create, gmt_modified) VALUES (26, '开发测试', '开发测试', '2019-04-01 13:59:02', '2019-04-01 13:59:02');
INSERT INTO gallery.tb_admin_role_menu (id, role_id, menu_id, gmt_create, gmt_modified) VALUES (25, 6, 1, '2018-10-17 15:16:13', '2018-10-17 15:16:13');
INSERT INTO gallery.tb_admin_role_menu (id, role_id, menu_id, gmt_create, gmt_modified) VALUES (26, 6, 2, '2018-10-17 15:16:13', '2018-10-17 15:16:13');
INSERT INTO gallery.tb_admin_role_menu (id, role_id, menu_id, gmt_create, gmt_modified) VALUES (27, 6, 3, '2018-10-17 15:16:13', '2018-10-17 15:16:13');
INSERT INTO gallery.tb_admin_role_menu (id, role_id, menu_id, gmt_create, gmt_modified) VALUES (28, 6, 4, '2018-10-17 15:16:13', '2018-10-17 15:16:13');
INSERT INTO gallery.tb_admin_role_menu (id, role_id, menu_id, gmt_create, gmt_modified) VALUES (29, 6, 5, '2018-10-17 15:16:13', '2018-10-17 15:16:13');
INSERT INTO gallery.tb_admin_role_menu (id, role_id, menu_id, gmt_create, gmt_modified) VALUES (135, 10, 1, '2018-10-26 15:29:36', '2018-10-26 15:29:36');
INSERT INTO gallery.tb_admin_role_menu (id, role_id, menu_id, gmt_create, gmt_modified) VALUES (136, 10, 2, '2018-10-26 15:29:36', '2018-10-26 15:29:36');
INSERT INTO gallery.tb_admin_role_menu (id, role_id, menu_id, gmt_create, gmt_modified) VALUES (137, 10, 3, '2018-10-26 15:29:36', '2018-10-26 15:29:36');
INSERT INTO gallery.tb_admin_role_menu (id, role_id, menu_id, gmt_create, gmt_modified) VALUES (138, 10, 4, '2018-10-26 15:29:36', '2018-10-26 15:29:36');
INSERT INTO gallery.tb_admin_role_menu (id, role_id, menu_id, gmt_create, gmt_modified) VALUES (139, 10, 5, '2018-10-26 15:29:36', '2018-10-26 15:29:36');
INSERT INTO gallery.tb_admin_role_menu (id, role_id, menu_id, gmt_create, gmt_modified) VALUES (140, 10, 6, '2018-10-26 15:29:36', '2018-10-26 15:29:36');
INSERT INTO gallery.tb_admin_role_menu (id, role_id, menu_id, gmt_create, gmt_modified) VALUES (141, 10, 23, '2018-10-26 15:29:36', '2018-10-26 15:29:36');
INSERT INTO gallery.tb_admin_role_menu (id, role_id, menu_id, gmt_create, gmt_modified) VALUES (244, 13, 5, '2018-10-29 16:06:16', '2018-10-29 16:06:16');
INSERT INTO gallery.tb_admin_role_menu (id, role_id, menu_id, gmt_create, gmt_modified) VALUES (245, 13, 6, '2018-10-29 16:06:16', '2018-10-29 16:06:16');
INSERT INTO gallery.tb_admin_role_menu (id, role_id, menu_id, gmt_create, gmt_modified) VALUES (246, 13, 7, '2018-10-29 16:06:16', '2018-10-29 16:06:16');
INSERT INTO gallery.tb_admin_role_menu (id, role_id, menu_id, gmt_create, gmt_modified) VALUES (247, 13, 8, '2018-10-29 16:06:16', '2018-10-29 16:06:16');
INSERT INTO gallery.tb_admin_role_menu (id, role_id, menu_id, gmt_create, gmt_modified) VALUES (248, 13, 9, '2018-10-29 16:06:16', '2018-10-29 16:06:16');
INSERT INTO gallery.tb_admin_role_menu (id, role_id, menu_id, gmt_create, gmt_modified) VALUES (249, 13, 10, '2018-10-29 16:06:16', '2018-10-29 16:06:16');
INSERT INTO gallery.tb_admin_role_menu (id, role_id, menu_id, gmt_create, gmt_modified) VALUES (250, 13, 11, '2018-10-29 16:06:16', '2018-10-29 16:06:16');
INSERT INTO gallery.tb_admin_role_menu (id, role_id, menu_id, gmt_create, gmt_modified) VALUES (251, 13, 12, '2018-10-29 16:06:16', '2018-10-29 16:06:16');
INSERT INTO gallery.tb_admin_role_menu (id, role_id, menu_id, gmt_create, gmt_modified) VALUES (252, 13, 13, '2018-10-29 16:06:16', '2018-10-29 16:06:16');
INSERT INTO gallery.tb_admin_role_menu (id, role_id, menu_id, gmt_create, gmt_modified) VALUES (253, 13, 14, '2018-10-29 16:06:16', '2018-10-29 16:06:16');
INSERT INTO gallery.tb_admin_role_menu (id, role_id, menu_id, gmt_create, gmt_modified) VALUES (254, 13, 15, '2018-10-29 16:06:16', '2018-10-29 16:06:16');
INSERT INTO gallery.tb_admin_role_menu (id, role_id, menu_id, gmt_create, gmt_modified) VALUES (255, 13, 16, '2018-10-29 16:06:16', '2018-10-29 16:06:16');
INSERT INTO gallery.tb_admin_role_menu (id, role_id, menu_id, gmt_create, gmt_modified) VALUES (256, 13, 17, '2018-10-29 16:06:16', '2018-10-29 16:06:16');
INSERT INTO gallery.tb_admin_role_menu (id, role_id, menu_id, gmt_create, gmt_modified) VALUES (257, 13, 18, '2018-10-29 16:06:16', '2018-10-29 16:06:16');
INSERT INTO gallery.tb_admin_role_menu (id, role_id, menu_id, gmt_create, gmt_modified) VALUES (258, 13, 19, '2018-10-29 16:06:16', '2018-10-29 16:06:16');
INSERT INTO gallery.tb_admin_role_menu (id, role_id, menu_id, gmt_create, gmt_modified) VALUES (259, 13, 20, '2018-10-29 16:06:16', '2018-10-29 16:06:16');
INSERT INTO gallery.tb_admin_role_menu (id, role_id, menu_id, gmt_create, gmt_modified) VALUES (260, 13, 21, '2018-10-29 16:06:16', '2018-10-29 16:06:16');
INSERT INTO gallery.tb_admin_role_menu (id, role_id, menu_id, gmt_create, gmt_modified) VALUES (261, 13, 22, '2018-10-29 16:06:16', '2018-10-29 16:06:16');
INSERT INTO gallery.tb_admin_role_menu (id, role_id, menu_id, gmt_create, gmt_modified) VALUES (262, 13, 23, '2018-10-29 16:06:16', '2018-10-29 16:06:16');
INSERT INTO gallery.tb_admin_role_menu (id, role_id, menu_id, gmt_create, gmt_modified) VALUES (263, 13, 24, '2018-10-29 16:06:16', '2018-10-29 16:06:16');
INSERT INTO gallery.tb_admin_role_menu (id, role_id, menu_id, gmt_create, gmt_modified) VALUES (264, 13, 1, '2018-10-29 16:06:16', '2018-10-29 16:06:16');
INSERT INTO gallery.tb_admin_role_menu (id, role_id, menu_id, gmt_create, gmt_modified) VALUES (265, 9, 5, '2018-11-12 09:49:38', '2018-11-12 09:49:38');
INSERT INTO gallery.tb_admin_role_menu (id, role_id, menu_id, gmt_create, gmt_modified) VALUES (266, 9, 6, '2018-11-12 09:49:38', '2018-11-12 09:49:38');
INSERT INTO gallery.tb_admin_role_menu (id, role_id, menu_id, gmt_create, gmt_modified) VALUES (267, 9, 7, '2018-11-12 09:49:38', '2018-11-12 09:49:38');
INSERT INTO gallery.tb_admin_role_menu (id, role_id, menu_id, gmt_create, gmt_modified) VALUES (268, 9, 8, '2018-11-12 09:49:38', '2018-11-12 09:49:38');
INSERT INTO gallery.tb_admin_role_menu (id, role_id, menu_id, gmt_create, gmt_modified) VALUES (269, 9, 9, '2018-11-12 09:49:38', '2018-11-12 09:49:38');
INSERT INTO gallery.tb_admin_role_menu (id, role_id, menu_id, gmt_create, gmt_modified) VALUES (270, 9, 10, '2018-11-12 09:49:38', '2018-11-12 09:49:38');
INSERT INTO gallery.tb_admin_role_menu (id, role_id, menu_id, gmt_create, gmt_modified) VALUES (271, 9, 11, '2018-11-12 09:49:38', '2018-11-12 09:49:38');
INSERT INTO gallery.tb_admin_role_menu (id, role_id, menu_id, gmt_create, gmt_modified) VALUES (272, 9, 12, '2018-11-12 09:49:38', '2018-11-12 09:49:38');
INSERT INTO gallery.tb_admin_role_menu (id, role_id, menu_id, gmt_create, gmt_modified) VALUES (273, 9, 13, '2018-11-12 09:49:38', '2018-11-12 09:49:38');
INSERT INTO gallery.tb_admin_role_menu (id, role_id, menu_id, gmt_create, gmt_modified) VALUES (274, 9, 14, '2018-11-12 09:49:38', '2018-11-12 09:49:38');
INSERT INTO gallery.tb_admin_role_menu (id, role_id, menu_id, gmt_create, gmt_modified) VALUES (275, 9, 15, '2018-11-12 09:49:38', '2018-11-12 09:49:38');
INSERT INTO gallery.tb_admin_role_menu (id, role_id, menu_id, gmt_create, gmt_modified) VALUES (276, 9, 16, '2018-11-12 09:49:38', '2018-11-12 09:49:38');
INSERT INTO gallery.tb_admin_role_menu (id, role_id, menu_id, gmt_create, gmt_modified) VALUES (277, 9, 17, '2018-11-12 09:49:38', '2018-11-12 09:49:38');
INSERT INTO gallery.tb_admin_role_menu (id, role_id, menu_id, gmt_create, gmt_modified) VALUES (278, 9, 18, '2018-11-12 09:49:38', '2018-11-12 09:49:38');
INSERT INTO gallery.tb_admin_role_menu (id, role_id, menu_id, gmt_create, gmt_modified) VALUES (279, 9, 19, '2018-11-12 09:49:38', '2018-11-12 09:49:38');
INSERT INTO gallery.tb_admin_role_menu (id, role_id, menu_id, gmt_create, gmt_modified) VALUES (280, 9, 20, '2018-11-12 09:49:38', '2018-11-12 09:49:38');
INSERT INTO gallery.tb_admin_role_menu (id, role_id, menu_id, gmt_create, gmt_modified) VALUES (281, 9, 21, '2018-11-12 09:49:38', '2018-11-12 09:49:38');
INSERT INTO gallery.tb_admin_role_menu (id, role_id, menu_id, gmt_create, gmt_modified) VALUES (282, 9, 22, '2018-11-12 09:49:38', '2018-11-12 09:49:38');
INSERT INTO gallery.tb_admin_role_menu (id, role_id, menu_id, gmt_create, gmt_modified) VALUES (283, 9, 23, '2018-11-12 09:49:38', '2018-11-12 09:49:38');
INSERT INTO gallery.tb_admin_role_menu (id, role_id, menu_id, gmt_create, gmt_modified) VALUES (284, 9, 24, '2018-11-12 09:49:38', '2018-11-12 09:49:38');
INSERT INTO gallery.tb_admin_role_menu (id, role_id, menu_id, gmt_create, gmt_modified) VALUES (285, 9, 1, '2018-11-12 09:49:38', '2018-11-12 09:49:38');
INSERT INTO gallery.tb_admin_role_menu (id, role_id, menu_id, gmt_create, gmt_modified) VALUES (286, 12, 1, '2018-11-12 09:51:20', '2018-11-12 09:51:20');
INSERT INTO gallery.tb_admin_role_menu (id, role_id, menu_id, gmt_create, gmt_modified) VALUES (287, 12, 2, '2018-11-12 09:51:20', '2018-11-12 09:51:20');
INSERT INTO gallery.tb_admin_role_menu (id, role_id, menu_id, gmt_create, gmt_modified) VALUES (288, 12, 3, '2018-11-12 09:51:20', '2018-11-12 09:51:20');
INSERT INTO gallery.tb_admin_role_menu (id, role_id, menu_id, gmt_create, gmt_modified) VALUES (289, 12, 4, '2018-11-12 09:51:20', '2018-11-12 09:51:20');
INSERT INTO gallery.tb_admin_role_menu (id, role_id, menu_id, gmt_create, gmt_modified) VALUES (290, 12, 5, '2018-11-12 09:51:20', '2018-11-12 09:51:20');
INSERT INTO gallery.tb_admin_role_menu (id, role_id, menu_id, gmt_create, gmt_modified) VALUES (291, 12, 6, '2018-11-12 09:51:20', '2018-11-12 09:51:20');
INSERT INTO gallery.tb_admin_role_menu (id, role_id, menu_id, gmt_create, gmt_modified) VALUES (292, 12, 11, '2018-11-12 09:51:20', '2018-11-12 09:51:20');
INSERT INTO gallery.tb_admin_role_menu (id, role_id, menu_id, gmt_create, gmt_modified) VALUES (293, 12, 12, '2018-11-12 09:51:20', '2018-11-12 09:51:20');
INSERT INTO gallery.tb_admin_role_menu (id, role_id, menu_id, gmt_create, gmt_modified) VALUES (294, 12, 13, '2018-11-12 09:51:20', '2018-11-12 09:51:20');
INSERT INTO gallery.tb_admin_role_menu (id, role_id, menu_id, gmt_create, gmt_modified) VALUES (295, 12, 14, '2018-11-12 09:51:20', '2018-11-12 09:51:20');
INSERT INTO gallery.tb_admin_role_menu (id, role_id, menu_id, gmt_create, gmt_modified) VALUES (296, 12, 15, '2018-11-12 09:51:20', '2018-11-12 09:51:20');
INSERT INTO gallery.tb_admin_role_menu (id, role_id, menu_id, gmt_create, gmt_modified) VALUES (297, 12, 16, '2018-11-12 09:51:20', '2018-11-12 09:51:20');
INSERT INTO gallery.tb_admin_role_menu (id, role_id, menu_id, gmt_create, gmt_modified) VALUES (298, 12, 17, '2018-11-12 09:51:20', '2018-11-12 09:51:20');
INSERT INTO gallery.tb_admin_role_menu (id, role_id, menu_id, gmt_create, gmt_modified) VALUES (299, 12, 18, '2018-11-12 09:51:20', '2018-11-12 09:51:20');
INSERT INTO gallery.tb_admin_role_menu (id, role_id, menu_id, gmt_create, gmt_modified) VALUES (300, 12, 20, '2018-11-12 09:51:20', '2018-11-12 09:51:20');
INSERT INTO gallery.tb_admin_role_menu (id, role_id, menu_id, gmt_create, gmt_modified) VALUES (301, 12, 23, '2018-11-12 09:51:20', '2018-11-12 09:51:20');
INSERT INTO gallery.tb_admin_role_menu (id, role_id, menu_id, gmt_create, gmt_modified) VALUES (302, 12, 24, '2018-11-12 09:51:20', '2018-11-12 09:51:20');
INSERT INTO gallery.tb_admin_role_menu (id, role_id, menu_id, gmt_create, gmt_modified) VALUES (303, 12, 19, '2018-11-12 09:51:20', '2018-11-12 09:51:20');
INSERT INTO gallery.tb_admin_role_menu (id, role_id, menu_id, gmt_create, gmt_modified) VALUES (304, 8, 1, '2018-11-12 09:51:45', '2018-11-12 09:51:45');
INSERT INTO gallery.tb_admin_role_menu (id, role_id, menu_id, gmt_create, gmt_modified) VALUES (305, 8, 2, '2018-11-12 09:51:45', '2018-11-12 09:51:45');
INSERT INTO gallery.tb_admin_role_menu (id, role_id, menu_id, gmt_create, gmt_modified) VALUES (306, 8, 3, '2018-11-12 09:51:45', '2018-11-12 09:51:45');
INSERT INTO gallery.tb_admin_role_menu (id, role_id, menu_id, gmt_create, gmt_modified) VALUES (307, 8, 4, '2018-11-12 09:51:45', '2018-11-12 09:51:45');
INSERT INTO gallery.tb_admin_role_menu (id, role_id, menu_id, gmt_create, gmt_modified) VALUES (308, 8, 5, '2018-11-12 09:51:45', '2018-11-12 09:51:45');
INSERT INTO gallery.tb_admin_role_menu (id, role_id, menu_id, gmt_create, gmt_modified) VALUES (309, 8, 6, '2018-11-12 09:51:45', '2018-11-12 09:51:45');
INSERT INTO gallery.tb_admin_role_menu (id, role_id, menu_id, gmt_create, gmt_modified) VALUES (310, 8, 7, '2018-11-12 09:51:45', '2018-11-12 09:51:45');
INSERT INTO gallery.tb_admin_role_menu (id, role_id, menu_id, gmt_create, gmt_modified) VALUES (311, 8, 8, '2018-11-12 09:51:45', '2018-11-12 09:51:45');
INSERT INTO gallery.tb_admin_role_menu (id, role_id, menu_id, gmt_create, gmt_modified) VALUES (312, 8, 9, '2018-11-12 09:51:45', '2018-11-12 09:51:45');
INSERT INTO gallery.tb_admin_role_menu (id, role_id, menu_id, gmt_create, gmt_modified) VALUES (313, 8, 10, '2018-11-12 09:51:45', '2018-11-12 09:51:45');
INSERT INTO gallery.tb_admin_role_menu (id, role_id, menu_id, gmt_create, gmt_modified) VALUES (314, 8, 11, '2018-11-12 09:51:45', '2018-11-12 09:51:45');
INSERT INTO gallery.tb_admin_role_menu (id, role_id, menu_id, gmt_create, gmt_modified) VALUES (315, 8, 12, '2018-11-12 09:51:45', '2018-11-12 09:51:45');
INSERT INTO gallery.tb_admin_role_menu (id, role_id, menu_id, gmt_create, gmt_modified) VALUES (316, 8, 13, '2018-11-12 09:51:45', '2018-11-12 09:51:45');
INSERT INTO gallery.tb_admin_role_menu (id, role_id, menu_id, gmt_create, gmt_modified) VALUES (317, 8, 14, '2018-11-12 09:51:45', '2018-11-12 09:51:45');
INSERT INTO gallery.tb_admin_role_menu (id, role_id, menu_id, gmt_create, gmt_modified) VALUES (318, 8, 15, '2018-11-12 09:51:45', '2018-11-12 09:51:45');
INSERT INTO gallery.tb_admin_role_menu (id, role_id, menu_id, gmt_create, gmt_modified) VALUES (319, 8, 16, '2018-11-12 09:51:45', '2018-11-12 09:51:45');
INSERT INTO gallery.tb_admin_role_menu (id, role_id, menu_id, gmt_create, gmt_modified) VALUES (320, 8, 17, '2018-11-12 09:51:45', '2018-11-12 09:51:45');
INSERT INTO gallery.tb_admin_role_menu (id, role_id, menu_id, gmt_create, gmt_modified) VALUES (321, 8, 18, '2018-11-12 09:51:45', '2018-11-12 09:51:45');
INSERT INTO gallery.tb_admin_role_menu (id, role_id, menu_id, gmt_create, gmt_modified) VALUES (322, 8, 19, '2018-11-12 09:51:45', '2018-11-12 09:51:45');
INSERT INTO gallery.tb_admin_role_menu (id, role_id, menu_id, gmt_create, gmt_modified) VALUES (323, 8, 20, '2018-11-12 09:51:45', '2018-11-12 09:51:45');
INSERT INTO gallery.tb_admin_role_menu (id, role_id, menu_id, gmt_create, gmt_modified) VALUES (324, 8, 21, '2018-11-12 09:51:45', '2018-11-12 09:51:45');
INSERT INTO gallery.tb_admin_role_menu (id, role_id, menu_id, gmt_create, gmt_modified) VALUES (325, 8, 22, '2018-11-12 09:51:45', '2018-11-12 09:51:45');
INSERT INTO gallery.tb_admin_role_menu (id, role_id, menu_id, gmt_create, gmt_modified) VALUES (326, 8, 23, '2018-11-12 09:51:45', '2018-11-12 09:51:45');
INSERT INTO gallery.tb_admin_role_menu (id, role_id, menu_id, gmt_create, gmt_modified) VALUES (327, 8, 24, '2018-11-12 09:51:45', '2018-11-12 09:51:45');
INSERT INTO gallery.tb_admin_role_menu (id, role_id, menu_id, gmt_create, gmt_modified) VALUES (351, 14, 14, '2018-11-26 13:45:32', '2018-11-26 13:45:32');
INSERT INTO gallery.tb_admin_role_menu (id, role_id, menu_id, gmt_create, gmt_modified) VALUES (352, 14, 15, '2018-11-26 13:45:32', '2018-11-26 13:45:32');
INSERT INTO gallery.tb_admin_role_menu (id, role_id, menu_id, gmt_create, gmt_modified) VALUES (353, 14, 16, '2018-11-26 13:45:32', '2018-11-26 13:45:32');
INSERT INTO gallery.tb_admin_role_menu (id, role_id, menu_id, gmt_create, gmt_modified) VALUES (354, 14, 25, '2018-11-26 13:45:32', '2018-11-26 13:45:32');
INSERT INTO gallery.tb_admin_role_menu (id, role_id, menu_id, gmt_create, gmt_modified) VALUES (355, 14, 17, '2018-11-26 13:45:32', '2018-11-26 13:45:32');
INSERT INTO gallery.tb_admin_role_menu (id, role_id, menu_id, gmt_create, gmt_modified) VALUES (356, 14, 18, '2018-11-26 13:45:32', '2018-11-26 13:45:32');
INSERT INTO gallery.tb_admin_role_menu (id, role_id, menu_id, gmt_create, gmt_modified) VALUES (357, 14, 19, '2018-11-26 13:45:33', '2018-11-26 13:45:33');
INSERT INTO gallery.tb_admin_role_menu (id, role_id, menu_id, gmt_create, gmt_modified) VALUES (358, 14, 20, '2018-11-26 13:45:33', '2018-11-26 13:45:33');
INSERT INTO gallery.tb_admin_role_menu (id, role_id, menu_id, gmt_create, gmt_modified) VALUES (359, 14, 21, '2018-11-26 13:45:33', '2018-11-26 13:45:33');
INSERT INTO gallery.tb_admin_role_menu (id, role_id, menu_id, gmt_create, gmt_modified) VALUES (360, 14, 22, '2018-11-26 13:45:33', '2018-11-26 13:45:33');
INSERT INTO gallery.tb_admin_role_menu (id, role_id, menu_id, gmt_create, gmt_modified) VALUES (361, 16, 1, '2018-11-26 14:51:44', '2018-11-26 14:51:44');
INSERT INTO gallery.tb_admin_role_menu (id, role_id, menu_id, gmt_create, gmt_modified) VALUES (362, 16, 2, '2018-11-26 14:51:44', '2018-11-26 14:51:44');
INSERT INTO gallery.tb_admin_role_menu (id, role_id, menu_id, gmt_create, gmt_modified) VALUES (363, 16, 3, '2018-11-26 14:51:44', '2018-11-26 14:51:44');
INSERT INTO gallery.tb_admin_role_menu (id, role_id, menu_id, gmt_create, gmt_modified) VALUES (364, 16, 4, '2018-11-26 14:51:44', '2018-11-26 14:51:44');
INSERT INTO gallery.tb_admin_role_menu (id, role_id, menu_id, gmt_create, gmt_modified) VALUES (365, 16, 5, '2018-11-26 14:51:44', '2018-11-26 14:51:44');
INSERT INTO gallery.tb_admin_role_menu (id, role_id, menu_id, gmt_create, gmt_modified) VALUES (366, 16, 6, '2018-11-26 14:51:44', '2018-11-26 14:51:44');
INSERT INTO gallery.tb_admin_role_menu (id, role_id, menu_id, gmt_create, gmt_modified) VALUES (367, 16, 7, '2018-11-26 14:51:44', '2018-11-26 14:51:44');
INSERT INTO gallery.tb_admin_role_menu (id, role_id, menu_id, gmt_create, gmt_modified) VALUES (368, 16, 8, '2018-11-26 14:51:44', '2018-11-26 14:51:44');
INSERT INTO gallery.tb_admin_role_menu (id, role_id, menu_id, gmt_create, gmt_modified) VALUES (369, 16, 9, '2018-11-26 14:51:44', '2018-11-26 14:51:44');
INSERT INTO gallery.tb_admin_role_menu (id, role_id, menu_id, gmt_create, gmt_modified) VALUES (370, 16, 10, '2018-11-26 14:51:44', '2018-11-26 14:51:44');
INSERT INTO gallery.tb_admin_role_menu (id, role_id, menu_id, gmt_create, gmt_modified) VALUES (371, 16, 11, '2018-11-26 14:51:44', '2018-11-26 14:51:44');
INSERT INTO gallery.tb_admin_role_menu (id, role_id, menu_id, gmt_create, gmt_modified) VALUES (372, 16, 12, '2018-11-26 14:51:44', '2018-11-26 14:51:44');
INSERT INTO gallery.tb_admin_role_menu (id, role_id, menu_id, gmt_create, gmt_modified) VALUES (373, 16, 13, '2018-11-26 14:51:44', '2018-11-26 14:51:44');
INSERT INTO gallery.tb_admin_role_menu (id, role_id, menu_id, gmt_create, gmt_modified) VALUES (374, 16, 14, '2018-11-26 14:51:44', '2018-11-26 14:51:44');
INSERT INTO gallery.tb_admin_role_menu (id, role_id, menu_id, gmt_create, gmt_modified) VALUES (375, 16, 15, '2018-11-26 14:51:44', '2018-11-26 14:51:44');
INSERT INTO gallery.tb_admin_role_menu (id, role_id, menu_id, gmt_create, gmt_modified) VALUES (376, 16, 16, '2018-11-26 14:51:44', '2018-11-26 14:51:44');
INSERT INTO gallery.tb_admin_role_menu (id, role_id, menu_id, gmt_create, gmt_modified) VALUES (377, 16, 25, '2018-11-26 14:51:44', '2018-11-26 14:51:44');
INSERT INTO gallery.tb_admin_role_menu (id, role_id, menu_id, gmt_create, gmt_modified) VALUES (378, 16, 17, '2018-11-26 14:51:44', '2018-11-26 14:51:44');
INSERT INTO gallery.tb_admin_role_menu (id, role_id, menu_id, gmt_create, gmt_modified) VALUES (379, 16, 18, '2018-11-26 14:51:44', '2018-11-26 14:51:44');
INSERT INTO gallery.tb_admin_role_menu (id, role_id, menu_id, gmt_create, gmt_modified) VALUES (380, 16, 19, '2018-11-26 14:51:44', '2018-11-26 14:51:44');
INSERT INTO gallery.tb_admin_role_menu (id, role_id, menu_id, gmt_create, gmt_modified) VALUES (381, 16, 20, '2018-11-26 14:51:44', '2018-11-26 14:51:44');
INSERT INTO gallery.tb_admin_role_menu (id, role_id, menu_id, gmt_create, gmt_modified) VALUES (382, 16, 21, '2018-11-26 14:51:44', '2018-11-26 14:51:44');
INSERT INTO gallery.tb_admin_role_menu (id, role_id, menu_id, gmt_create, gmt_modified) VALUES (383, 16, 22, '2018-11-26 14:51:44', '2018-11-26 14:51:44');
INSERT INTO gallery.tb_admin_role_menu (id, role_id, menu_id, gmt_create, gmt_modified) VALUES (384, 16, 23, '2018-11-26 14:51:44', '2018-11-26 14:51:44');
INSERT INTO gallery.tb_admin_role_menu (id, role_id, menu_id, gmt_create, gmt_modified) VALUES (385, 16, 24, '2018-11-26 14:51:44', '2018-11-26 14:51:44');
INSERT INTO gallery.tb_admin_role_menu (id, role_id, menu_id, gmt_create, gmt_modified) VALUES (437, 19, 2, '2018-12-14 11:22:32', '2018-12-14 11:22:32');
INSERT INTO gallery.tb_admin_role_menu (id, role_id, menu_id, gmt_create, gmt_modified) VALUES (438, 19, 5, '2018-12-14 11:22:32', '2018-12-14 11:22:32');
INSERT INTO gallery.tb_admin_role_menu (id, role_id, menu_id, gmt_create, gmt_modified) VALUES (439, 19, 7, '2018-12-14 11:22:32', '2018-12-14 11:22:32');
INSERT INTO gallery.tb_admin_role_menu (id, role_id, menu_id, gmt_create, gmt_modified) VALUES (440, 19, 8, '2018-12-14 11:22:32', '2018-12-14 11:22:32');
INSERT INTO gallery.tb_admin_role_menu (id, role_id, menu_id, gmt_create, gmt_modified) VALUES (441, 19, 9, '2018-12-14 11:22:32', '2018-12-14 11:22:32');
INSERT INTO gallery.tb_admin_role_menu (id, role_id, menu_id, gmt_create, gmt_modified) VALUES (442, 19, 10, '2018-12-14 11:22:32', '2018-12-14 11:22:32');
INSERT INTO gallery.tb_admin_role_menu (id, role_id, menu_id, gmt_create, gmt_modified) VALUES (443, 19, 13, '2018-12-14 11:22:32', '2018-12-14 11:22:32');
INSERT INTO gallery.tb_admin_role_menu (id, role_id, menu_id, gmt_create, gmt_modified) VALUES (444, 19, 18, '2018-12-14 11:22:32', '2018-12-14 11:22:32');
INSERT INTO gallery.tb_admin_role_menu (id, role_id, menu_id, gmt_create, gmt_modified) VALUES (445, 19, 19, '2018-12-14 11:22:32', '2018-12-14 11:22:32');
INSERT INTO gallery.tb_admin_role_menu (id, role_id, menu_id, gmt_create, gmt_modified) VALUES (446, 19, 20, '2018-12-14 11:22:32', '2018-12-14 11:22:32');
INSERT INTO gallery.tb_admin_role_menu (id, role_id, menu_id, gmt_create, gmt_modified) VALUES (447, 19, 21, '2018-12-14 11:22:32', '2018-12-14 11:22:32');
INSERT INTO gallery.tb_admin_role_menu (id, role_id, menu_id, gmt_create, gmt_modified) VALUES (448, 19, 22, '2018-12-14 11:22:32', '2018-12-14 11:22:32');
INSERT INTO gallery.tb_admin_role_menu (id, role_id, menu_id, gmt_create, gmt_modified) VALUES (449, 19, 1, '2018-12-14 11:22:32', '2018-12-14 11:22:32');
INSERT INTO gallery.tb_admin_role_menu (id, role_id, menu_id, gmt_create, gmt_modified) VALUES (450, 19, 11, '2018-12-14 11:22:32', '2018-12-14 11:22:32');
INSERT INTO gallery.tb_admin_role_menu (id, role_id, menu_id, gmt_create, gmt_modified) VALUES (451, 19, 17, '2018-12-14 11:22:32', '2018-12-14 11:22:32');
INSERT INTO gallery.tb_admin_role_menu (id, role_id, menu_id, gmt_create, gmt_modified) VALUES (479, 24, 1, '2018-12-17 18:27:39', '2018-12-17 18:27:39');
INSERT INTO gallery.tb_admin_role_menu (id, role_id, menu_id, gmt_create, gmt_modified) VALUES (480, 24, 2, '2018-12-17 18:27:39', '2018-12-17 18:27:39');
INSERT INTO gallery.tb_admin_role_menu (id, role_id, menu_id, gmt_create, gmt_modified) VALUES (481, 24, 3, '2018-12-17 18:27:39', '2018-12-17 18:27:39');
INSERT INTO gallery.tb_admin_role_menu (id, role_id, menu_id, gmt_create, gmt_modified) VALUES (482, 24, 4, '2018-12-17 18:27:39', '2018-12-17 18:27:39');
INSERT INTO gallery.tb_admin_role_menu (id, role_id, menu_id, gmt_create, gmt_modified) VALUES (483, 24, 5, '2018-12-17 18:27:39', '2018-12-17 18:27:39');
INSERT INTO gallery.tb_admin_role_menu (id, role_id, menu_id, gmt_create, gmt_modified) VALUES (484, 24, 6, '2018-12-17 18:27:39', '2018-12-17 18:27:39');
INSERT INTO gallery.tb_admin_role_menu (id, role_id, menu_id, gmt_create, gmt_modified) VALUES (485, 24, 7, '2018-12-17 18:27:39', '2018-12-17 18:27:39');
INSERT INTO gallery.tb_admin_role_menu (id, role_id, menu_id, gmt_create, gmt_modified) VALUES (486, 24, 8, '2018-12-17 18:27:39', '2018-12-17 18:27:39');
INSERT INTO gallery.tb_admin_role_menu (id, role_id, menu_id, gmt_create, gmt_modified) VALUES (487, 24, 9, '2018-12-17 18:27:39', '2018-12-17 18:27:39');
INSERT INTO gallery.tb_admin_role_menu (id, role_id, menu_id, gmt_create, gmt_modified) VALUES (488, 24, 10, '2018-12-17 18:27:39', '2018-12-17 18:27:39');
INSERT INTO gallery.tb_admin_role_menu (id, role_id, menu_id, gmt_create, gmt_modified) VALUES (489, 24, 11, '2018-12-17 18:27:39', '2018-12-17 18:27:39');
INSERT INTO gallery.tb_admin_role_menu (id, role_id, menu_id, gmt_create, gmt_modified) VALUES (490, 24, 12, '2018-12-17 18:27:39', '2018-12-17 18:27:39');
INSERT INTO gallery.tb_admin_role_menu (id, role_id, menu_id, gmt_create, gmt_modified) VALUES (491, 24, 13, '2018-12-17 18:27:39', '2018-12-17 18:27:39');
INSERT INTO gallery.tb_admin_role_menu (id, role_id, menu_id, gmt_create, gmt_modified) VALUES (492, 24, 27, '2018-12-17 18:27:39', '2018-12-17 18:27:39');
INSERT INTO gallery.tb_admin_role_menu (id, role_id, menu_id, gmt_create, gmt_modified) VALUES (493, 24, 14, '2018-12-17 18:27:39', '2018-12-17 18:27:39');
INSERT INTO gallery.tb_admin_role_menu (id, role_id, menu_id, gmt_create, gmt_modified) VALUES (494, 24, 15, '2018-12-17 18:27:39', '2018-12-17 18:27:39');
INSERT INTO gallery.tb_admin_role_menu (id, role_id, menu_id, gmt_create, gmt_modified) VALUES (495, 24, 16, '2018-12-17 18:27:39', '2018-12-17 18:27:39');
INSERT INTO gallery.tb_admin_role_menu (id, role_id, menu_id, gmt_create, gmt_modified) VALUES (496, 24, 25, '2018-12-17 18:27:39', '2018-12-17 18:27:39');
INSERT INTO gallery.tb_admin_role_menu (id, role_id, menu_id, gmt_create, gmt_modified) VALUES (497, 24, 17, '2018-12-17 18:27:39', '2018-12-17 18:27:39');
INSERT INTO gallery.tb_admin_role_menu (id, role_id, menu_id, gmt_create, gmt_modified) VALUES (498, 24, 18, '2018-12-17 18:27:39', '2018-12-17 18:27:39');
INSERT INTO gallery.tb_admin_role_menu (id, role_id, menu_id, gmt_create, gmt_modified) VALUES (499, 24, 26, '2018-12-17 18:27:39', '2018-12-17 18:27:39');
INSERT INTO gallery.tb_admin_role_menu (id, role_id, menu_id, gmt_create, gmt_modified) VALUES (500, 24, 19, '2018-12-17 18:27:39', '2018-12-17 18:27:39');
INSERT INTO gallery.tb_admin_role_menu (id, role_id, menu_id, gmt_create, gmt_modified) VALUES (501, 24, 20, '2018-12-17 18:27:39', '2018-12-17 18:27:39');
INSERT INTO gallery.tb_admin_role_menu (id, role_id, menu_id, gmt_create, gmt_modified) VALUES (502, 24, 21, '2018-12-17 18:27:39', '2018-12-17 18:27:39');
INSERT INTO gallery.tb_admin_role_menu (id, role_id, menu_id, gmt_create, gmt_modified) VALUES (503, 24, 22, '2018-12-17 18:27:39', '2018-12-17 18:27:39');
INSERT INTO gallery.tb_admin_role_menu (id, role_id, menu_id, gmt_create, gmt_modified) VALUES (504, 24, 23, '2018-12-17 18:27:39', '2018-12-17 18:27:39');
INSERT INTO gallery.tb_admin_role_menu (id, role_id, menu_id, gmt_create, gmt_modified) VALUES (505, 24, 24, '2018-12-17 18:27:39', '2018-12-17 18:27:39');
INSERT INTO gallery.tb_admin_role_menu (id, role_id, menu_id, gmt_create, gmt_modified) VALUES (506, 20, 1, '2018-12-17 18:27:48', '2018-12-17 18:27:48');
INSERT INTO gallery.tb_admin_role_menu (id, role_id, menu_id, gmt_create, gmt_modified) VALUES (507, 20, 2, '2018-12-17 18:27:48', '2018-12-17 18:27:48');
INSERT INTO gallery.tb_admin_role_menu (id, role_id, menu_id, gmt_create, gmt_modified) VALUES (508, 20, 3, '2018-12-17 18:27:48', '2018-12-17 18:27:48');
INSERT INTO gallery.tb_admin_role_menu (id, role_id, menu_id, gmt_create, gmt_modified) VALUES (509, 20, 4, '2018-12-17 18:27:48', '2018-12-17 18:27:48');
INSERT INTO gallery.tb_admin_role_menu (id, role_id, menu_id, gmt_create, gmt_modified) VALUES (510, 20, 5, '2018-12-17 18:27:48', '2018-12-17 18:27:48');
INSERT INTO gallery.tb_admin_role_menu (id, role_id, menu_id, gmt_create, gmt_modified) VALUES (511, 20, 6, '2018-12-17 18:27:48', '2018-12-17 18:27:48');
INSERT INTO gallery.tb_admin_role_menu (id, role_id, menu_id, gmt_create, gmt_modified) VALUES (512, 20, 7, '2018-12-17 18:27:49', '2018-12-17 18:27:49');
INSERT INTO gallery.tb_admin_role_menu (id, role_id, menu_id, gmt_create, gmt_modified) VALUES (513, 20, 8, '2018-12-17 18:27:49', '2018-12-17 18:27:49');
INSERT INTO gallery.tb_admin_role_menu (id, role_id, menu_id, gmt_create, gmt_modified) VALUES (514, 20, 9, '2018-12-17 18:27:49', '2018-12-17 18:27:49');
INSERT INTO gallery.tb_admin_role_menu (id, role_id, menu_id, gmt_create, gmt_modified) VALUES (515, 20, 10, '2018-12-17 18:27:49', '2018-12-17 18:27:49');
INSERT INTO gallery.tb_admin_role_menu (id, role_id, menu_id, gmt_create, gmt_modified) VALUES (516, 20, 11, '2018-12-17 18:27:49', '2018-12-17 18:27:49');
INSERT INTO gallery.tb_admin_role_menu (id, role_id, menu_id, gmt_create, gmt_modified) VALUES (517, 20, 12, '2018-12-17 18:27:49', '2018-12-17 18:27:49');
INSERT INTO gallery.tb_admin_role_menu (id, role_id, menu_id, gmt_create, gmt_modified) VALUES (518, 20, 13, '2018-12-17 18:27:49', '2018-12-17 18:27:49');
INSERT INTO gallery.tb_admin_role_menu (id, role_id, menu_id, gmt_create, gmt_modified) VALUES (519, 20, 27, '2018-12-17 18:27:49', '2018-12-17 18:27:49');
INSERT INTO gallery.tb_admin_role_menu (id, role_id, menu_id, gmt_create, gmt_modified) VALUES (520, 20, 14, '2018-12-17 18:27:49', '2018-12-17 18:27:49');
INSERT INTO gallery.tb_admin_role_menu (id, role_id, menu_id, gmt_create, gmt_modified) VALUES (521, 20, 15, '2018-12-17 18:27:49', '2018-12-17 18:27:49');
INSERT INTO gallery.tb_admin_role_menu (id, role_id, menu_id, gmt_create, gmt_modified) VALUES (522, 20, 16, '2018-12-17 18:27:49', '2018-12-17 18:27:49');
INSERT INTO gallery.tb_admin_role_menu (id, role_id, menu_id, gmt_create, gmt_modified) VALUES (523, 20, 25, '2018-12-17 18:27:49', '2018-12-17 18:27:49');
INSERT INTO gallery.tb_admin_role_menu (id, role_id, menu_id, gmt_create, gmt_modified) VALUES (524, 20, 17, '2018-12-17 18:27:49', '2018-12-17 18:27:49');
INSERT INTO gallery.tb_admin_role_menu (id, role_id, menu_id, gmt_create, gmt_modified) VALUES (525, 20, 18, '2018-12-17 18:27:49', '2018-12-17 18:27:49');
INSERT INTO gallery.tb_admin_role_menu (id, role_id, menu_id, gmt_create, gmt_modified) VALUES (526, 20, 26, '2018-12-17 18:27:49', '2018-12-17 18:27:49');
INSERT INTO gallery.tb_admin_role_menu (id, role_id, menu_id, gmt_create, gmt_modified) VALUES (527, 20, 19, '2018-12-17 18:27:49', '2018-12-17 18:27:49');
INSERT INTO gallery.tb_admin_role_menu (id, role_id, menu_id, gmt_create, gmt_modified) VALUES (528, 20, 20, '2018-12-17 18:27:49', '2018-12-17 18:27:49');
INSERT INTO gallery.tb_admin_role_menu (id, role_id, menu_id, gmt_create, gmt_modified) VALUES (529, 20, 21, '2018-12-17 18:27:49', '2018-12-17 18:27:49');
INSERT INTO gallery.tb_admin_role_menu (id, role_id, menu_id, gmt_create, gmt_modified) VALUES (530, 20, 22, '2018-12-17 18:27:49', '2018-12-17 18:27:49');
INSERT INTO gallery.tb_admin_role_menu (id, role_id, menu_id, gmt_create, gmt_modified) VALUES (531, 20, 23, '2018-12-17 18:27:49', '2018-12-17 18:27:49');
INSERT INTO gallery.tb_admin_role_menu (id, role_id, menu_id, gmt_create, gmt_modified) VALUES (532, 20, 24, '2018-12-17 18:27:49', '2018-12-17 18:27:49');
INSERT INTO gallery.tb_admin_role_menu (id, role_id, menu_id, gmt_create, gmt_modified) VALUES (533, 21, 1, '2018-12-17 18:28:03', '2018-12-17 18:28:03');
INSERT INTO gallery.tb_admin_role_menu (id, role_id, menu_id, gmt_create, gmt_modified) VALUES (534, 21, 2, '2018-12-17 18:28:03', '2018-12-17 18:28:03');
INSERT INTO gallery.tb_admin_role_menu (id, role_id, menu_id, gmt_create, gmt_modified) VALUES (535, 21, 3, '2018-12-17 18:28:03', '2018-12-17 18:28:03');
INSERT INTO gallery.tb_admin_role_menu (id, role_id, menu_id, gmt_create, gmt_modified) VALUES (536, 21, 4, '2018-12-17 18:28:03', '2018-12-17 18:28:03');
INSERT INTO gallery.tb_admin_role_menu (id, role_id, menu_id, gmt_create, gmt_modified) VALUES (537, 21, 5, '2018-12-17 18:28:03', '2018-12-17 18:28:03');
INSERT INTO gallery.tb_admin_role_menu (id, role_id, menu_id, gmt_create, gmt_modified) VALUES (538, 21, 6, '2018-12-17 18:28:03', '2018-12-17 18:28:03');
INSERT INTO gallery.tb_admin_role_menu (id, role_id, menu_id, gmt_create, gmt_modified) VALUES (539, 21, 7, '2018-12-17 18:28:03', '2018-12-17 18:28:03');
INSERT INTO gallery.tb_admin_role_menu (id, role_id, menu_id, gmt_create, gmt_modified) VALUES (540, 21, 8, '2018-12-17 18:28:03', '2018-12-17 18:28:03');
INSERT INTO gallery.tb_admin_role_menu (id, role_id, menu_id, gmt_create, gmt_modified) VALUES (541, 21, 9, '2018-12-17 18:28:03', '2018-12-17 18:28:03');
INSERT INTO gallery.tb_admin_role_menu (id, role_id, menu_id, gmt_create, gmt_modified) VALUES (542, 21, 10, '2018-12-17 18:28:03', '2018-12-17 18:28:03');
INSERT INTO gallery.tb_admin_role_menu (id, role_id, menu_id, gmt_create, gmt_modified) VALUES (543, 21, 11, '2018-12-17 18:28:03', '2018-12-17 18:28:03');
INSERT INTO gallery.tb_admin_role_menu (id, role_id, menu_id, gmt_create, gmt_modified) VALUES (544, 21, 12, '2018-12-17 18:28:03', '2018-12-17 18:28:03');
INSERT INTO gallery.tb_admin_role_menu (id, role_id, menu_id, gmt_create, gmt_modified) VALUES (545, 21, 13, '2018-12-17 18:28:03', '2018-12-17 18:28:03');
INSERT INTO gallery.tb_admin_role_menu (id, role_id, menu_id, gmt_create, gmt_modified) VALUES (546, 21, 27, '2018-12-17 18:28:03', '2018-12-17 18:28:03');
INSERT INTO gallery.tb_admin_role_menu (id, role_id, menu_id, gmt_create, gmt_modified) VALUES (547, 21, 14, '2018-12-17 18:28:03', '2018-12-17 18:28:03');
INSERT INTO gallery.tb_admin_role_menu (id, role_id, menu_id, gmt_create, gmt_modified) VALUES (548, 21, 15, '2018-12-17 18:28:03', '2018-12-17 18:28:03');
INSERT INTO gallery.tb_admin_role_menu (id, role_id, menu_id, gmt_create, gmt_modified) VALUES (549, 21, 16, '2018-12-17 18:28:03', '2018-12-17 18:28:03');
INSERT INTO gallery.tb_admin_role_menu (id, role_id, menu_id, gmt_create, gmt_modified) VALUES (550, 21, 25, '2018-12-17 18:28:03', '2018-12-17 18:28:03');
INSERT INTO gallery.tb_admin_role_menu (id, role_id, menu_id, gmt_create, gmt_modified) VALUES (551, 21, 17, '2018-12-17 18:28:03', '2018-12-17 18:28:03');
INSERT INTO gallery.tb_admin_role_menu (id, role_id, menu_id, gmt_create, gmt_modified) VALUES (552, 21, 18, '2018-12-17 18:28:03', '2018-12-17 18:28:03');
INSERT INTO gallery.tb_admin_role_menu (id, role_id, menu_id, gmt_create, gmt_modified) VALUES (553, 21, 26, '2018-12-17 18:28:03', '2018-12-17 18:28:03');
INSERT INTO gallery.tb_admin_role_menu (id, role_id, menu_id, gmt_create, gmt_modified) VALUES (554, 21, 19, '2018-12-17 18:28:03', '2018-12-17 18:28:03');
INSERT INTO gallery.tb_admin_role_menu (id, role_id, menu_id, gmt_create, gmt_modified) VALUES (555, 21, 20, '2018-12-17 18:28:03', '2018-12-17 18:28:03');
INSERT INTO gallery.tb_admin_role_menu (id, role_id, menu_id, gmt_create, gmt_modified) VALUES (556, 21, 21, '2018-12-17 18:28:03', '2018-12-17 18:28:03');
INSERT INTO gallery.tb_admin_role_menu (id, role_id, menu_id, gmt_create, gmt_modified) VALUES (557, 21, 22, '2018-12-17 18:28:03', '2018-12-17 18:28:03');
INSERT INTO gallery.tb_admin_role_menu (id, role_id, menu_id, gmt_create, gmt_modified) VALUES (558, 21, 23, '2018-12-17 18:28:03', '2018-12-17 18:28:03');
INSERT INTO gallery.tb_admin_role_menu (id, role_id, menu_id, gmt_create, gmt_modified) VALUES (559, 21, 24, '2018-12-17 18:28:03', '2018-12-17 18:28:03');
INSERT INTO gallery.tb_admin_role_menu (id, role_id, menu_id, gmt_create, gmt_modified) VALUES (560, 23, 1, '2018-12-17 18:28:18', '2018-12-17 18:28:18');
INSERT INTO gallery.tb_admin_role_menu (id, role_id, menu_id, gmt_create, gmt_modified) VALUES (561, 23, 2, '2018-12-17 18:28:18', '2018-12-17 18:28:18');
INSERT INTO gallery.tb_admin_role_menu (id, role_id, menu_id, gmt_create, gmt_modified) VALUES (562, 23, 3, '2018-12-17 18:28:18', '2018-12-17 18:28:18');
INSERT INTO gallery.tb_admin_role_menu (id, role_id, menu_id, gmt_create, gmt_modified) VALUES (563, 23, 4, '2018-12-17 18:28:18', '2018-12-17 18:28:18');
INSERT INTO gallery.tb_admin_role_menu (id, role_id, menu_id, gmt_create, gmt_modified) VALUES (564, 23, 5, '2018-12-17 18:28:18', '2018-12-17 18:28:18');
INSERT INTO gallery.tb_admin_role_menu (id, role_id, menu_id, gmt_create, gmt_modified) VALUES (565, 23, 6, '2018-12-17 18:28:18', '2018-12-17 18:28:18');
INSERT INTO gallery.tb_admin_role_menu (id, role_id, menu_id, gmt_create, gmt_modified) VALUES (566, 23, 7, '2018-12-17 18:28:18', '2018-12-17 18:28:18');
INSERT INTO gallery.tb_admin_role_menu (id, role_id, menu_id, gmt_create, gmt_modified) VALUES (567, 23, 8, '2018-12-17 18:28:18', '2018-12-17 18:28:18');
INSERT INTO gallery.tb_admin_role_menu (id, role_id, menu_id, gmt_create, gmt_modified) VALUES (568, 23, 9, '2018-12-17 18:28:18', '2018-12-17 18:28:18');
INSERT INTO gallery.tb_admin_role_menu (id, role_id, menu_id, gmt_create, gmt_modified) VALUES (569, 23, 10, '2018-12-17 18:28:18', '2018-12-17 18:28:18');
INSERT INTO gallery.tb_admin_role_menu (id, role_id, menu_id, gmt_create, gmt_modified) VALUES (570, 23, 11, '2018-12-17 18:28:18', '2018-12-17 18:28:18');
INSERT INTO gallery.tb_admin_role_menu (id, role_id, menu_id, gmt_create, gmt_modified) VALUES (571, 23, 12, '2018-12-17 18:28:18', '2018-12-17 18:28:18');
INSERT INTO gallery.tb_admin_role_menu (id, role_id, menu_id, gmt_create, gmt_modified) VALUES (572, 23, 13, '2018-12-17 18:28:18', '2018-12-17 18:28:18');
INSERT INTO gallery.tb_admin_role_menu (id, role_id, menu_id, gmt_create, gmt_modified) VALUES (573, 23, 27, '2018-12-17 18:28:18', '2018-12-17 18:28:18');
INSERT INTO gallery.tb_admin_role_menu (id, role_id, menu_id, gmt_create, gmt_modified) VALUES (574, 23, 14, '2018-12-17 18:28:18', '2018-12-17 18:28:18');
INSERT INTO gallery.tb_admin_role_menu (id, role_id, menu_id, gmt_create, gmt_modified) VALUES (575, 23, 15, '2018-12-17 18:28:18', '2018-12-17 18:28:18');
INSERT INTO gallery.tb_admin_role_menu (id, role_id, menu_id, gmt_create, gmt_modified) VALUES (576, 23, 16, '2018-12-17 18:28:18', '2018-12-17 18:28:18');
INSERT INTO gallery.tb_admin_role_menu (id, role_id, menu_id, gmt_create, gmt_modified) VALUES (577, 23, 25, '2018-12-17 18:28:18', '2018-12-17 18:28:18');
INSERT INTO gallery.tb_admin_role_menu (id, role_id, menu_id, gmt_create, gmt_modified) VALUES (578, 23, 17, '2018-12-17 18:28:18', '2018-12-17 18:28:18');
INSERT INTO gallery.tb_admin_role_menu (id, role_id, menu_id, gmt_create, gmt_modified) VALUES (579, 23, 18, '2018-12-17 18:28:18', '2018-12-17 18:28:18');
INSERT INTO gallery.tb_admin_role_menu (id, role_id, menu_id, gmt_create, gmt_modified) VALUES (580, 23, 26, '2018-12-17 18:28:18', '2018-12-17 18:28:18');
INSERT INTO gallery.tb_admin_role_menu (id, role_id, menu_id, gmt_create, gmt_modified) VALUES (581, 23, 19, '2018-12-17 18:28:18', '2018-12-17 18:28:18');
INSERT INTO gallery.tb_admin_role_menu (id, role_id, menu_id, gmt_create, gmt_modified) VALUES (582, 23, 20, '2018-12-17 18:28:18', '2018-12-17 18:28:18');
INSERT INTO gallery.tb_admin_role_menu (id, role_id, menu_id, gmt_create, gmt_modified) VALUES (583, 23, 21, '2018-12-17 18:28:18', '2018-12-17 18:28:18');
INSERT INTO gallery.tb_admin_role_menu (id, role_id, menu_id, gmt_create, gmt_modified) VALUES (584, 23, 22, '2018-12-17 18:28:18', '2018-12-17 18:28:18');
INSERT INTO gallery.tb_admin_role_menu (id, role_id, menu_id, gmt_create, gmt_modified) VALUES (585, 23, 23, '2018-12-17 18:28:18', '2018-12-17 18:28:18');
INSERT INTO gallery.tb_admin_role_menu (id, role_id, menu_id, gmt_create, gmt_modified) VALUES (586, 23, 24, '2018-12-17 18:28:18', '2018-12-17 18:28:18');
INSERT INTO gallery.tb_admin_role_menu (id, role_id, menu_id, gmt_create, gmt_modified) VALUES (847, 1, 1, '2019-03-06 14:49:08', '2019-03-06 14:49:08');
INSERT INTO gallery.tb_admin_role_menu (id, role_id, menu_id, gmt_create, gmt_modified) VALUES (848, 1, 2, '2019-03-06 14:49:08', '2019-03-06 14:49:08');
INSERT INTO gallery.tb_admin_role_menu (id, role_id, menu_id, gmt_create, gmt_modified) VALUES (849, 1, 3, '2019-03-06 14:49:08', '2019-03-06 14:49:08');
INSERT INTO gallery.tb_admin_role_menu (id, role_id, menu_id, gmt_create, gmt_modified) VALUES (850, 1, 4, '2019-03-06 14:49:08', '2019-03-06 14:49:08');
INSERT INTO gallery.tb_admin_role_menu (id, role_id, menu_id, gmt_create, gmt_modified) VALUES (851, 1, 5, '2019-03-06 14:49:08', '2019-03-06 14:49:08');
INSERT INTO gallery.tb_admin_role_menu (id, role_id, menu_id, gmt_create, gmt_modified) VALUES (852, 1, 6, '2019-03-06 14:49:08', '2019-03-06 14:49:08');
INSERT INTO gallery.tb_admin_role_menu (id, role_id, menu_id, gmt_create, gmt_modified) VALUES (853, 1, 7, '2019-03-06 14:49:08', '2019-03-06 14:49:08');
INSERT INTO gallery.tb_admin_role_menu (id, role_id, menu_id, gmt_create, gmt_modified) VALUES (854, 1, 8, '2019-03-06 14:49:08', '2019-03-06 14:49:08');
INSERT INTO gallery.tb_admin_role_menu (id, role_id, menu_id, gmt_create, gmt_modified) VALUES (855, 1, 9, '2019-03-06 14:49:08', '2019-03-06 14:49:08');
INSERT INTO gallery.tb_admin_role_menu (id, role_id, menu_id, gmt_create, gmt_modified) VALUES (856, 1, 10, '2019-03-06 14:49:08', '2019-03-06 14:49:08');
INSERT INTO gallery.tb_admin_role_menu (id, role_id, menu_id, gmt_create, gmt_modified) VALUES (857, 1, 12, '2019-03-06 14:49:08', '2019-03-06 14:49:08');
INSERT INTO gallery.tb_admin_role_menu (id, role_id, menu_id, gmt_create, gmt_modified) VALUES (858, 1, 13, '2019-03-06 14:49:08', '2019-03-06 14:49:08');
INSERT INTO gallery.tb_admin_role_menu (id, role_id, menu_id, gmt_create, gmt_modified) VALUES (859, 1, 27, '2019-03-06 14:49:08', '2019-03-06 14:49:08');
INSERT INTO gallery.tb_admin_role_menu (id, role_id, menu_id, gmt_create, gmt_modified) VALUES (860, 1, 29, '2019-03-06 14:49:08', '2019-03-06 14:49:08');
INSERT INTO gallery.tb_admin_role_menu (id, role_id, menu_id, gmt_create, gmt_modified) VALUES (861, 1, 14, '2019-03-06 14:49:08', '2019-03-06 14:49:08');
INSERT INTO gallery.tb_admin_role_menu (id, role_id, menu_id, gmt_create, gmt_modified) VALUES (862, 1, 15, '2019-03-06 14:49:08', '2019-03-06 14:49:08');
INSERT INTO gallery.tb_admin_role_menu (id, role_id, menu_id, gmt_create, gmt_modified) VALUES (863, 1, 16, '2019-03-06 14:49:08', '2019-03-06 14:49:08');
INSERT INTO gallery.tb_admin_role_menu (id, role_id, menu_id, gmt_create, gmt_modified) VALUES (864, 1, 25, '2019-03-06 14:49:08', '2019-03-06 14:49:08');
INSERT INTO gallery.tb_admin_role_menu (id, role_id, menu_id, gmt_create, gmt_modified) VALUES (865, 1, 17, '2019-03-06 14:49:08', '2019-03-06 14:49:08');
INSERT INTO gallery.tb_admin_role_menu (id, role_id, menu_id, gmt_create, gmt_modified) VALUES (866, 1, 18, '2019-03-06 14:49:08', '2019-03-06 14:49:08');
INSERT INTO gallery.tb_admin_role_menu (id, role_id, menu_id, gmt_create, gmt_modified) VALUES (867, 1, 26, '2019-03-06 14:49:08', '2019-03-06 14:49:08');
INSERT INTO gallery.tb_admin_role_menu (id, role_id, menu_id, gmt_create, gmt_modified) VALUES (868, 1, 19, '2019-03-06 14:49:08', '2019-03-06 14:49:08');
INSERT INTO gallery.tb_admin_role_menu (id, role_id, menu_id, gmt_create, gmt_modified) VALUES (869, 1, 20, '2019-03-06 14:49:08', '2019-03-06 14:49:08');
INSERT INTO gallery.tb_admin_role_menu (id, role_id, menu_id, gmt_create, gmt_modified) VALUES (870, 1, 21, '2019-03-06 14:49:08', '2019-03-06 14:49:08');
INSERT INTO gallery.tb_admin_role_menu (id, role_id, menu_id, gmt_create, gmt_modified) VALUES (871, 1, 22, '2019-03-06 14:49:08', '2019-03-06 14:49:08');
INSERT INTO gallery.tb_admin_role_menu (id, role_id, menu_id, gmt_create, gmt_modified) VALUES (872, 1, 23, '2019-03-06 14:49:08', '2019-03-06 14:49:08');
INSERT INTO gallery.tb_admin_role_menu (id, role_id, menu_id, gmt_create, gmt_modified) VALUES (873, 1, 24, '2019-03-06 14:49:08', '2019-03-06 14:49:08');
INSERT INTO gallery.tb_admin_role_menu (id, role_id, menu_id, gmt_create, gmt_modified) VALUES (874, 1, 11, '2019-03-06 14:49:08', '2019-03-06 14:49:08');
INSERT INTO gallery.tb_admin_role_menu (id, role_id, menu_id, gmt_create, gmt_modified) VALUES (889, 25, 5, '2019-03-26 17:42:31', '2019-03-26 17:42:31');
INSERT INTO gallery.tb_admin_role_menu (id, role_id, menu_id, gmt_create, gmt_modified) VALUES (890, 25, 7, '2019-03-26 17:42:31', '2019-03-26 17:42:31');
INSERT INTO gallery.tb_admin_role_menu (id, role_id, menu_id, gmt_create, gmt_modified) VALUES (891, 25, 8, '2019-03-26 17:42:31', '2019-03-26 17:42:31');
INSERT INTO gallery.tb_admin_role_menu (id, role_id, menu_id, gmt_create, gmt_modified) VALUES (892, 25, 9, '2019-03-26 17:42:31', '2019-03-26 17:42:31');
INSERT INTO gallery.tb_admin_role_menu (id, role_id, menu_id, gmt_create, gmt_modified) VALUES (893, 25, 10, '2019-03-26 17:42:31', '2019-03-26 17:42:31');
INSERT INTO gallery.tb_admin_role_menu (id, role_id, menu_id, gmt_create, gmt_modified) VALUES (894, 25, 12, '2019-03-26 17:42:31', '2019-03-26 17:42:31');
INSERT INTO gallery.tb_admin_role_menu (id, role_id, menu_id, gmt_create, gmt_modified) VALUES (895, 25, 13, '2019-03-26 17:42:31', '2019-03-26 17:42:31');
INSERT INTO gallery.tb_admin_role_menu (id, role_id, menu_id, gmt_create, gmt_modified) VALUES (896, 25, 1, '2019-03-26 17:42:31', '2019-03-26 17:42:31');
INSERT INTO gallery.tb_admin_role_menu (id, role_id, menu_id, gmt_create, gmt_modified) VALUES (897, 25, 11, '2019-03-26 17:42:31', '2019-03-26 17:42:31');
INSERT INTO gallery.tb_admin_role_menu (id, role_id, menu_id, gmt_create, gmt_modified) VALUES (898, 26, 5, '2019-04-01 13:59:42', '2019-04-01 13:59:42');
INSERT INTO gallery.tb_admin_role_menu (id, role_id, menu_id, gmt_create, gmt_modified) VALUES (899, 26, 7, '2019-04-01 13:59:42', '2019-04-01 13:59:42');
INSERT INTO gallery.tb_admin_role_menu (id, role_id, menu_id, gmt_create, gmt_modified) VALUES (900, 26, 8, '2019-04-01 13:59:42', '2019-04-01 13:59:42');
INSERT INTO gallery.tb_admin_role_menu (id, role_id, menu_id, gmt_create, gmt_modified) VALUES (901, 26, 9, '2019-04-01 13:59:42', '2019-04-01 13:59:42');
INSERT INTO gallery.tb_admin_role_menu (id, role_id, menu_id, gmt_create, gmt_modified) VALUES (902, 26, 10, '2019-04-01 13:59:42', '2019-04-01 13:59:42');
INSERT INTO gallery.tb_admin_role_menu (id, role_id, menu_id, gmt_create, gmt_modified) VALUES (903, 26, 1, '2019-04-01 13:59:42', '2019-04-01 13:59:42');
INSERT INTO gallery.tb_admin_role_menu (id, role_id, menu_id, gmt_create, gmt_modified) VALUES (913, 11, 5, '2019-04-01 14:46:19', '2019-04-01 14:46:19');
INSERT INTO gallery.tb_admin_role_menu (id, role_id, menu_id, gmt_create, gmt_modified) VALUES (914, 11, 28, '2019-04-01 14:46:19', '2019-04-01 14:46:19');
INSERT INTO gallery.tb_admin_role_menu (id, role_id, menu_id, gmt_create, gmt_modified) VALUES (915, 11, 23, '2019-04-01 14:46:19', '2019-04-01 14:46:19');
INSERT INTO gallery.tb_admin_role_menu (id, role_id, menu_id, gmt_create, gmt_modified) VALUES (916, 11, 24, '2019-04-01 14:46:19', '2019-04-01 14:46:19');
INSERT INTO gallery.tb_admin_role_menu (id, role_id, menu_id, gmt_create, gmt_modified) VALUES (917, 11, 1, '2019-04-01 14:46:19', '2019-04-01 14:46:19');
INSERT INTO gallery.tb_admin_role_menu (id, role_id, menu_id, gmt_create, gmt_modified) VALUES (918, 11, 11, '2019-04-01 14:46:19', '2019-04-01 14:46:19');
INSERT INTO gallery.tb_brand_cdkey (id, brand_id, code, is_used, used_user_id, used_time, gmt_create, gmt_modified) VALUES (1, 1, 'x4BKy9xd', 1, 128, '2019-02-20 13:50:46', '2019-02-20 13:50:46', '2019-02-20 13:50:46');
INSERT INTO gallery.tb_brand_cdkey (id, brand_id, code, is_used, used_user_id, used_time, gmt_create, gmt_modified) VALUES (2, 2, 'DY3f0riM', 1, 28, '2019-02-20 13:54:23', '2019-02-20 13:54:23', '2019-02-20 13:54:23');
INSERT INTO gallery.tb_brand_cdkey (id, brand_id, code, is_used, used_user_id, used_time, gmt_create, gmt_modified) VALUES (3, 3, 'V16nomoJ', 1, 6, '2019-02-20 13:55:42', '2019-02-20 13:55:42', '2019-02-20 13:55:42');
INSERT INTO gallery.tb_brand_cdkey (id, brand_id, code, is_used, used_user_id, used_time, gmt_create, gmt_modified) VALUES (4, 4, 'kExSi3tM', 1, 9, '2019-02-20 13:57:17', '2019-02-20 13:57:17', '2019-02-20 13:57:17');
INSERT INTO gallery.tb_brand_cdkey (id, brand_id, code, is_used, used_user_id, used_time, gmt_create, gmt_modified) VALUES (5, 1, 'EZRqSjjo', 1, 148, '2019-03-15 21:06:16', '2019-02-20 13:57:52', '2019-03-15 21:06:16');
INSERT INTO gallery.tb_brand_cdkey (id, brand_id, code, is_used, used_user_id, used_time, gmt_create, gmt_modified) VALUES (6, 1, 'FDA9VjzN', 0, 0, '1970-01-01 12:00:01', '2019-02-20 13:57:52', '2019-02-20 13:57:52');
INSERT INTO gallery.tb_brand_cdkey (id, brand_id, code, is_used, used_user_id, used_time, gmt_create, gmt_modified) VALUES (7, 1, 'ufpNqiKU', 1, 144, '2019-03-15 21:47:18', '2019-02-20 13:57:52', '2019-03-15 21:47:18');
INSERT INTO gallery.tb_brand_cdkey (id, brand_id, code, is_used, used_user_id, used_time, gmt_create, gmt_modified) VALUES (8, 1, '6SVsB8Fa', 0, 0, '1970-01-01 12:00:01', '2019-02-20 13:57:52', '2019-02-20 13:57:52');
INSERT INTO gallery.tb_brand_cdkey (id, brand_id, code, is_used, used_user_id, used_time, gmt_create, gmt_modified) VALUES (9, 1, 'JNN7GURY', 0, 0, '1970-01-01 12:00:01', '2019-02-20 13:57:52', '2019-02-20 13:57:52');
INSERT INTO gallery.tb_brand_cdkey (id, brand_id, code, is_used, used_user_id, used_time, gmt_create, gmt_modified) VALUES (10, 2, 'M9x0vYgx', 0, 0, '1970-01-01 12:00:01', '2019-02-20 13:57:57', '2019-02-20 13:57:57');
INSERT INTO gallery.tb_brand_cdkey (id, brand_id, code, is_used, used_user_id, used_time, gmt_create, gmt_modified) VALUES (11, 2, 'jEirDTKW', 0, 0, '1970-01-01 12:00:01', '2019-02-20 13:57:57', '2019-02-20 13:57:57');
INSERT INTO gallery.tb_brand_cdkey (id, brand_id, code, is_used, used_user_id, used_time, gmt_create, gmt_modified) VALUES (12, 2, 'yK8WH0EU', 0, 0, '1970-01-01 12:00:01', '2019-02-20 13:57:57', '2019-02-20 13:57:57');
INSERT INTO gallery.tb_brand_cdkey (id, brand_id, code, is_used, used_user_id, used_time, gmt_create, gmt_modified) VALUES (13, 2, 'QGpoPFjr', 0, 0, '1970-01-01 12:00:01', '2019-02-20 13:57:57', '2019-02-20 13:57:57');
INSERT INTO gallery.tb_brand_cdkey (id, brand_id, code, is_used, used_user_id, used_time, gmt_create, gmt_modified) VALUES (14, 2, 'YqdqZAMv', 0, 0, '1970-01-01 12:00:01', '2019-02-20 13:57:57', '2019-02-20 13:57:57');
INSERT INTO gallery.tb_brand_cdkey (id, brand_id, code, is_used, used_user_id, used_time, gmt_create, gmt_modified) VALUES (15, 3, 'qTkdRGLu', 1, 855, '2019-03-15 13:51:53', '2019-02-20 13:58:00', '2019-03-15 13:51:53');
INSERT INTO gallery.tb_brand_cdkey (id, brand_id, code, is_used, used_user_id, used_time, gmt_create, gmt_modified) VALUES (16, 3, '0IN5HEHx', 1, 130, '2019-03-15 18:38:30', '2019-02-20 13:58:00', '2019-03-15 18:38:30');
INSERT INTO gallery.tb_brand_cdkey (id, brand_id, code, is_used, used_user_id, used_time, gmt_create, gmt_modified) VALUES (17, 3, 'dpLi5iSH', 0, 0, '1970-01-01 12:00:01', '2019-02-20 13:58:00', '2019-02-20 13:58:00');
INSERT INTO gallery.tb_brand_cdkey (id, brand_id, code, is_used, used_user_id, used_time, gmt_create, gmt_modified) VALUES (18, 3, 'tOpPhlmD', 0, 0, '1970-01-01 12:00:01', '2019-02-20 13:58:00', '2019-02-20 13:58:00');
INSERT INTO gallery.tb_brand_cdkey (id, brand_id, code, is_used, used_user_id, used_time, gmt_create, gmt_modified) VALUES (19, 3, 'FZrCqbE0', 0, 0, '1970-01-01 12:00:01', '2019-02-20 13:58:00', '2019-02-20 13:58:00');
INSERT INTO gallery.tb_brand_cdkey (id, brand_id, code, is_used, used_user_id, used_time, gmt_create, gmt_modified) VALUES (20, 4, 'YBk5mEfa', 1, 855, '2019-03-14 14:16:54', '2019-02-20 13:58:04', '2019-03-14 14:16:54');
INSERT INTO gallery.tb_brand_cdkey (id, brand_id, code, is_used, used_user_id, used_time, gmt_create, gmt_modified) VALUES (21, 4, 'lcqkha7K', 0, 0, '1970-01-01 12:00:01', '2019-02-20 13:58:04', '2019-02-20 13:58:04');
INSERT INTO gallery.tb_brand_cdkey (id, brand_id, code, is_used, used_user_id, used_time, gmt_create, gmt_modified) VALUES (22, 4, 'ExLvWsDB', 0, 0, '1970-01-01 12:00:01', '2019-02-20 13:58:04', '2019-02-20 13:58:04');
INSERT INTO gallery.tb_brand_cdkey (id, brand_id, code, is_used, used_user_id, used_time, gmt_create, gmt_modified) VALUES (23, 4, 'Ymr3GcP8', 0, 0, '1970-01-01 12:00:01', '2019-02-20 13:58:04', '2019-02-20 13:58:04');
INSERT INTO gallery.tb_brand_cdkey (id, brand_id, code, is_used, used_user_id, used_time, gmt_create, gmt_modified) VALUES (24, 4, 'nUqa9Yv0', 0, 0, '1970-01-01 12:00:01', '2019-02-20 13:58:04', '2019-02-20 13:58:04');
INSERT INTO gallery.tb_brand_cdkey (id, brand_id, code, is_used, used_user_id, used_time, gmt_create, gmt_modified) VALUES (26, 6, 'aoPbmLGZ', 1, 1311, '2019-02-20 15:51:59', '2019-02-20 15:51:59', '2019-02-20 15:51:59');
INSERT INTO gallery.tb_brand_cdkey (id, brand_id, code, is_used, used_user_id, used_time, gmt_create, gmt_modified) VALUES (27, 6, 'H12pBSor', 1, 144, '2019-02-20 16:13:34', '2019-02-20 16:11:20', '2019-02-20 16:13:34');
INSERT INTO gallery.tb_brand_cdkey (id, brand_id, code, is_used, used_user_id, used_time, gmt_create, gmt_modified) VALUES (28, 6, '3bhMuz4h', 0, 0, '1970-01-01 12:00:00', '2019-02-20 16:11:20', '2019-02-20 16:11:20');
INSERT INTO gallery.tb_brand_cdkey (id, brand_id, code, is_used, used_user_id, used_time, gmt_create, gmt_modified) VALUES (29, 6, 'iijPafMU', 1, 148, '2019-03-15 21:50:06', '2019-02-20 16:11:20', '2019-03-15 21:50:06');
INSERT INTO gallery.tb_brand_cdkey (id, brand_id, code, is_used, used_user_id, used_time, gmt_create, gmt_modified) VALUES (30, 6, '1r9bjs0D', 0, 0, '1970-01-01 12:00:00', '2019-02-20 16:11:20', '2019-02-20 16:11:20');
INSERT INTO gallery.tb_brand_pic (id, pic_name, brand_id, miniapp_display_src, latest_apply_src, status, remark, gmt_create, gmt_modified, template_id, source) VALUES (3, '2', 14, '[''https://daily-test.mxth.com/g/1551343756490_ti3mg.jpg'']', '[''https://daily-test.mxth.com/g/1551343756490_ti3mg.jpg'']', 0, '', '2019-02-28 16:26:42', '2019-02-28 16:52:30', '[''239'']', 0);
INSERT INTO gallery.tb_brand_pic (id, pic_name, brand_id, miniapp_display_src, latest_apply_src, status, remark, gmt_create, gmt_modified, template_id, source) VALUES (7, '2', 14, '[''https://daily-test.mxth.com/e/1551343743160_434ee9041b128889324cba1d31c3e62.jpg'']', '[''https://daily-test.mxth.com/e/1551343743160_434ee9041b128889324cba1d31c3e62.jpg'']', 0, '', '2019-02-28 16:49:06', '2019-02-28 16:52:35', '[''241'']', 0);
INSERT INTO gallery.tb_brand_pic (id, pic_name, brand_id, miniapp_display_src, latest_apply_src, status, remark, gmt_create, gmt_modified, template_id, source) VALUES (9, '图片测试', 12, '[''https://daily-test.mxth.com/f/1551754657206_banner3.jpg'']', '[''https://daily-test.mxth.com/f/1551754657206_banner3.jpg'']', 1, '', '2019-03-05 10:58:10', '2019-03-13 22:33:44', '["267"]', 0);
INSERT INTO gallery.tb_brand_pic (id, pic_name, brand_id, miniapp_display_src, latest_apply_src, status, remark, gmt_create, gmt_modified, template_id, source) VALUES (10, '测试', 12, '[''https://daily-test.mxth.com/a/1551754765754_个人中心.jpg'']', '[''https://daily-test.mxth.com/a/1551754765754_个人中心.jpg'']', 0, '', '2019-03-05 10:59:39', '2019-03-05 11:08:45', '[''244'']', 0);
INSERT INTO gallery.tb_brand_pic (id, pic_name, brand_id, miniapp_display_src, latest_apply_src, status, remark, gmt_create, gmt_modified, template_id, source) VALUES (11, '人物图', 14, '[''https://daily-test.mxth.com/e/1551755247251_M1L滤镜@2x.png'']', '[''https://daily-test.mxth.com/e/1551755247251_M1L滤镜@2x.png'']', 0, '', '2019-03-05 11:07:46', '2019-03-05 11:08:29', '[''242'']', 0);
INSERT INTO gallery.tb_brand_pic (id, pic_name, brand_id, miniapp_display_src, latest_apply_src, status, remark, gmt_create, gmt_modified, template_id, source) VALUES (12, '人物图', 14, '[''https://daily-test.mxth.com/b/1551755281360_1img.jpg'']', '[''https://daily-test.mxth.com/b/1551755281360_1img.jpg'']', 0, '', '2019-03-05 11:08:03', '2019-03-05 11:08:36', '[''243'']', 0);
INSERT INTO gallery.tb_brand_pic (id, pic_name, brand_id, miniapp_display_src, latest_apply_src, status, remark, gmt_create, gmt_modified, template_id, source) VALUES (18, '测试多图11', 12, '["https://daily-test.mxth.com/d/1552380872283_index.png","https://daily-test.mxth.com/z/1552380872283_mine_active.png","https://daily-test.mxth.com/d/1552478001120_图库图标2.0-02.png","https://daily-test.mxth.com/h/1552478000932_图库图标2.0-01.png","https://daily-test.mxth.com/c/1552478001139_图库图标2.0-09.png","https://daily-test.mxth.com/h/1552478001127_图库图标2.0-03.png","https://daily-test.mxth.com/z/1552478001136_图库图标2.0-08.png","https://daily-test.mxth.com/g/1552478001138_图库图标2.0-10.png","https://daily-test.mxth.com/c/1552478008640_图库图标2.0-07.png"]', '["https://daily-test.mxth.com/d/1552380872283_index.png","https://daily-test.mxth.com/z/1552380872283_mine_active.png","https://daily-test.mxth.com/d/1552478001120_图库图标2.0-02.png","https://daily-test.mxth.com/h/1552478000932_图库图标2.0-01.png","https://daily-test.mxth.com/c/1552478001139_图库图标2.0-09.png","https://daily-test.mxth.com/h/1552478001127_图库图标2.0-03.png","https://daily-test.mxth.com/z/1552478001136_图库图标2.0-08.png","https://daily-test.mxth.com/g/1552478001138_图库图标2.0-10.png"]', 0, '', '2019-03-12 16:55:07', '2019-03-13 23:31:46', '["268","269","270","271","272","273","274","275","276"]', 0);
INSERT INTO gallery.tb_brand_pic (id, pic_name, brand_id, miniapp_display_src, latest_apply_src, status, remark, gmt_create, gmt_modified, template_id, source) VALUES (24, '反反复复付付付付', 4, '["https://daily-test.mxth.com/g/1552485741888_kawayi.png","https://daily-test.mxth.com/d/1552485741889_index.png","https://daily-test.mxth.com/d/1552485741888_index_active.png"]', '["https://daily-test.mxth.com/g/1552485741888_kawayi.png","https://daily-test.mxth.com/d/1552485741889_index.png","https://daily-test.mxth.com/d/1552485741888_index_active.png"]', 1, '', '2019-03-13 22:02:26', '2019-03-13 22:33:32', '["264","265","266"]', 0);
INSERT INTO gallery.tb_brand_pic (id, pic_name, brand_id, miniapp_display_src, latest_apply_src, status, remark, gmt_create, gmt_modified, template_id, source) VALUES (26, '5666', 2, '', '["https://daily-test.mxth.com/h/1552486580772_mine_active.png","https://daily-test.mxth.com/b/1552486580772_index_active.png"]', 0, '', '2019-03-13 22:16:22', '2019-03-13 22:16:22', '0', 1);
INSERT INTO gallery.tb_brand_pic (id, pic_name, brand_id, miniapp_display_src, latest_apply_src, status, remark, gmt_create, gmt_modified, template_id, source) VALUES (27, '888888', 1, '', '["https://daily-test.mxth.com/b/1552529813862_图库图标2.0-03.png","https://daily-test.mxth.com/b/1552529813862_图库图标2.0-02.png","https://daily-test.mxth.com/f/1552529813862_图库图标2.0-09.png","https://daily-test.mxth.com/a/1552529813855_图库图标2.0-04.png","https://daily-test.mxth.com/b/1552529814429_图库图标2.0-10.png","https://daily-test.mxth.com/h/1552529813862_图库图标2.0-08.png","https://daily-test.mxth.com/e/1552529813862_图库图标2.0-01.png"]', 0, '', '2019-03-13 22:17:00', '2019-03-13 22:17:00', '0', 1);
INSERT INTO gallery.tb_brand_pic (id, pic_name, brand_id, miniapp_display_src, latest_apply_src, status, remark, gmt_create, gmt_modified, template_id, source) VALUES (33, '平台新增图', 4, '["https://daily-test.mxth.com/a/1552550136379_index.png","https://daily-test.mxth.com/f/1552550136377_index_active.png","https://daily-test.mxth.com/g/1552550136379_kawayi.png","https://daily-test.mxth.com/e/1552550136381_mine.png","https://daily-test.mxth.com/d/1552550136377_mine_active.png","https://daily-test.mxth.com/h/1552550136525_组-28@2x.png"]', '["https://daily-test.mxth.com/a/1552550136379_index.png","https://daily-test.mxth.com/f/1552550136377_index_active.png","https://daily-test.mxth.com/g/1552550136379_kawayi.png","https://daily-test.mxth.com/e/1552550136381_mine.png","https://daily-test.mxth.com/d/1552550136377_mine_active.png","https://daily-test.mxth.com/h/1552550136525_组-28@2x.png"]', 1, '', '2019-03-13 23:02:36', '2019-03-14 16:07:13', '["287","288","289","290","291","292"]', 1);
INSERT INTO gallery.tb_brand_pic (id, pic_name, brand_id, miniapp_display_src, latest_apply_src, status, remark, gmt_create, gmt_modified, template_id, source) VALUES (34, '好', 4, '["https://daily-test.mxth.com/f/1552534238554_tim2g.jpg","https://daily-test.mxth.com/z/1552534238553_ti3mg.jpg","https://daily-test.mxth.com/a/1552534238554_timg.jpg","https://daily-test.mxth.com/h/1552534244173_测试53_2.jpg"]', '["https://daily-test.mxth.com/f/1552534238554_tim2g.jpg","https://daily-test.mxth.com/z/1552534238553_ti3mg.jpg","https://daily-test.mxth.com/a/1552534238554_timg.jpg","https://daily-test.mxth.com/h/1552534244173_测试53_2.jpg"]', 0, '', '2019-03-13 23:30:45', '2019-03-13 23:30:45', '["277","278","279","280"]', 1);
INSERT INTO gallery.tb_brand_pic (id, pic_name, brand_id, miniapp_display_src, latest_apply_src, status, remark, gmt_create, gmt_modified, template_id, source) VALUES (35, 'fsdfskdlf', 12, '', '["https://daily-test.mxth.com/z/1552534329824_图库图标2.0-03.png"]', 0, '', '2019-03-13 23:32:11', '2019-03-13 23:32:11', '0', 0);
INSERT INTO gallery.tb_brand_pic (id, pic_name, brand_id, miniapp_display_src, latest_apply_src, status, remark, gmt_create, gmt_modified, template_id, source) VALUES (36, '好', 14, '["https://daily-test.mxth.com/g/1552534706988_1img.jpg","https://daily-test.mxth.com/h/1552534707024_33测试.jpg","https://daily-test.mxth.com/c/1552534706996_1.png","https://daily-test.mxth.com/a/1552534707014_1测试0_2.jpg","https://daily-test.mxth.com/e/1552534707054_2.jpg","https://daily-test.mxth.com/e/1552534707069_5测试9.jpg"]', '["https://daily-test.mxth.com/g/1552534706988_1img.jpg","https://daily-test.mxth.com/h/1552534707024_33测试.jpg","https://daily-test.mxth.com/c/1552534706996_1.png","https://daily-test.mxth.com/a/1552534707014_1测试0_2.jpg","https://daily-test.mxth.com/e/1552534707054_2.jpg","https://daily-test.mxth.com/e/1552534707069_5测试9.jpg"]', 1, '', '2019-03-13 23:38:35', '2019-03-13 23:39:31', '["281","282","283","284","285","286"]', 0);
INSERT INTO gallery.tb_brand_pic (id, pic_name, brand_id, miniapp_display_src, latest_apply_src, status, remark, gmt_create, gmt_modified, template_id, source) VALUES (37, '刚发的', 14, '["https://daily-test.mxth.com/f/1552534725337_tim2g.jpg","https://daily-test.mxth.com/g/1552534725332_ti3mg.jpg","https://daily-test.mxth.com/e/1552534725363_测试.jpg","https://daily-test.mxth.com/g/1552534725373_测试_2.jpg","https://daily-test.mxth.com/g/1552534725353_timg.jpg","https://daily-test.mxth.com/g/1552534725383_测试1.jpg","https://daily-test.mxth.com/f/1552534725514_测试53_2.jpg","https://daily-test.mxth.com/z/1552534725512_测试15.jpg"]', '["https://daily-test.mxth.com/f/1552534725337_tim2g.jpg","https://daily-test.mxth.com/g/1552534725332_ti3mg.jpg","https://daily-test.mxth.com/e/1552534725363_测试.jpg","https://daily-test.mxth.com/g/1552534725373_测试_2.jpg","https://daily-test.mxth.com/g/1552534725353_timg.jpg","https://daily-test.mxth.com/g/1552534725383_测试1.jpg","https://daily-test.mxth.com/f/1552534725514_测试53_2.jpg","https://daily-test.mxth.com/z/1552534725512_测试15.jpg"]', 1, '', '2019-03-13 23:38:48', '2019-03-14 16:07:27', '["301","302","303","304","305","306","307","308"]', 0);
INSERT INTO gallery.tb_brand_pic (id, pic_name, brand_id, miniapp_display_src, latest_apply_src, status, remark, gmt_create, gmt_modified, template_id, source) VALUES (39, '海澜之家图片', 3, '["https://daily-test.mxth.com/z/1552632039076_图库图标2.0-04.png","https://daily-test.mxth.com/e/1552632039076_图库图标2.0-01.png","https://daily-test.mxth.com/z/1552632039078_图库图标2.0-08.png","https://daily-test.mxth.com/b/1552632039077_图库图标2.0-03.png","https://daily-test.mxth.com/e/1552632039074_图库图标2.0-09.png","https://daily-test.mxth.com/g/1552632039071_图库图标2.0-02.png","https://daily-test.mxth.com/h/1552632039479_图库图标2.0-10.png"]', '["https://daily-test.mxth.com/z/1552632039076_图库图标2.0-04.png","https://daily-test.mxth.com/e/1552632039076_图库图标2.0-01.png","https://daily-test.mxth.com/z/1552632039078_图库图标2.0-08.png","https://daily-test.mxth.com/b/1552632039077_图库图标2.0-03.png","https://daily-test.mxth.com/e/1552632039074_图库图标2.0-09.png","https://daily-test.mxth.com/g/1552632039071_图库图标2.0-02.png","https://daily-test.mxth.com/h/1552632039479_图库图标2.0-10.png"]', 1, '', '2019-03-15 14:40:42', '2019-03-15 18:40:10', '["324","325","326","327","328","329","330"]', 1);
INSERT INTO gallery.tb_brand_pic (id, pic_name, brand_id, miniapp_display_src, latest_apply_src, status, remark, gmt_create, gmt_modified, template_id, source) VALUES (40, 'hhhhhh', 3, '["https://daily-test.mxth.com/z/1552633354219_微信图片_20180917150800.png","https://daily-test.mxth.com/c/1552633354226_wx45d98d2c8e80956f.o6zAJs6xZD2dbwkwvsfVvS6AP1iA.UG84xXdVKJvqd896f37ea955adcbbe109df46ae94a25.png","https://daily-test.mxth.com/a/1552633354321_wx45d98d2c8e80956f.o6zAJs6xZD2dbwkwvsfVvS6AP1iA.fsLrPcGBA0lF00ff7c22659d34c2a96b394420327b27.png"]', '["https://daily-test.mxth.com/z/1552633354219_微信图片_20180917150800.png","https://daily-test.mxth.com/c/1552633354226_wx45d98d2c8e80956f.o6zAJs6xZD2dbwkwvsfVvS6AP1iA.UG84xXdVKJvqd896f37ea955adcbbe109df46ae94a25.png","https://daily-test.mxth.com/a/1552633354321_wx45d98d2c8e80956f.o6zAJs6xZD2dbwkwvsfVvS6AP1iA.fsLrPcGBA0lF00ff7c22659d34c2a96b394420327b27.png"]', 1, '', '2019-03-15 15:02:38', '2019-03-15 15:02:38', '["331","332","333"]', 1);
INSERT INTO gallery.tb_brand_pic (id, pic_name, brand_id, miniapp_display_src, latest_apply_src, status, remark, gmt_create, gmt_modified, template_id, source) VALUES (45, '测试图片组1', 3, '["https://daily-test.mxth.com/c/1552638500831_1545395789486_tmp_f83e829d5e092cfb4a9429e8d30908744084e9108f290d2c.png","https://daily-test.mxth.com/h/1552638526090_1545823357549_2018-09-20 08-57-09 的屏幕截图.png","https://daily-test.mxth.com/f/1552638559097_1545395789486_tmp_f83e829d5e092cfb4a9429e8d30908744084e9108f290d2c.png"]', '["https://daily-test.mxth.com/c/1552638500831_1545395789486_tmp_f83e829d5e092cfb4a9429e8d30908744084e9108f290d2c.png","https://daily-test.mxth.com/h/1552638526090_1545823357549_2018-09-20 08-57-09 的屏幕截图.png","https://daily-test.mxth.com/f/1552638559097_1545395789486_tmp_f83e829d5e092cfb4a9429e8d30908744084e9108f290d2c.png"]', 1, '', '2019-03-15 16:28:12', '2019-03-15 16:29:21', '["359","360","361"]', 1);
INSERT INTO gallery.tb_brand_pic (id, pic_name, brand_id, miniapp_display_src, latest_apply_src, status, remark, gmt_create, gmt_modified, template_id, source) VALUES (50, '测试组1', 3, '["https://daily-test.mxth.com/h/1552651245233_,.png"]', '["https://daily-test.mxth.com/h/1552651245233_,.png"]', 1, '', '2019-03-15 20:00:15', '2019-03-15 20:00:52', '["370"]', 1);
INSERT INTO gallery.tb_brand_pic (id, pic_name, brand_id, miniapp_display_src, latest_apply_src, status, remark, gmt_create, gmt_modified, template_id, source) VALUES (51, '品牌测试组1', 12, '["https://daily-test.mxth.com/a/1552651423390_,.png"]', '["https://daily-test.mxth.com/a/1552651423390_,.png"]', 1, '', '2019-03-15 20:01:33', '2019-03-15 20:04:12', '["372"]', 0);
INSERT INTO gallery.tb_brand_pic (id, pic_name, brand_id, miniapp_display_src, latest_apply_src, status, remark, gmt_create, gmt_modified, template_id, source) VALUES (53, '测试1', 1, '["https://daily-test.mxth.com/c/1552656283459_4.jpg","https://daily-test.mxth.com/g/1552656283459_3.jpg","https://daily-test.mxth.com/e/1552656283532_2.png","https://daily-test.mxth.com/d/1552656283602_1.png","https://daily-test.mxth.com/z/1552656283595_5.jpg"]', '["https://daily-test.mxth.com/c/1552656283459_4.jpg","https://daily-test.mxth.com/g/1552656283459_3.jpg","https://daily-test.mxth.com/e/1552656283532_2.png","https://daily-test.mxth.com/d/1552656283602_1.png","https://daily-test.mxth.com/z/1552656283595_5.jpg"]', 1, '', '2019-03-15 21:24:54', '2019-03-15 21:25:25', '["379","380","381","382","383"]', 0);
INSERT INTO gallery.tb_brand_pic (id, pic_name, brand_id, miniapp_display_src, latest_apply_src, status, remark, gmt_create, gmt_modified, template_id, source) VALUES (54, 'nihao', 6, '["https://daily-test.mxth.com/d/1552657309059_3.jpg","https://daily-test.mxth.com/d/1552657309059_4.jpg","https://daily-test.mxth.com/d/1552657309134_2.png","https://daily-test.mxth.com/a/1552657309093_6.jpg","https://daily-test.mxth.com/h/1552657309487_1.png","https://daily-test.mxth.com/e/1552657309147_5.jpg"]', '["https://daily-test.mxth.com/d/1552657309059_3.jpg","https://daily-test.mxth.com/d/1552657309059_4.jpg","https://daily-test.mxth.com/d/1552657309134_2.png","https://daily-test.mxth.com/a/1552657309093_6.jpg","https://daily-test.mxth.com/h/1552657309487_1.png","https://daily-test.mxth.com/e/1552657309147_5.jpg"]', 1, '', '2019-03-15 21:41:53', '2019-03-15 21:41:53', '["384","385","386","387","388","389"]', 1);
INSERT INTO gallery.tb_brand_pic (id, pic_name, brand_id, miniapp_display_src, latest_apply_src, status, remark, gmt_create, gmt_modified, template_id, source) VALUES (55, 'ceshi 2', 6, '["https://daily-test.mxth.com/e/1552658101469_6.jpg","https://daily-test.mxth.com/a/1552658101469_办公.jpg","https://daily-test.mxth.com/a/1552658101470_vsco.jpg","https://daily-test.mxth.com/g/1552658101526_5.jpg","https://daily-test.mxth.com/d/1552658101533_2.png","https://daily-test.mxth.com/f/1552658102026_1.png"]', '["https://daily-test.mxth.com/e/1552658101469_6.jpg","https://daily-test.mxth.com/a/1552658101469_办公.jpg","https://daily-test.mxth.com/a/1552658101470_vsco.jpg","https://daily-test.mxth.com/g/1552658101526_5.jpg","https://daily-test.mxth.com/d/1552658101533_2.png","https://daily-test.mxth.com/f/1552658102026_1.png"]', 1, '', '2019-03-15 21:55:04', '2019-03-15 21:55:04', '["390","391","392","393","394","395"]', 1);
INSERT INTO gallery.tb_company_brand (id, name, introduction, contact_person, contact_phone, gmt_create, gmt_modified, expired_time, brand_personal_userid) VALUES (1, '潮牌', '引领时尚潮流，请认证潮牌', '测试', '18329189800', '2019-02-20 13:50:46', '2019-02-20 13:50:46', '2020-02-20 13:50:46', 128);
INSERT INTO gallery.tb_company_brand (id, name, introduction, contact_person, contact_phone, gmt_create, gmt_modified, expired_time, brand_personal_userid) VALUES (2, '金典', '达文西', '文西牌', '183291844', '2019-02-20 13:54:23', '2019-02-20 13:54:23', '2020-02-20 13:54:23', 28);
INSERT INTO gallery.tb_company_brand (id, name, introduction, contact_person, contact_phone, gmt_create, gmt_modified, expired_time, brand_personal_userid) VALUES (3, '海澜之家', '一年只逛一次海澜之家', '张青', '13826146541', '2019-02-20 13:55:42', '2019-02-20 13:55:42', '2020-02-20 13:55:42', 6);
INSERT INTO gallery.tb_company_brand (id, name, introduction, contact_person, contact_phone, gmt_create, gmt_modified, expired_time, brand_personal_userid) VALUES (4, '班尼路', '伴你一路随行', '九九', '13865413642', '2019-02-20 13:57:17', '2019-02-20 13:57:17', '2020-02-20 13:57:17', 9);
INSERT INTO gallery.tb_company_brand (id, name, introduction, contact_person, contact_phone, gmt_create, gmt_modified, expired_time, brand_personal_userid) VALUES (6, '测试专用', '测试专用品牌号', '赵鑫号不要删', '13859461261', '2019-02-20 15:51:59', '2019-02-20 15:51:59', '2020-02-20 15:51:59', 131);
INSERT INTO gallery.tb_drawcash_log (id, user_id, draw_cash, taxation_cash, type, gmt_create, gmt_modified, realname, status, fail_msg, remark, payment_no, payment_time, partner_trade_no) VALUES (1, 128, 150.00, 0.00, 'WX_WALLET', '2019-02-20 17:27:13', '2019-02-20 17:27:31', '', 'FINISHED', '', '', '', '', '');
INSERT INTO gallery.tb_drawcash_log (id, user_id, draw_cash, taxation_cash, type, gmt_create, gmt_modified, realname, status, fail_msg, remark, payment_no, payment_time, partner_trade_no) VALUES (2, 144, 300.00, 0.00, 'WX_WALLET', '2019-02-20 17:28:28', '2019-02-20 17:29:54', '', 'FAIL', 'chongxintijiao', '', '', '', '');
INSERT INTO gallery.tb_drawcash_log (id, user_id, draw_cash, taxation_cash, type, gmt_create, gmt_modified, realname, status, fail_msg, remark, payment_no, payment_time, partner_trade_no) VALUES (3, 131, 650.00, 0.00, 'WX_WALLET', '2019-03-25 15:45:27', '2019-03-25 15:45:27', '', 'WAIT_PROCESS', '', '', null, null, null);
INSERT INTO gallery.tb_incomexpense (id, user_id, type, income, expense, balance, tradedate, gmt_create, share_profit_id, remark, sub_type, payment_id) VALUES (1, 128, 'SHARE_PROFIT', 150.00, 0.00, 300.00, '2019-02-20', '2019-02-20 16:10:39', 144, '柳林-365-150', 1, 2);
INSERT INTO gallery.tb_incomexpense (id, user_id, type, income, expense, balance, tradedate, gmt_create, share_profit_id, remark, sub_type, payment_id) VALUES (2, 131, 'SHARE_PROFIT', 150.00, 0.00, 300.00, '2019-02-20', '2019-02-20 16:40:06', 144, '柳林-365-150', 1, 4);
INSERT INTO gallery.tb_incomexpense (id, user_id, type, income, expense, balance, tradedate, gmt_create, share_profit_id, remark, sub_type, payment_id) VALUES (3, 131, 'SHARE_PROFIT', 150.00, 0.00, 450.00, '2019-02-20', '2019-02-20 16:49:48', 144, '柳林-365-150', 1, 5);
INSERT INTO gallery.tb_incomexpense (id, user_id, type, income, expense, balance, tradedate, gmt_create, share_profit_id, remark, sub_type, payment_id) VALUES (4, 144, 'SHARE_PROFIT', 150.00, 0.00, 300.00, '2019-02-20', '2019-02-20 16:56:43', 145, 'ceshi-365-150', 1, 7);
INSERT INTO gallery.tb_incomexpense (id, user_id, type, income, expense, balance, tradedate, gmt_create, share_profit_id, remark, sub_type, payment_id) VALUES (5, 131, 'SHARE_PROFIT', 50.00, 0.00, 350.00, '2019-02-20', '2019-02-20 16:56:43', 145, 'ceshi-365-50', 2, 7);
INSERT INTO gallery.tb_incomexpense (id, user_id, type, income, expense, balance, tradedate, gmt_create, share_profit_id, remark, sub_type, payment_id) VALUES (6, 131, 'SHARE_PROFIT', 350.00, 0.00, 1000.00, '2019-02-20', '2019-02-20 17:08:28', 144, '柳林-899-350', 1, 8);
INSERT INTO gallery.tb_incomexpense (id, user_id, type, income, expense, balance, tradedate, gmt_create, share_profit_id, remark, sub_type, payment_id) VALUES (7, 144, 'SHARE_PROFIT', 150.00, 0.00, 450.00, '2019-02-20', '2019-02-20 17:09:26', 145, 'ceshi-899-150', 1, 9);
INSERT INTO gallery.tb_incomexpense (id, user_id, type, income, expense, balance, tradedate, gmt_create, share_profit_id, remark, sub_type, payment_id) VALUES (8, 131, 'SHARE_PROFIT', 120.00, 0.00, 770.00, '2019-02-20', '2019-02-20 17:09:26', 145, 'ceshi-899-120', 2, 9);
INSERT INTO gallery.tb_incomexpense (id, user_id, type, income, expense, balance, tradedate, gmt_create, share_profit_id, remark, sub_type, payment_id) VALUES (9, 128, 'WITHDRAW_CASH', 0.00, 150.00, 0.00, '2019-02-20', '2019-02-20 17:27:31', 0, 'oscillat1申请提现{150.00}', 0, 0);
INSERT INTO gallery.tb_label (id, name, gmt_create, gmt_modified) VALUES (26, '时尚', '2018-11-12 11:35:07', '2018-11-12 11:35:07');
INSERT INTO gallery.tb_label (id, name, gmt_create, gmt_modified) VALUES (35, '户外', '2018-11-12 13:45:18', '2018-12-01 11:38:54');
INSERT INTO gallery.tb_label (id, name, gmt_create, gmt_modified) VALUES (44, '美女', '2018-11-26 15:35:53', '2018-11-26 15:35:53');
INSERT INTO gallery.tb_label (id, name, gmt_create, gmt_modified) VALUES (45, '帅哥', '2018-12-01 11:29:34', '2018-12-01 11:29:34');
INSERT INTO gallery.tb_label (id, name, gmt_create, gmt_modified) VALUES (46, '非主流', '2018-12-01 11:29:49', '2018-12-01 11:29:49');
INSERT INTO gallery.tb_label (id, name, gmt_create, gmt_modified) VALUES (48, '忆往事', '2018-12-01 11:30:11', '2018-12-01 11:30:11');
INSERT INTO gallery.tb_label (id, name, gmt_create, gmt_modified) VALUES (49, '可爱', '2018-12-01 11:31:36', '2018-12-01 11:31:36');
INSERT INTO gallery.tb_label (id, name, gmt_create, gmt_modified) VALUES (50, '婉约', '2018-12-01 11:31:58', '2018-12-01 11:31:58');
INSERT INTO gallery.tb_label (id, name, gmt_create, gmt_modified) VALUES (58, 'jeans', '2018-12-13 16:19:19', '2018-12-13 16:19:19');
INSERT INTO gallery.tb_label (id, name, gmt_create, gmt_modified) VALUES (59, '测试标签', '2019-01-29 14:39:23', '2019-01-29 14:39:23');
INSERT INTO gallery.tb_label (id, name, gmt_create, gmt_modified) VALUES (60, 'test', '2019-04-01 14:31:59', '2019-04-01 14:31:59');
INSERT INTO gallery.tb_share_profit (id, user_id, paymnet_id, profit, gmt_create, gmt_modified, sub_type, remark) VALUES (1, 128, 2, 150.00, '2019-02-20 16:10:39', '2019-02-20 16:10:39', 1, '');
INSERT INTO gallery.tb_share_profit (id, user_id, paymnet_id, profit, gmt_create, gmt_modified, sub_type, remark) VALUES (2, 131, 4, 150.00, '2019-02-20 16:40:06', '2019-02-20 16:40:06', 1, '');
INSERT INTO gallery.tb_share_profit (id, user_id, paymnet_id, profit, gmt_create, gmt_modified, sub_type, remark) VALUES (3, 131, 5, 150.00, '2019-02-20 16:49:48', '2019-02-20 16:49:48', 1, '');
INSERT INTO gallery.tb_share_profit (id, user_id, paymnet_id, profit, gmt_create, gmt_modified, sub_type, remark) VALUES (4, 144, 7, 150.00, '2019-02-20 16:56:43', '2019-02-20 16:56:43', 1, '');
INSERT INTO gallery.tb_share_profit (id, user_id, paymnet_id, profit, gmt_create, gmt_modified, sub_type, remark) VALUES (5, 131, 7, 50.00, '2019-02-20 16:56:43', '2019-02-20 16:56:43', 2, '');
INSERT INTO gallery.tb_share_profit (id, user_id, paymnet_id, profit, gmt_create, gmt_modified, sub_type, remark) VALUES (6, 131, 8, 350.00, '2019-02-20 17:08:28', '2019-02-20 17:08:28', 1, '');
INSERT INTO gallery.tb_share_profit (id, user_id, paymnet_id, profit, gmt_create, gmt_modified, sub_type, remark) VALUES (7, 144, 9, 150.00, '2019-02-20 17:09:26', '2019-02-20 17:09:26', 1, '');
INSERT INTO gallery.tb_share_profit (id, user_id, paymnet_id, profit, gmt_create, gmt_modified, sub_type, remark) VALUES (8, 131, 9, 120.00, '2019-02-20 17:09:26', '2019-02-20 17:09:26', 2, '');
INSERT INTO gallery.tb_slide (id, type, image_url, link_url, gmt_create, gmt_modified, weight) VALUES (8, 1, 'https://daily-test.mxth.com/1545404072591_图层 11.jpg', '/pages/templateFolder/template/main', '2019-01-15 17:29:43', '2019-01-15 17:29:43', 2);
INSERT INTO gallery.tb_slide (id, type, image_url, link_url, gmt_create, gmt_modified, weight) VALUES (11, 1, 'https://daily-test.oss-cn-hangzhou.aliyuncs.com/1542183094529_图层-1674@2x.png', 'http://www.baidu.com', '2019-01-08 10:07:48', '2019-01-08 10:07:48', 3);
INSERT INTO gallery.tb_slide (id, type, image_url, link_url, gmt_create, gmt_modified, weight) VALUES (12, 1, 'https://daily-test.mxth.com/1548829685922_上传测试3.jpg', 'http://www.baidu.com', '2019-01-30 14:28:08', '2019-01-30 14:28:08', 1);
INSERT INTO gallery.tb_template (id, category_id, brand_id, ratio, is_enabled, preview_image_url, descri, name, gmt_create, gmt_modified, gratis, phone_preview_image_url) VALUES (2, 36, 0, 2, 1, 'https://daily-test.mxth.com/template1468777119626718504.png', '{"mainW":1352,"mainH":1080,"mainL":0,"mainT":0,"allLayerNames":["爱情丘比特","倾倒众生桃花不断","小火星","氧气补水面膜","图","背景"],"layerMain":[{"id":9,"name":"氧气补水面膜","type":"div","isEdit":true,"backMain":false,"style":{"rotate":0,"coor":{"left":"184","top":"983"}},"imgInfo":{"isMain":false},"miniImgInfo":{},"fontInfo":{"width":"300","height":"50","fontBold":"normal","textAlign":"left","family":"汉仪旗黑-50S","size":"30","color":"rgba(0,0,0,1)","text":"氧气补水面膜"},"dragCoor":{"flags":false,"isCross":false}},{"id":8,"name":"小火星","type":"div","isEdit":true,"backMain":false,"style":{"rotate":0,"coor":{"left":"184","top":"949"}},"imgInfo":{"isMain":false},"miniImgInfo":{},"fontInfo":{"width":"300","height":"50","fontBold":"normal","textAlign":"left","family":"汉仪旗黑-50S","size":"30","color":"rgba(0,0,0,1)","text":"小火星"},"dragCoor":{"flags":false,"isCross":false}},{"id":6,"name":"倾倒众生桃花不断","type":"div","isEdit":true,"backMain":false,"style":{"rotate":0,"coor":{"left":"184","top":"350"}},"imgInfo":{"isMain":false},"miniImgInfo":{},"fontInfo":{"width":"500","height":100,"fontBold":"normal","textAlign":"left","family":"汉仪大宋简","size":"50","color":"rgba(0,0,0,1)","text":"倾倒众生桃花不断"},"dragCoor":{"flags":false,"isCross":false}},{"id":5,"name":"爱情丘比特","type":"div","isEdit":true,"backMain":false,"style":{"rotate":0,"coor":{"left":"184","top":"284"}},"imgInfo":{"isMain":false},"miniImgInfo":{},"fontInfo":{"width":"500","height":100,"fontBold":"normal","textAlign":"left","family":"汉仪大宋简","size":"50","color":"rgba(0,0,0,1)","text":"爱情丘比特"},"dragCoor":{"flags":false,"isCross":false}},{"id":13,"name":"背景","type":"img","isEdit":false,"backMain":false,"style":{"rotate":0,"coor":{"left":0,"top":0}},"imgInfo":{"width":1352,"height":1080,"wRh":"1.25","scale":1,"url":"https://g.yile.vip/1545887402848_0005.png","https":"https://g.yile.vip/1545887402848_0005.png","isMain":true},"miniImgInfo":{"width":"100%","height":"100%","left":"0","top":"0","scale":1,"rotate":0},"fontInfo":{},"dragCoor":{"flags":false,"isCross":false}},{"id":12,"name":"图","type":"img","isEdit":true,"backMain":true,"style":{"rotate":0,"coor":{"left":"553","top":"55"}},"imgInfo":{"width":663,"height":966,"wRh":"0.69","scale":1,"url":"https://g.yile.vip/1545887241632_products_img01.png","https":"https://g.yile.vip/1545887241632_products_img01.png","isMain":false},"miniImgInfo":{"width":"100%","height":"100%","left":"0","top":"0","scale":1,"rotate":0},"fontInfo":{},"dragCoor":{"flags":false,"isCross":false}}]}', '0005', '2018-12-27 12:45:31', '2018-12-28 18:18:09', 1, '');
INSERT INTO gallery.tb_template (id, category_id, brand_id, ratio, is_enabled, preview_image_url, descri, name, gmt_create, gmt_modified, gratis, phone_preview_image_url) VALUES (3, 36, 0, 3, 1, 'https://daily-test.mxth.com/template177041445598489455.png', '{"mainW":1080,"mainH":1920,"mainL":0,"mainT":0,"allLayerNames":["背景","图","被搭讪","#气质豆沙红#","一个下午","其实我都记不起他们的脸","团队：小火星团队"],"layerMain":[{"id":27,"name":"团队：小火星团队","type":"div","isEdit":true,"backMain":false,"style":{"rotate":0,"coor":{"left":"176","top":"1776"}},"imgInfo":{},"miniImgInfo":{},"fontInfo":{"width":"804","height":"50","fontBold":"normal","textAlign":"left","family":"汉仪旗黑-50S","size":"35","color":"rgba(255, 255, 255, 1)","text":"团队：小火星团队"},"dragCoor":{"flags":false,"isCross":false}},{"id":26,"name":"其实我都记不起他们的脸","type":"div","isEdit":true,"backMain":false,"style":{"rotate":0,"coor":{"left":"176","top":"1646"}},"imgInfo":{},"miniImgInfo":{},"fontInfo":{"width":"804","height":"50","fontBold":"normal","textAlign":"left","family":"汉仪旗黑-35S","size":"33","color":"rgba(255, 255, 255, 1)","text":"其实我都记不起他们的脸"},"dragCoor":{"flags":false,"isCross":false}},{"id":25,"name":"一个下午","type":"div","isEdit":true,"backMain":false,"style":{"rotate":0,"coor":{"left":"176","top":"1604"}},"imgInfo":{},"miniImgInfo":{},"fontInfo":{"width":"804","height":"50","fontBold":"normal","textAlign":"left","family":"汉仪旗黑-35S","size":"33","color":"rgba(255, 255, 255, 1)","text":"一个下午,忘了是第几个人拙劣的要我微信"},"dragCoor":{"flags":false,"isCross":false}},{"id":24,"name":"#气质豆沙红#","type":"div","isEdit":true,"backMain":false,"style":{"rotate":0,"coor":{"left":"666","top":"235"}},"imgInfo":{},"miniImgInfo":{},"fontInfo":{"width":"414","height":"60","fontBold":"normal","textAlign":"center","family":"汉仪旗黑-35S","size":"40","color":"rgba(198, 26, 42, 1)","text":"#气质豆沙红#"},"dragCoor":{"flags":false,"isCross":false}},{"id":23,"name":"被搭讪","type":"div","isEdit":true,"backMain":false,"style":{"rotate":0,"coor":{"left":"105","top":"240"}},"imgInfo":{},"miniImgInfo":{},"fontInfo":{"width":"560","height":"130","fontBold":"normal","textAlign":"left","family":"汉仪旗黑-35S","size":"120","color":"rgba(255, 255, 255, 1)","text":"被搭讪"},"dragCoor":{"flags":false,"isCross":false}},{"id":21,"name":"背景","type":"img","isEdit":false,"backMain":false,"style":{"rotate":0,"coor":{"left":0,"top":0}},"imgInfo":{"width":1080,"height":1920,"wRh":"0.56","scale":1,"url":"https://g.yile.vip/1545888718427_0004.png","https":"https://g.yile.vip/1545888718427_0004.png","isMain":true},"miniImgInfo":{"width":"100%","height":"100%","left":"0","top":"0","scale":1,"rotate":0},"fontInfo":{},"dragCoor":{"flags":false,"isCross":false}},{"id":22,"name":"图","type":"img","isEdit":true,"backMain":true,"style":{"rotate":0,"coor":{"left":"108","top":"420"}},"imgInfo":{"width":875,"height":1142,"wRh":"0.77","scale":1,"url":"https://g.yile.vip/1545888733299_图层-3.png","https":"https://g.yile.vip/1545888733299_图层-3.png","isMain":false},"miniImgInfo":{"width":"100%","height":"100%","left":"0","top":"0","scale":1,"rotate":0},"fontInfo":{},"dragCoor":{"flags":false,"isCross":false}}]}', '0004', '2018-12-27 13:38:44', '2018-12-28 18:17:45', 1, '');
INSERT INTO gallery.tb_template (id, category_id, brand_id, ratio, is_enabled, preview_image_url, descri, name, gmt_create, gmt_modified, gratis, phone_preview_image_url) VALUES (8, 36, 0, 3, 1, 'https://daily-test.mxth.com/template4892492541479226086.png', '{"mainW":1080,"mainH":1920,"mainL":0,"mainT":0,"allLayerNames":["背景","图","china We business service provider Allianc","中国微商服务商联盟","成为联盟核心骨干 把控行业发展命脉","把控行业发展命脉","微商操盘大师","小 火 星"],"layerMain":[{"id":64,"name":"小 火 星","type":"div","isEdit":true,"backMain":false,"style":{"rotate":0,"coor":{"left":"827","top":"215"}},"imgInfo":{"isMain":false},"miniImgInfo":{},"fontInfo":{"width":"64","height":"350","fontBold":"normal","textAlign":"left","family":"汉仪大黑简","size":"54","color":"rgba(255, 255, 255, 1)","text":"小 火 星","writingMode":"writing-mode:vertical-rl;text-align:left;"},"dragCoor":{"flags":false,"isCross":false}},{"id":63,"name":"微商操盘大师","type":"div","isEdit":true,"backMain":false,"style":{"rotate":0,"coor":{"left":"887","top":"215"}},"imgInfo":{"isMain":false},"miniImgInfo":{},"fontInfo":{"width":"64","height":"350","fontBold":"normal","textAlign":"center","family":"汉仪大宋简","size":"45","color":"rgba(0, 0, 0, 1)","text":"微商操盘大师"},"dragCoor":{"flags":false,"isCross":false}},{"id":62,"name":"把控行业发展命脉","type":"div","isEdit":true,"backMain":false,"style":{"rotate":0,"coor":{"left":0,"top":"1746"}},"imgInfo":{"isMain":false},"miniImgInfo":{},"fontInfo":{"width":"1080","height":"65","fontBold":"normal","textAlign":"center","family":"汉仪旗黑-50S","size":"59","color":"rgba(0,0,0,1)","text":"把控行业发展命脉"},"dragCoor":{"flags":false,"isCross":false}},{"id":61,"name":"成为联盟核心骨干 把控行业发展命脉","type":"div","isEdit":true,"backMain":false,"style":{"rotate":0,"coor":{"left":0,"top":"1676"}},"imgInfo":{"isMain":false},"miniImgInfo":{},"fontInfo":{"width":"1080","height":"65","fontBold":"normal","textAlign":"center","family":"汉仪旗黑-35S","size":"59","color":"rgba(0, 0, 0, 1)","text":"成为联盟核心骨干"},"dragCoor":{"flags":false,"isCross":false}},{"id":59,"name":"china We business service provider Allianc","type":"div","isEdit":true,"backMain":false,"style":{"rotate":0,"coor":{"left":0,"top":"1345"}},"imgInfo":{"isMain":false},"miniImgInfo":{},"fontInfo":{"width":"1080","height":"50","fontBold":"normal","textAlign":"center","family":"汉仪旗黑-35S","size":"32","color":"rgba(255, 255, 255, 1)","text":"CHINA WE BUSINESS SERVICE PROVIDER ALLIANC"},"dragCoor":{"flags":false,"isCross":false}},{"id":60,"name":"中国微商服务商联盟","type":"div","isEdit":true,"backMain":false,"style":{"rotate":0,"coor":{"left":0,"top":"1395"}},"imgInfo":{"isMain":false},"miniImgInfo":{},"fontInfo":{"width":"1080","height":100,"fontBold":"normal","textAlign":"center","family":"汉仪大黑简","size":"102","color":"rgba(255, 255, 255, 1)","text":"中国微商服务商联盟"},"dragCoor":{"flags":false,"isCross":false}},{"id":57,"name":"背景","type":"img","isEdit":false,"backMain":false,"style":{"rotate":0,"coor":{"left":0,"top":0}},"imgInfo":{"width":1080,"height":1920,"wRh":"0.56","scale":1,"url":"https://g.yile.vip/1545897188999_0003.png","https":"https://g.yile.vip/1545897188999_0003.png","isMain":true},"miniImgInfo":{"width":"100%","height":"100%","left":"0","top":"0","scale":1,"rotate":0},"fontInfo":{},"dragCoor":{"flags":false,"isCross":false}},{"id":58,"name":"图","type":"img","isEdit":true,"backMain":true,"style":{"rotate":0,"coor":{"left":0,"top":0}},"imgInfo":{"width":1080,"height":1483,"wRh":"0.73","scale":1,"url":"https://g.yile.vip/1545897200752_VCG21gic20043166.png","https":"https://g.yile.vip/1545897200752_VCG21gic20043166.png","isMain":false},"miniImgInfo":{"width":"100%","height":"100%","left":"0","top":"0","scale":1,"rotate":0},"fontInfo":{},"dragCoor":{"flags":false,"isCross":false}}]}', '0003', '2018-12-27 15:57:51', '2018-12-29 19:14:31', 1, '');
INSERT INTO gallery.tb_template (id, category_id, brand_id, ratio, is_enabled, preview_image_url, descri, name, gmt_create, gmt_modified, gratis, phone_preview_image_url) VALUES (12, 36, 0, 3, 1, 'https://daily-test.mxth.com/template443522850631485421.png', '{"mainW":1080,"mainH":1920,"mainL":0,"mainT":0,"allLayerNames":["背景","图","内训巨匠倾情讲解 升华团队战无不胜","火星团队特训营","上海************酒店","2018.5.17-5.21","能带大家一起赚钱 真叫本事","自己一个人赚钱 不叫本事","竖排文本测试啊啊啊啊","测试竖排文本测试竖排文本测试竖排文本","加速度快了复活节圣诞节开发哈师大接口返回适得府君书的看法坚实的","文字1"],"layerMain":[{"id":0,"name":"文字1","type":"div","isEdit":true,"backMain":false,"style":{"rotate":0,"coor":{"left":"150","top":"5"}},"imgInfo":{},"miniImgInfo":{},"fontInfo":{"width":"500","height":100,"fontBold":"normal","textAlign":"right","family":"汉仪大黑简","size":14,"color":"rgba(0,0,0,1)","text":"HELLO GOOD BOY","writingMode":"writing-mode:horizontal-tb;","textType":"horizontal-tb"},"dragCoor":{"flags":false,"isCross":false}},{"id":1,"name":"加速度快了复活节圣诞节开发哈师大接口返回适得府君书的看法坚实的","type":"div","isEdit":true,"backMain":false,"style":{"rotate":0,"coor":{"left":0,"top":0}},"imgInfo":{},"miniImgInfo":{},"fontInfo":{"width":"200","height":"1000","fontBold":"normal","textAlign":"left","family":"汉仪大宋简","size":"50","color":"rgba(0,0,0,1)","text":"加速度快了复活节圣诞节开发哈师大接口返回适得府君书的看法坚实的","writingMode":"horizontal-tb","textType":"vertical-rl"},"dragCoor":{"flags":false,"isCross":false}},{"id":0,"name":"测试竖排文本测试竖排文本测试竖排文本","type":"div","isEdit":true,"backMain":false,"style":{"rotate":0,"coor":{"left":"900","top":0}},"imgInfo":{},"miniImgInfo":{},"fontInfo":{"width":"300","height":"1000","fontBold":"normal","textAlign":"left","family":"汉仪旗黑-35S","size":"60","color":"rgba(0,0,0,1)","text":"测试竖排文本测试竖排文本测试竖排文本","writingMode":"horizontal-tb","textType":"vertical-rl"},"dragCoor":{"flags":false,"isCross":false}},{"id":0,"name":"竖排文本测试啊啊啊啊","type":"div","isEdit":true,"backMain":false,"style":{"rotate":0,"coor":{"left":"800","top":0}},"imgInfo":{},"miniImgInfo":{},"fontInfo":{"width":"1000","height":"1000","fontBold":"normal","textAlign":"left","family":"汉仪大黑简","size":"65","color":"rgba(0,0,0,1)","text":"竖排 文本测试啊啊啊啊对对对","writingMode":"horizontal-tb","textType":"vertical-rl"},"dragCoor":{"flags":false,"isCross":false}},{"id":7,"name":"2018.5.17-5.21","type":"div","isEdit":true,"backMain":false,"style":{"rotate":0,"coor":{"left":"66","top":"1704"}},"imgInfo":{},"miniImgInfo":{},"fontInfo":{"width":"600","height":"60","fontBold":"normal","textAlign":"left","family":"汉仪旗黑-50S","size":"50","color":"rgba(0,0,0,1)","text":"2018.5.17-5.21","textType":"horizontal-tb"},"dragCoor":{"flags":false,"isCross":false}},{"id":6,"name":"上海************酒店","type":"div","isEdit":true,"backMain":false,"style":{"rotate":0,"coor":{"left":"66","top":"1640"}},"imgInfo":{},"miniImgInfo":{},"fontInfo":{"width":"600","height":"60","fontBold":"normal","textAlign":"left","family":"汉仪旗黑-50S","size":"50","color":"rgba(0,0,0,1)","text":"上海************酒店","textType":"horizontal-tb"},"dragCoor":{"flags":false,"isCross":false}},{"id":5,"name":"火星团队特训营","type":"div","isEdit":true,"backMain":false,"style":{"rotate":0,"coor":{"left":"66","top":"1545"}},"imgInfo":{},"miniImgInfo":{},"fontInfo":{"width":"600","height":"60","fontBold":"normal","textAlign":"left","family":"汉仪旗黑-50S","size":"50","color":"rgba(0,0,0,1)","text":"火星 团队特训营","writingMode":"writing-mode:\\"horizontal-tb\\";"},"dragCoor":{"flags":false,"isCross":false}},{"id":4,"name":"内训巨匠倾情讲解 升华团队战无不胜","type":"div","isEdit":true,"backMain":false,"style":{"rotate":0,"coor":{"left":"100","top":"170"}},"imgInfo":{},"miniImgInfo":{},"fontInfo":{"width":"100","height":"1500","fontBold":"normal","textAlign":"left","family":"汉仪旗黑-50S","size":"60","color":"rgba(0,0,0,1)","text":"内训巨匠倾情讲解 升华团队战无不胜","writingMode":"writing-mode:horizontal-tb;","textType":"horizontal-tb"},"dragCoor":{"flags":false,"isCross":false}},{"id":0,"name":"能带大家一起赚钱 真叫本事","type":"div","isEdit":true,"backMain":false,"style":{"rotate":0,"coor":{"left":"180","top":"170"}},"imgInfo":{},"miniImgInfo":{},"fontInfo":{"width":"100","height":"1500","fontBold":"normal","textAlign":"left","family":"汉仪大黑简","size":"90","color":"rgba(0,0,0,1)","text":"能带大 家一起赚钱 真叫本事","writingMode":"writing-mode:vertical-rl;","textType":"vertical-rl"},"dragCoor":{"flags":false,"isCross":false}},{"id":1,"name":"自己一个人赚钱 不叫本事","type":"div","isEdit":true,"backMain":false,"style":{"rotate":0,"coor":{"left":"290","top":"170"}},"imgInfo":{},"miniImgInfo":{},"fontInfo":{"width":100,"height":"1500","fontBold":"normal","textAlign":"left","family":"汉仪大黑简","size":"90","color":"rgba(0,0,0,1)","text":"自己一个人赚钱 不叫本事","writingMode":"writing-mode:vertical-rl;","textType":"vertical-rl"},"dragCoor":{"flags":false,"isCross":false}},{"id":0,"name":"背景","type":"img","isEdit":false,"backMain":false,"style":{"rotate":0,"coor":{"left":0,"top":0}},"imgInfo":{"width":1080,"height":1920,"wRh":"0.56","scale":1,"url":"https://g.yile.vip/1545902289841_0001.png","https":"https://g.yile.vip/1545902289841_0001.png","isMain":true},"miniImgInfo":{"width":"100%","height":"100%","left":"0","top":"0","scale":1,"rotate":0},"fontInfo":{},"dragCoor":{"flags":false,"isCross":false}},{"id":1,"name":"图","type":"img","isEdit":true,"backMain":true,"style":{"rotate":0,"coor":{"left":0,"top":0}},"imgInfo":{"width":1080,"height":1920,"wRh":"0.56","scale":1,"url":"https://g.yile.vip/1545902303100_图层-2.png","https":"https://g.yile.vip/1545902303100_图层-2.png","isMain":false},"miniImgInfo":{"width":"100%","height":"100%","left":"0","top":"0","scale":1,"rotate":0},"fontInfo":{},"dragCoor":{"flags":false,"isCross":false}}]}', '0001', '2018-12-27 17:29:36', '2019-01-30 18:42:13', 1, '');
INSERT INTO gallery.tb_template (id, category_id, brand_id, ratio, is_enabled, preview_image_url, descri, name, gmt_create, gmt_modified, gratis, phone_preview_image_url) VALUES (13, 36, 0, 3, 1, 'https://daily-test.mxth.com/template7449250899198182685.png', '{"mainW":1080,"mainH":1920,"mainL":0,"mainT":0,"allLayerNames":["背景","图","1杯珍珠奶茶=320卡","小火星=45大卡","减少胰岛素分泌","减少脂肪过快储存","打造紧致身段","团队：火星图库团队"],"layerMain":[{"id":15,"name":"团队：火星图库团队","type":"div","isEdit":true,"backMain":false,"style":{"rotate":0,"coor":{"left":"97","top":"1760"}},"imgInfo":{},"miniImgInfo":{},"fontInfo":{"width":"900","height":"55","fontBold":"normal","textAlign":"left","family":"汉仪旗黑-50S","size":"45","color":"rgba(0,0,0,1)","text":"团队：火星图库团队"},"dragCoor":{"flags":false,"isCross":false}},{"id":14,"name":"打造紧致身段","type":"div","isEdit":true,"backMain":false,"style":{"rotate":0,"coor":{"left":"185","top":"1585"}},"imgInfo":{},"miniImgInfo":{},"fontInfo":{"width":"900","height":"55","fontBold":"normal","textAlign":"left","family":"汉仪旗黑-35S","size":"45","color":"rgba(0,0,0,1)","text":"打造紧致身段"},"dragCoor":{"flags":false,"isCross":false}},{"id":13,"name":"减少脂肪过快储存","type":"div","isEdit":true,"backMain":false,"style":{"rotate":0,"coor":{"left":"185","top":"1525"}},"imgInfo":{},"miniImgInfo":{},"fontInfo":{"width":"900","height":"55","fontBold":"normal","textAlign":"left","family":"汉仪旗黑-35S","size":"45","color":"rgba(0,0,0,1)","text":"减少脂肪过快储存"},"dragCoor":{"flags":false,"isCross":false}},{"id":12,"name":"减少胰岛素分泌","type":"div","isEdit":true,"backMain":false,"style":{"rotate":0,"coor":{"left":"185","top":"1459"}},"imgInfo":{},"miniImgInfo":{},"fontInfo":{"width":"900","height":"55","fontBold":"normal","textAlign":"left","family":"汉仪旗黑-35S","size":"45","color":"rgba(0,0,0,1)","text":"减少胰岛素分泌"},"dragCoor":{"flags":false,"isCross":false}},{"id":11,"name":"小火星=45大卡","type":"div","isEdit":true,"backMain":false,"style":{"rotate":0,"coor":{"left":"97","top":"1340"}},"imgInfo":{},"miniImgInfo":{},"fontInfo":{"width":"450","height":"74","fontBold":"normal","textAlign":"center","family":"汉仪旗黑-50S","size":"60","color":"rgba(0,0,0,1)","text":"小火星=45大卡"},"dragCoor":{"flags":false,"isCross":false}},{"id":10,"name":"1杯珍珠奶茶=320卡","type":"div","isEdit":true,"backMain":false,"style":{"rotate":0,"coor":{"left":"97","top":"1222"}},"imgInfo":{},"miniImgInfo":{},"fontInfo":{"width":"1080","height":"100","fontBold":"normal","textAlign":"left","family":"汉仪旗黑-50S","size":"90","color":"rgba(0,0,0,1)","text":"1杯珍珠奶茶=320卡"},"dragCoor":{"flags":false,"isCross":false}},{"id":8,"name":"背景","type":"img","isEdit":false,"backMain":false,"style":{"rotate":0,"coor":{"left":0,"top":0}},"imgInfo":{"width":1080,"height":1920,"wRh":"0.56","scale":1,"url":"https://g.yile.vip/1545903346686_0001.png","https":"https://g.yile.vip/1545903346686_0001.png","isMain":true},"miniImgInfo":{"width":"100%","height":"100%","left":"0","top":"0","scale":1,"rotate":0},"fontInfo":{},"dragCoor":{"flags":false,"isCross":false}},{"id":9,"name":"图","type":"img","isEdit":true,"backMain":true,"style":{"rotate":0,"coor":{"left":"97","top":"317"}},"imgInfo":{"width":881,"height":746,"wRh":"1.18","scale":1,"url":"https://g.yile.vip/1545903372906_VCG41N840472792-(1).png","https":"https://g.yile.vip/1545903372906_VCG41N840472792-(1).png","isMain":false},"miniImgInfo":{"width":"100%","height":"100%","left":"0","top":"0","scale":1,"rotate":0},"fontInfo":{},"dragCoor":{"flags":false,"isCross":false}}]}', '0001', '2018-12-27 17:55:38', '2018-12-28 18:17:05', 0, '');
INSERT INTO gallery.tb_template (id, category_id, brand_id, ratio, is_enabled, preview_image_url, descri, name, gmt_create, gmt_modified, gratis, phone_preview_image_url) VALUES (85, 28, 0, 3, 1, 'https://daily-test.mxth.com/z/template5709716785875728282.png', '{"mainW":1440,"mainH":1920,"mainL":0,"mainT":0,"layerMain":[{"id":15,"name":"文字4","type":"div","isEdit":true,"backMain":false,"style":{"rotate":0,"coor":{"left":"449","top":"1334"}},"imgInfo":{"isMain":false},"miniImgInfo":{},"fontInfo":{"width":"35","height":"400","fontBold":"normal","textAlign":"left","family":"汉仪大宋简","size":"37","color":"#000","text":"火星养肤套装组"},"dragCoor":{"flags":false,"isCross":false}},{"id":14,"name":"文字3","type":"div","isEdit":true,"backMain":false,"style":{"rotate":0,"coor":{"left":"548","top":"395"}},"imgInfo":{"isMain":false},"miniImgInfo":{},"fontInfo":{"width":"800","height":100,"fontBold":"normal","textAlign":"left","family":"汉仪喵魂体W","size":"46","color":"#000","text":"一步触发透白肌彩"},"dragCoor":{"flags":false,"isCross":false}},{"id":13,"name":"文字2","type":"div","isEdit":true,"backMain":false,"style":{"rotate":0,"coor":{"left":"548","top":"341"}},"imgInfo":{"isMain":false},"miniImgInfo":{},"fontInfo":{"width":"300","height":100,"fontBold":"normal","textAlign":"left","family":"汉仪大黑简","size":"46","color":"#000","text":"功效加乘"},"dragCoor":{"flags":false,"isCross":false}},{"id":12,"name":"文字1","type":"div","isEdit":true,"backMain":false,"style":{"rotate":0,"coor":{"left":"548","top":"285"}},"imgInfo":{"isMain":false},"miniImgInfo":{},"fontInfo":{"width":"300","height":100,"fontBold":"normal","textAlign":"left","family":"汉仪旗黑-35简","size":"46","color":"#000","text":"美丽进阶"},"dragCoor":{"flags":false,"isCross":false}},{"id":10,"name":"22","type":"img","isEdit":true,"backMain":false,"style":{"rotate":0,"coor":{"left":"548","top":"567"}},"imgInfo":{"width":892,"height":1199,"wRh":"0.74","scale":1,"url":"https://daily-test.oss-cn-hangzhou.aliyuncs.com/1544170110010_21.png","https":"https://daily-test.oss-cn-hangzhou.aliyuncs.com/1544170110010_21.png","isMain":false},"miniImgInfo":{"width":"100%","height":"100%","left":"0","top":"0","scale":1,"rotate":0},"fontInfo":{},"dragCoor":{"flags":false,"isCross":false}},{"id":9,"name":"21","type":"img","isEdit":true,"backMain":false,"style":{"rotate":0,"coor":{"left":0,"top":"242"}},"imgInfo":{"width":170,"height":1524,"wRh":"0.11","scale":1,"url":"https://daily-test.oss-cn-hangzhou.aliyuncs.com/1544170084110_22.png","https":"https://daily-test.oss-cn-hangzhou.aliyuncs.com/1544170084110_22.png","isMain":false},"miniImgInfo":{"width":"100%","height":"100%","left":"0","top":"0","scale":1,"rotate":0},"fontInfo":{},"dragCoor":{"flags":false,"isCross":false}},{"id":11,"name":"背景1","type":"img","isEdit":false,"backMain":false,"style":{"rotate":0,"coor":{"left":0,"top":0}},"imgInfo":{"width":1440,"height":1920,"wRh":"0.75","scale":1,"url":"https://daily-test.oss-cn-hangzhou.aliyuncs.com/1544170194580_背景.png","https":"https://daily-test.oss-cn-hangzhou.aliyuncs.com/1544170194580_背景.png","isMain":true},"miniImgInfo":{"width":"100%","height":"100%","left":"0","top":"0","scale":1,"rotate":0},"fontInfo":{},"dragCoor":{"flags":false,"isCross":false}}]}', '业务方模板2勿删', '2018-12-07 16:21:41', '2019-03-13 23:10:55', 1, '');
INSERT INTO gallery.tb_template (id, category_id, brand_id, ratio, is_enabled, preview_image_url, descri, name, gmt_create, gmt_modified, gratis, phone_preview_image_url) VALUES (86, 28, 0, 2, 1, 'https://daily-test.mxth.com/template4551536719611439933.png', '{"mainW":1920,"mainH":1440,"mainL":0,"mainT":0,"layerMain":[{"id":23,"name":"文字4","type":"div","isEdit":true,"backMain":false,"style":{"rotate":0,"coor":{"left":"244","top":"1232"}},"imgInfo":{"isMain":false},"miniImgInfo":{},"fontInfo":{"width":"800","height":100,"fontBold":"normal","textAlign":"left","family":"汉仪大宋简","size":"33","color":"rgba(0, 0, 0, 1)","text":"火星海报口红套装组合"},"dragCoor":{"flags":false,"isCross":false}},{"id":22,"name":"文字3","type":"div","isEdit":true,"backMain":false,"style":{"rotate":0,"coor":{"left":"124","top":"675"}},"imgInfo":{"isMain":false},"miniImgInfo":{},"fontInfo":{"width":"500","height":100,"fontBold":"bold","textAlign":"left","family":"汉仪大黑简","size":"43","color":"rgba(0, 0, 0, 1)","text":"抹着*******火星口红的你"},"dragCoor":{"flags":false,"isCross":false}},{"id":21,"name":"文字2","type":"div","isEdit":true,"backMain":false,"style":{"rotate":0,"coor":{"left":"279","top":"619"}},"imgInfo":{"isMain":false},"miniImgInfo":{},"fontInfo":{"width":"300","height":100,"fontBold":"bold","textAlign":"left","family":"汉仪大黑简","size":14,"color":"rgba(0, 0, 0, 1)","text":"都不及我眼中"},"dragCoor":{"flags":false,"isCross":false}},{"id":20,"name":"文字1","type":"div","isEdit":true,"backMain":false,"style":{"rotate":0,"coor":{"left":"229","top":"563"}},"imgInfo":{"isMain":false},"miniImgInfo":{},"fontInfo":{"width":"500","height":100,"fontBold":"normal","textAlign":"left","family":"汉仪大宋简","size":"43","color":"rgba(0, 0, 0, 1)","text":"清晨的风  夜晚的星"},"dragCoor":{"flags":false,"isCross":false}},{"id":19,"name":"33小","type":"img","isEdit":true,"backMain":false,"style":{"rotate":0,"coor":{"left":"1052","top":"236"}},"imgInfo":{"width":670,"height":998,"wRh":"0.67","scale":1,"url":"https://daily-test.mxth.com/1544172075554_31.png","https":"https://daily-test.mxth.com/1544172075554_31.png","isMain":false},"miniImgInfo":{"width":"100%","height":"100%","left":"0","top":"0","scale":1,"rotate":0},"fontInfo":{},"dragCoor":{"flags":false,"isCross":false}},{"id":27,"name":"32","type":"img","isEdit":false,"backMain":false,"style":{"rotate":0,"coor":{"left":"1023","top":"215"}},"imgInfo":{"width":724,"height":1052,"wRh":"0.69","scale":1,"url":"https://daily-test.mxth.com/1544172976368_框.png","https":"https://daily-test.mxth.com/1544172976368_框.png","isMain":false},"miniImgInfo":{"width":"100%","height":"100%","left":"0","top":"0","scale":1,"rotate":0},"fontInfo":{},"dragCoor":{"flags":false,"isCross":false}},{"id":17,"name":"31大","type":"img","isEdit":true,"backMain":false,"style":{"rotate":0,"coor":{"left":"838","top":0}},"imgInfo":{"width":1083,"height":1440,"wRh":"0.75","scale":1,"url":"https://daily-test.mxth.com/1544172015882_32大.png","https":"https://daily-test.mxth.com/1544172015882_32大.png","isMain":false},"miniImgInfo":{"width":"100%","height":"100%","left":"0","top":"0","scale":1,"rotate":0},"fontInfo":{},"dragCoor":{"flags":false,"isCross":false}},{"id":16,"name":"背景","type":"img","isEdit":false,"backMain":false,"style":{"rotate":0,"coor":{"left":0,"top":0}},"imgInfo":{"width":1920,"height":1440,"wRh":"1.33","scale":1,"url":"https://daily-test.mxth.com/1544171993847_背景.png","https":"https://daily-test.mxth.com/1544171993847_背景.png","isMain":true},"miniImgInfo":{"width":"100%","height":"100%","left":"0","top":"0","scale":1,"rotate":0},"fontInfo":{},"dragCoor":{"flags":false,"isCross":false}}]}', '业务方模板3勿删', '2018-12-07 16:58:50', '2018-12-20 18:44:25', 1, '');
INSERT INTO gallery.tb_template (id, category_id, brand_id, ratio, is_enabled, preview_image_url, descri, name, gmt_create, gmt_modified, gratis, phone_preview_image_url) VALUES (90, 31, 0, 1, 1, 'https://daily-test.mxth.com/template4663973423970595356.png', '{"mainW":745,"mainH":489,"mainL":0,"mainT":0,"layerMain":[{"id":0,"name":"汉仪旗黑-35简","type":"div","isEdit":true,"backMain":false,"style":{"rotate":0,"coor":{"left":"380","top":"100"}},"imgInfo":{},"miniImgInfo":{},"fontInfo":{"width":"400","height":100,"fontBold":"bold","textAlign":"left","family":"汉仪旗黑-35S","size":"50","color":"rgba(78, 214, 29, 1)","text":"汉仪旗黑-35简"},"dragCoor":{"flags":false,"isCross":false}},{"id":0,"name":"汉仪大黑简","type":"div","isEdit":true,"backMain":false,"style":{"rotate":0,"coor":{"left":"260","top":0}},"imgInfo":{},"miniImgInfo":{},"fontInfo":{"width":100,"height":"200","fontBold":"bold","textAlign":"left","family":"汉仪大黑简","size":"40","color":"rgba(103, 210, 21, 1)","text":"汉仪大黑简"},"dragCoor":{"flags":false,"isCross":false}},{"id":4,"name":"我是测试字体-汉仪旗黑-35简字体 ","type":"div","isEdit":true,"backMain":false,"style":{"rotate":"0","coor":{"left":0,"top":"205"}},"imgInfo":{},"miniImgInfo":{},"fontInfo":{"width":"800","height":"70","fontBold":"bold","textAlign":"center","family":"汉仪旗黑-50S","size":"50","color":"rgba(220, 17, 17, 1)","text":"汉仪旗黑50"},"dragCoor":{"flags":false,"isCross":false}},{"id":3,"name":"我是测试字体-汉仪大宋简字体","type":"div","isEdit":true,"backMain":false,"style":{"rotate":0,"coor":{"left":0,"top":"370"}},"imgInfo":{},"miniImgInfo":{},"fontInfo":{"width":"700","height":"70","fontBold":"bold","textAlign":"center","family":"汉仪大宋简","size":"50","color":"rgba(228, 19, 19, 1)","text":"汉仪大宋"},"dragCoor":{"flags":false,"isCross":false}},{"id":1,"name":"我是测试字体-仿宋字体","type":"div","isEdit":true,"backMain":false,"style":{"rotate":0,"coor":{"left":0,"top":0}},"imgInfo":{"isMain":false},"miniImgInfo":{},"fontInfo":{"width":"200","height":"100","fontBold":"bold","textAlign":"left","family":"汉仪仿宋简","size":"50","color":"rgba(234, 12, 12, 1)","text":"汉仪仿宋"},"dragCoor":{"flags":false,"isCross":false}},{"id":0,"name":"背景","type":"img","isEdit":false,"backMain":false,"style":{"rotate":0,"coor":{"left":0,"top":0}},"imgInfo":{"width":745,"height":489,"wRh":"1.52","scale":1,"url":"https://daily-test.mxth.com/1545009896801_meizhuang2.jpg","https":"https://daily-test.mxth.com/1545009896801_meizhuang2.jpg","isMain":true},"miniImgInfo":{"width":"100%","height":"100%","left":"0","top":"0","scale":1,"rotate":0},"fontInfo":{},"dragCoor":{"flags":false,"isCross":false}}]}', '字体测试', '2018-12-11 16:46:22', '2018-12-21 11:00:21', 1, '');
INSERT INTO gallery.tb_template (id, category_id, brand_id, ratio, is_enabled, preview_image_url, descri, name, gmt_create, gmt_modified, gratis, phone_preview_image_url) VALUES (92, 35, 0, 3, 1, 'https://daily-test.mxth.com/template3102045346942875714.png', '{"mainW":1080,"mainH":1920,"mainL":0,"mainT":0,"layerMain":[{"id":0,"name":"文字6","type":"div","isEdit":true,"backMain":false,"style":{"rotate":0,"coor":{"left":"98","top":"1520"}},"imgInfo":{},"miniImgInfo":{},"fontInfo":{"width":"300","height":"150","fontBold":"bold","textAlign":"left","family":"汉仪大宋简","size":"37","color":"rgba(0, 0, 0, 1)","text":" 瘦出窈窕好身材"},"dragCoor":{"flags":false,"isCross":false}},{"id":15,"name":"文字5","type":"div","isEdit":true,"backMain":false,"style":{"rotate":0,"coor":{"left":"0","top":"1779"}},"imgInfo":{"isMain":false},"miniImgInfo":{},"fontInfo":{"width":"1080","height":100,"fontBold":"bold","textAlign":"center","family":"汉仪大黑简","size":"50","color":"rgba(42, 21, 21, 0.51)","text":"· 小火星团队 ·"},"dragCoor":{"flags":false,"isCross":false}},{"id":7,"name":"英文","type":"div","isEdit":true,"backMain":false,"style":{"rotate":"0","coor":{"left":0,"top":"280"}},"imgInfo":{"isMain":false},"miniImgInfo":{},"fontInfo":{"width":"1080","height":100,"fontBold":"normal","textAlign":"center","family":"汉仪旗黑-35S","size":"25","color":"rgba(31, 30, 30, 1)","text":"Fashion black stockings + high heeled shoes + concave molding s"},"dragCoor":{"flags":false,"isCross":false}},{"id":14,"name":"文字4","type":"div","isEdit":true,"backMain":false,"style":{"rotate":0,"coor":{"left":"98","top":"1470"}},"imgInfo":{"isMain":false},"miniImgInfo":{},"fontInfo":{"width":"300","height":"150","fontBold":"bold","textAlign":"left","family":"汉仪大宋简","size":"37","color":"rgba(21, 1, 1, 1)","text":"营养均衡低能量"},"dragCoor":{"flags":false,"isCross":false}},{"id":13,"name":"文字3","type":"div","isEdit":true,"backMain":false,"style":{"rotate":0,"coor":{"left":"98","top":"1422"}},"imgInfo":{"isMain":false},"miniImgInfo":{},"fontInfo":{"width":"260","height":"40","fontBold":"normal","textAlign":"left","family":"汉仪大黑简","size":"37","color":"rgba(0, 0, 0, 1)","text":"小/火/星"},"dragCoor":{"flags":false,"isCross":false}},{"id":6,"name":"文字2","type":"div","isEdit":true,"backMain":false,"style":{"rotate":0,"coor":{"left":0,"top":"155"}},"imgInfo":{"isMain":false},"miniImgInfo":{},"fontInfo":{"width":"1080","height":100,"fontBold":"bold","textAlign":"center","family":"汉仪大黑简","size":"55","color":"rgba(13, 13, 13, 1)","text":"画风依旧不乐观？因为胖！"},"dragCoor":{"flags":false,"isCross":false}},{"id":5,"name":"文字1","type":"div","isEdit":true,"backMain":false,"style":{"rotate":0,"coor":{"left":0,"top":"90"}},"imgInfo":{"isMain":false},"miniImgInfo":{},"fontInfo":{"width":"1080","height":"60","fontBold":"normal","textAlign":"center","family":"汉仪旗黑-50S","size":"47","color":"rgba(21, 20, 20, 1)","text":"时尚黑丝袜+气质高跟鞋+凹造型专用pose "},"dragCoor":{"flags":false,"isCross":false}},{"id":0,"name":"背景","type":"img","isEdit":false,"backMain":false,"style":{"rotate":0,"coor":{"left":0,"top":0}},"imgInfo":{"width":1080,"height":1920,"wRh":"0.56","scale":1,"url":"https://daily-test.mxth.com/1544690524605_背景.png","https":"https://daily-test.mxth.com/1544690524605_背景.png","isMain":true},"miniImgInfo":{"width":"100%","height":"100%","left":"0","top":"0","scale":1,"rotate":0},"fontInfo":{},"dragCoor":{"flags":false,"isCross":false}},{"id":11,"name":"附图2","type":"img","isEdit":true,"backMain":true,"style":{"rotate":0,"coor":{"left":"106","top":"793"}},"imgInfo":{"width":254,"height":234,"wRh":"1.09","scale":1,"url":"https://daily-test.mxth.com/1544691914543_附图1.png","https":"https://daily-test.mxth.com/1544691914543_附图1.png","isMain":false},"miniImgInfo":{"width":"100%","height":"100%","left":"0","top":"0","scale":1,"rotate":0},"fontInfo":{},"dragCoor":{"flags":false,"isCross":false}},{"id":12,"name":"附图3","type":"img","isEdit":true,"backMain":true,"style":{"rotate":0,"coor":{"left":"106","top":"1089"}},"imgInfo":{"width":254,"height":234,"wRh":"1.09","scale":1,"url":"https://daily-test.mxth.com/1544691957360_附图1.png","https":"https://daily-test.mxth.com/1544691957360_附图1.png","isMain":false},"miniImgInfo":{"width":"100%","height":"100%","left":"0","top":"0","scale":1,"rotate":0},"fontInfo":{},"dragCoor":{"flags":false,"isCross":false}},{"id":10,"name":"附图1","type":"img","isEdit":true,"backMain":true,"style":{"rotate":0,"coor":{"left":"106","top":"500"}},"imgInfo":{"width":254,"height":234,"wRh":"1.09","scale":1,"url":"https://daily-test.mxth.com/1544691851689_附图1.png","https":"https://daily-test.mxth.com/1544691851689_附图1.png","isMain":false},"miniImgInfo":{"width":"100%","height":"100%","left":"0","top":"0","scale":1,"rotate":0},"fontInfo":{},"dragCoor":{"flags":false,"isCross":false}},{"id":16,"name":"主图1","type":"img","isEdit":true,"backMain":true,"style":{"rotate":0,"coor":{"left":"285","top":"392"}},"imgInfo":{"width":806,"height":1284,"wRh":"0.63","scale":1,"url":"https://daily-test.mxth.com/1544693343894_主图.png","https":"https://daily-test.mxth.com/1544693343894_主图.png","isMain":false},"miniImgInfo":{"width":"100%","height":"100%","left":"0","top":"0","scale":1,"rotate":0},"fontInfo":{},"dragCoor":{"flags":false,"isCross":false}}]}', '123', '2018-12-13 17:21:39', '2018-12-21 19:05:13', 1, '');
INSERT INTO gallery.tb_template (id, category_id, brand_id, ratio, is_enabled, preview_image_url, descri, name, gmt_create, gmt_modified, gratis, phone_preview_image_url) VALUES (93, 36, 0, 1, 1, 'https://daily-test.mxth.com/template8476764273601754283.png', '{"mainW":250,"mainH":250,"mainL":0,"mainT":0,"layerMain":[{"id":0,"name":"1","type":"img","isEdit":false,"backMain":false,"style":{"rotate":0,"coor":{"left":0,"top":0}},"imgInfo":{"width":250,"height":250,"wRh":"1.00","scale":1,"url":"https://daily-test.mxth.com/1544772806883_图库图标2.0-11.jpg","https":"https://daily-test.mxth.com/1544772806883_图库图标2.0-11.jpg","isMain":true},"miniImgInfo":{"width":"100%","height":"100%","left":"0","top":"0","scale":1,"rotate":0},"fontInfo":{},"dragCoor":{"flags":false,"isCross":false}}]}', '测试正方形', '2018-12-14 15:33:38', '2018-12-14 15:33:38', 1, '');
INSERT INTO gallery.tb_template (id, category_id, brand_id, ratio, is_enabled, preview_image_url, descri, name, gmt_create, gmt_modified, gratis, phone_preview_image_url) VALUES (94, 36, 0, 3, 1, 'https://daily-test.mxth.com/template212984023713310509.png', '{"mainW":1080,"mainH":1920,"mainL":"0","mainT":0,"layerMain":[{"id":6,"name":"文字4","type":"div","isEdit":true,"backMain":false,"style":{"rotate":0,"coor":{"left":"84","top":"1550"}},"imgInfo":{"isMain":false},"miniImgInfo":{},"fontInfo":{"width":"900","height":"60","fontBold":"bold","textAlign":"left","family":"汉仪大黑简","size":"42","color":"rgba(255, 255, 255, 1)","text":"证产品全部为优质正品"},"dragCoor":{"flags":false,"isCross":false}},{"id":5,"name":"文字3","type":"div","isEdit":true,"backMain":false,"style":{"rotate":0,"coor":{"left":"84","top":"1480"}},"imgInfo":{"isMain":false},"miniImgInfo":{},"fontInfo":{"width":"900","height":"60","fontBold":"bold","textAlign":"left","family":"汉仪大宋简","size":"42","color":"rgba(255, 255, 255, 1)","text":"所经营销售的某某产品均由本公司授权销售，保"},"dragCoor":{"flags":false,"isCross":false}},{"id":4,"name":"文字2","type":"div","isEdit":true,"backMain":false,"style":{"rotate":0,"coor":{"left":"84","top":"1410"}},"imgInfo":{"isMain":false},"miniImgInfo":{},"fontInfo":{"width":"900","height":"60","fontBold":"bold","textAlign":"left","family":"汉仪旗黑-35S","size":"42","color":"rgba(255, 255, 255, 1)","text":"取得我 公司旗下某 某品牌全国一级经销商授权，"},"dragCoor":{"flags":false,"isCross":false}},{"id":3,"name":"文字1","type":"div","isEdit":true,"backMain":false,"style":{"rotate":0,"coor":{"left":0,"top":"410"}},"imgInfo":{"isMain":false},"miniImgInfo":{},"fontInfo":{"width":"1080","height":100,"fontBold":"bold","textAlign":"center","family":"汉仪大宋简","size":"86","color":"rgba(255, 255, 255, 1)","text":"授权人姓名：小火星"},"dragCoor":{"flags":false,"isCross":false}},{"id":1,"name":"背景1","type":"img","isEdit":false,"backMain":false,"style":{"rotate":0,"coor":{"left":"0","top":0}},"imgInfo":{"width":1080,"height":1920,"wRh":"0.56","scale":1,"url":"https://daily-test.mxth.com/1544774615485_背景.png","https":"https://daily-test.mxth.com/1544774615485_背景.png","isMain":true},"miniImgInfo":{"width":"100%","height":"100%","left":"0","top":"0","scale":1,"rotate":0},"fontInfo":{},"dragCoor":{"flags":false,"isCross":false}},{"id":2,"name":"头像","type":"img","isEdit":true,"backMain":true,"style":{"rotate":0,"coor":{"left":"126","top":"521"}},"imgInfo":{"width":824,"height":739,"wRh":"1.12","scale":1,"url":"https://daily-test.mxth.com/1544774687282_头像.png","https":"https://daily-test.mxth.com/1544774687282_头像.png","isMain":false},"miniImgInfo":{"width":"100%","height":"100%","left":"0","top":"0","scale":1,"rotate":0},"fontInfo":{},"dragCoor":{"flags":false,"isCross":false}}]}', '邀请', '2018-12-14 16:12:19', '2018-12-29 09:42:41', 1, '');
INSERT INTO gallery.tb_template (id, category_id, brand_id, ratio, is_enabled, preview_image_url, descri, name, gmt_create, gmt_modified, gratis, phone_preview_image_url) VALUES (102, 36, 0, 1, 1, 'https://daily-test.mxth.com/h/template3829798072705959984.png', '{"mainW":1920,"mainH":1080,"mainL":0,"mainT":0,"layerMain":[{"id":0,"name":"测试图层名称1","type":"img","isEdit":false,"backMain":false,"style":{"rotate":0,"coor":{"left":0,"top":0}},"imgInfo":{"width":1920,"height":1080,"wRh":"1.78","scale":1,"url":"https://daily-test.mxth.com/1545359350685_2018-09-18 11-22-55 的屏幕截图.png","https":"https://daily-test.mxth.com/1545359350685_2018-09-18 11-22-55 的屏幕截图.png","isMain":true},"miniImgInfo":{"width":"100%","height":"100%","left":"0","top":"0","scale":1,"rotate":0},"fontInfo":{},"dragCoor":{"flags":false,"isCross":false}}]}', 'zx_测试模板名称', '2018-12-21 10:30:27', '2019-03-13 23:13:10', 1, '');
INSERT INTO gallery.tb_template (id, category_id, brand_id, ratio, is_enabled, preview_image_url, descri, name, gmt_create, gmt_modified, gratis, phone_preview_image_url) VALUES (103, 26, 0, 3, 1, 'https://daily-test.mxth.com/template872909089098003018.png', '{"mainW":963,"mainH":626,"mainL":0,"mainT":"400","layerMain":[{"id":7,"name":"文字五","type":"div","isEdit":true,"backMain":false,"style":{"rotate":0,"coor":{"left":"260","top":"600"}},"imgInfo":{"isMain":false},"miniImgInfo":{},"fontInfo":{"width":"300","height":"200","fontBold":"bold","textAlign":"left","family":"汉仪旗黑-50S","size":"70","color":"#000","text":"短歌叹"},"dragCoor":{"flags":false,"isCross":false}},{"id":6,"name":"文字四","type":"div","isEdit":true,"backMain":false,"style":{"rotate":0,"coor":{"left":"400","top":"550"}},"imgInfo":{"isMain":false},"miniImgInfo":{},"fontInfo":{"width":"250","height":100,"fontBold":"normal","textAlign":"left","family":"汉仪旗黑-35S","size":"70","color":"rgba(156, 6, 78, 1)","text":"长恨歌"},"dragCoor":{"flags":false,"isCross":false}},{"id":5,"name":"文字三","type":"div","isEdit":true,"backMain":false,"style":{"rotate":0,"coor":{"left":"300","top":"500"}},"imgInfo":{"isMain":false},"miniImgInfo":{},"fontInfo":{"width":"200","height":100,"fontBold":"normal","textAlign":"right","family":"汉仪仿宋简","size":"60","color":"rgba(180, 139, 16, 1)","text":"意难忘"},"dragCoor":{"flags":false,"isCross":false}},{"id":4,"name":"文字二","type":"div","isEdit":true,"backMain":false,"style":{"rotate":0,"coor":{"left":"100","top":"390"}},"imgInfo":{"isMain":false},"miniImgInfo":{},"fontInfo":{"width":"200","height":100,"fontBold":"normal","textAlign":"center","family":"汉仪大黑简","size":"60","color":"#000","text":"很不好"},"dragCoor":{"flags":false,"isCross":false}},{"id":3,"name":"文字一","type":"div","isEdit":true,"backMain":false,"style":{"rotate":0,"coor":{"left":"100","top":"450"}},"imgInfo":{"isMain":false},"miniImgInfo":{},"fontInfo":{"width":"200","height":100,"fontBold":"normal","textAlign":"center","family":"汉仪大宋简","size":"50","color":"rgba(23, 32, 201, 1)","text":"你好呀"},"dragCoor":{"flags":false,"isCross":false}},{"id":1,"name":"456","type":"img","isEdit":false,"backMain":false,"style":{"rotate":0,"coor":{"left":0,"top":"400"}},"imgInfo":{"width":963,"height":626,"wRh":"1.54","scale":1,"url":"https://daily-test.mxth.com/1545359515204_5.jpg","https":"https://daily-test.mxth.com/1545359515204_5.jpg","isMain":true},"miniImgInfo":{"width":"100%","height":"100%","left":"0","top":"0","scale":1,"rotate":0},"fontInfo":{},"dragCoor":{"flags":false,"isCross":false}},{"id":0,"name":"123","type":"img","isEdit":true,"backMain":true,"style":{"rotate":0,"coor":{"left":"0","top":"0"}},"imgInfo":{"width":792,"height":632,"wRh":"1.25","scale":1,"url":"https://daily-test.mxth.com/1545359452399_人物.jpg","https":"https://daily-test.mxth.com/1545359452399_人物.jpg","isMain":false},"miniImgInfo":{"width":"100%","height":"100%","left":"0","top":"0","scale":1,"rotate":0},"fontInfo":{},"dragCoor":{"flags":false,"isCross":false}}]}', '测试专用', '2018-12-21 10:42:49', '2019-01-10 14:59:30', 0, '');
INSERT INTO gallery.tb_template (id, category_id, brand_id, ratio, is_enabled, preview_image_url, descri, name, gmt_create, gmt_modified, gratis, phone_preview_image_url) VALUES (104, 36, 0, 3, 1, 'https://daily-test.mxth.com/template8065855559974257362.png', '{"mainW":1080,"mainH":1920,"mainL":0,"mainT":0,"layerMain":[{"id":4,"name":"文字4","type":"div","isEdit":true,"backMain":false,"style":{"rotate":0,"coor":{"left":0,"top":"1280"}},"imgInfo":{"isMain":false},"miniImgInfo":{},"fontInfo":{"width":"1080","height":"200","fontBold":"normal","textAlign":"center","family":"汉仪旗黑-50S","size":"60","color":"rgba(255, 255, 255, 1)","text":"汉仪旗黑-50简"},"dragCoor":{"flags":false,"isCross":false}},{"id":3,"name":"文字3","type":"div","isEdit":true,"backMain":false,"style":{"rotate":0,"coor":{"left":0,"top":"1080"}},"imgInfo":{"isMain":false},"miniImgInfo":{},"fontInfo":{"width":"1080","height":"200","fontBold":"normal","textAlign":"center","family":"汉仪旗黑-35S","size":"60","color":"rgba(255, 255, 255, 1)","text":"汉仪旗黑-35简"},"dragCoor":{"flags":false,"isCross":false}},{"id":5,"name":"文字2.5","type":"div","isEdit":true,"backMain":false,"style":{"rotate":0,"coor":{"left":0,"top":"880"}},"imgInfo":{"isMain":false},"miniImgInfo":{},"fontInfo":{"width":"1080","height":"200","fontBold":"normal","textAlign":"center","family":"汉仪仿宋简","size":"60","color":"rgba(255, 255, 255, 1)","text":"汉仪仿宋简"},"dragCoor":{"flags":false,"isCross":false}},{"id":2,"name":"文字2","type":"div","isEdit":true,"backMain":false,"style":{"rotate":0,"coor":{"left":0,"top":"680"}},"imgInfo":{"isMain":false},"miniImgInfo":{},"fontInfo":{"width":"1080","height":"200","fontBold":"normal","textAlign":"center","family":"汉仪大黑简","size":"60","color":"rgba(255, 255, 255, 1)","text":"汉仪大黑简"},"dragCoor":{"flags":false,"isCross":false}},{"id":1,"name":"文字1","type":"div","isEdit":true,"backMain":false,"style":{"rotate":0,"coor":{"left":0,"top":"480"}},"imgInfo":{"isMain":false},"miniImgInfo":{},"fontInfo":{"width":"1080","height":"200","fontBold":"normal","textAlign":"center","family":"汉仪大宋简","size":"60","color":"rgba(255, 255, 255, 1)","text":"汉仪大宋简"},"dragCoor":{"flags":false,"isCross":false}},{"id":0,"name":"背景","type":"img","isEdit":false,"backMain":false,"style":{"rotate":0,"coor":{"left":0,"top":0}},"imgInfo":{"width":1080,"height":1920,"wRh":"0.56","scale":1,"url":"https://daily-test.mxth.com/1545361920928_背景.png","https":"https://daily-test.mxth.com/1545361920928_背景.png","isMain":true},"miniImgInfo":{"width":"100%","height":"100%","left":"0","top":"0","scale":1,"rotate":0},"fontInfo":{},"dragCoor":{"flags":false,"isCross":false}}]}', 'asd', '2018-12-21 11:21:41', '2019-01-07 12:30:57', 1, '');
INSERT INTO gallery.tb_template (id, category_id, brand_id, ratio, is_enabled, preview_image_url, descri, name, gmt_create, gmt_modified, gratis, phone_preview_image_url) VALUES (105, 30, 0, 2, 1, 'https://daily-test.mxth.com/b/template7463284323219299085.png', '{"mainW":1080,"mainH":1622,"mainL":0,"mainT":0,"layerMain":[{"id":1,"name":"左","type":"img","isEdit":true,"backMain":false,"style":{"rotate":0,"coor":{"left":"25","top":"508"}},"imgInfo":{"width":507,"height":994,"wRh":"0.51","scale":1,"url":"https://daily-test.mxth.com/1545364371001_左.png","https":"https://daily-test.mxth.com/1545364371001_左.png","isMain":false},"miniImgInfo":{"width":"100%","height":"100%","left":"0","top":"0","scale":1,"rotate":0},"fontInfo":{},"dragCoor":{"flags":false,"isCross":false}},{"id":7,"name":"使用后","type":"div","isEdit":true,"backMain":false,"style":{"rotate":0,"coor":{"left":"25","top":"1525"}},"imgInfo":{"isMain":false},"miniImgInfo":{},"fontInfo":{"width":"370","height":"50","fontBold":"normal","textAlign":"left","family":"汉仪大黑简","size":"41","color":"rgba(0, 0, 0, 1)","text":"使用火星瘦身饮后"},"dragCoor":{"flags":false,"isCross":false}},{"id":6,"name":"使用前","type":"div","isEdit":true,"backMain":false,"style":{"rotate":0,"coor":{"left":"700","top":"530"}},"imgInfo":{"isMain":false},"miniImgInfo":{},"fontInfo":{"width":"360","height":"50","fontBold":"normal","textAlign":"right","family":"汉仪大黑简","size":"41","color":"rgba(0, 0, 0, 1)","text":"使用火星瘦身饮前"},"dragCoor":{"flags":false,"isCross":false}},{"id":5,"name":"小标题","type":"div","isEdit":true,"backMain":false,"style":{"rotate":0,"coor":{"left":"53","top":"290"}},"imgInfo":{"isMain":false},"miniImgInfo":{},"fontInfo":{"width":"700","height":100,"fontBold":"normal","textAlign":"left","family":"汉仪大黑简","size":"64","color":"rgba(81, 81, 81, 1)","text":"你身上的改变肉眼可见"},"dragCoor":{"flags":false,"isCross":false}},{"id":4,"name":"大标题","type":"div","isEdit":true,"backMain":false,"style":{"rotate":0,"coor":{"left":"53","top":"166"}},"imgInfo":{"isMain":false},"miniImgInfo":{},"fontInfo":{"width":"630","height":"120","fontBold":"normal","textAlign":"left","family":"汉仪大黑简","size":"110","color":"rgba(245, 113, 159, 1)","text":"火星瘦身饮"},"dragCoor":{"flags":false,"isCross":false}},{"id":3,"name":"团队","type":"div","isEdit":true,"backMain":false,"style":{"rotate":0,"coor":{"left":"670","top":"57"}},"imgInfo":{"isMain":false},"miniImgInfo":{},"fontInfo":{"width":"450","height":"50","fontBold":"normal","textAlign":"left","family":"汉仪旗黑-35S","size":"40","color":"rgba(0, 0, 0, 1)","text":"团队：火星海报团队"},"dragCoor":{"flags":false,"isCross":false}},{"id":0,"name":"背景","type":"img","isEdit":false,"backMain":false,"style":{"rotate":0,"coor":{"left":0,"top":0}},"imgInfo":{"width":1080,"height":1622,"wRh":"0.67","scale":1,"url":"https://daily-test.mxth.com/1545364352924_背景.png","https":"https://daily-test.mxth.com/1545364352924_背景.png","isMain":true},"miniImgInfo":{"width":"100%","height":"100%","left":"0","top":"0","scale":1,"rotate":0},"fontInfo":{},"dragCoor":{"flags":false,"isCross":false}},{"id":2,"name":"右","type":"img","isEdit":true,"backMain":true,"style":{"rotate":0,"coor":{"left":"547","top":"604"}},"imgInfo":{"width":507,"height":994,"wRh":"0.51","scale":1,"url":"https://daily-test.mxth.com/1545364384804_右.png","https":"https://daily-test.mxth.com/1545364384804_右.png","isMain":false},"miniImgInfo":{"width":"100%","height":"100%","left":"0","top":"0","scale":1,"rotate":0},"fontInfo":{},"dragCoor":{"flags":false,"isCross":false}}]}', '对比', '2018-12-21 13:56:08', '2019-02-27 17:45:35', 0, '');
INSERT INTO gallery.tb_template (id, category_id, brand_id, ratio, is_enabled, preview_image_url, descri, name, gmt_create, gmt_modified, gratis, phone_preview_image_url) VALUES (106, 31, 0, 2, 1, 'https://daily-test.mxth.com/template3096992440582079457.png', '{"mainW":750,"mainH":378,"mainL":0,"mainT":0,"layerMain":[{"id":1,"name":"文字一","type":"div","isEdit":true,"backMain":false,"style":{"rotate":0,"coor":{"left":"200","top":"100"}},"imgInfo":{"isMain":false},"miniImgInfo":{},"fontInfo":{"width":"300","height":100,"fontBold":"bold","textAlign":"center","family":"汉仪大宋简","size":"50","color":"#000","text":"汉仪大宋简"},"dragCoor":{"flags":false,"isCross":false}},{"id":2,"name":"文字二","type":"div","isEdit":true,"backMain":false,"style":{"rotate":0,"coor":{"left":"200","top":"50"}},"imgInfo":{"isMain":false},"miniImgInfo":{},"fontInfo":{"width":"300","height":100,"fontBold":"bold","textAlign":"center","family":"汉仪大黑简","size":"50","color":"rgba(39, 41, 157, 1)","text":"汉仪大黑简"},"dragCoor":{"flags":false,"isCross":false}},{"id":3,"name":"文字三","type":"div","isEdit":true,"backMain":false,"style":{"rotate":0,"coor":{"left":"200","top":0}},"imgInfo":{"isMain":false},"miniImgInfo":{},"fontInfo":{"width":"300","height":100,"fontBold":"bold","textAlign":"center","family":"汉仪仿宋简","size":"50","color":"rgba(193, 14, 62, 1)","text":"汉仪仿宋简"},"dragCoor":{"flags":false,"isCross":false}},{"id":4,"name":"文字四","type":"div","isEdit":true,"backMain":false,"style":{"rotate":0,"coor":{"left":"200","top":"150"}},"imgInfo":{"isMain":false},"miniImgInfo":{},"fontInfo":{"width":"300","height":100,"fontBold":"bold","textAlign":"center","family":"汉仪旗黑-35S","size":"50","color":"rgba(63, 204, 12, 1)","text":"汉仪旗黑-35简"},"dragCoor":{"flags":false,"isCross":false}},{"id":5,"name":"文字五","type":"div","isEdit":true,"backMain":false,"style":{"rotate":0,"coor":{"left":"200","top":"200"}},"imgInfo":{"isMain":false},"miniImgInfo":{},"fontInfo":{"width":"300","height":"300","fontBold":"bold","textAlign":"center","family":"汉仪旗黑-50S","size":"50","color":"rgba(202, 19, 218, 1)","text":"汉仪旗黑-50简"},"dragCoor":{"flags":false,"isCross":false}},{"id":0,"name":"图层1","type":"img","isEdit":false,"backMain":false,"style":{"rotate":0,"coor":{"left":"0","top":"0"}},"imgInfo":{"width":750,"height":378,"wRh":"1.98","scale":1,"url":"https://daily-test.mxth.com/1545372704193_16.1.png","https":"https://daily-test.mxth.com/1545372704193_16.1.png","isMain":true},"miniImgInfo":{"width":"100%","height":"100%","left":"0","top":"0","scale":1,"rotate":0},"fontInfo":{},"dragCoor":{"flags":false,"isCross":false}}]}', '二次元', '2018-12-21 14:19:02', '2019-01-10 14:59:20', 0, '');
INSERT INTO gallery.tb_template (id, category_id, brand_id, ratio, is_enabled, preview_image_url, descri, name, gmt_create, gmt_modified, gratis, phone_preview_image_url) VALUES (107, 45, 0, 3, 1, 'https://daily-test.mxth.com/template3276987862041534245.png', '{"mainW":1080,"mainH":1920,"mainL":0,"mainT":0,"allLayerNames":["背景","图","来势汹汹","极速渗透","表面均匀密布八万微米级透气孔具有10倍通透性 能够瞬时导流渗透大量水分 0.5秒内吸收百倍液 体量多也不怕","火星海报团队"],"layerMain":[{"id":25,"name":"火星海报团队","type":"div","isEdit":true,"backMain":false,"style":{"rotate":0,"coor":{"left":"88","top":"1766"}},"imgInfo":{},"miniImgInfo":{},"fontInfo":{"width":"850","height":100,"fontBold":"normal","textAlign":"left","family":"汉仪旗黑-50S","size":"60","color":"rgba(0,0,0,1)","text":"火星海报团队"},"dragCoor":{"flags":false,"isCross":false}},{"id":24,"name":"表面均匀密布八万微米级透气孔具有10倍通透性 能够瞬时导流渗透大量水分 0.5秒内吸收百倍液 体量多也不怕","type":"div","isEdit":true,"backMain":false,"style":{"rotate":0,"coor":{"left":"88","top":"1520"}},"imgInfo":{},"miniImgInfo":{},"fontInfo":{"width":"850","height":"190","fontBold":"normal","textAlign":"left","family":"汉仪旗黑-50S","size":"35","color":"rgba(0,0,0,1)","text":"表面均匀密布八万微米级透气孔具有10倍通透性<br/>能够瞬时导流渗透大量水分<br/>量多也不怕","textType":"horizontal-tb"},"dragCoor":{"flags":false,"isCross":false}},{"id":23,"name":"极速渗透","type":"div","isEdit":true,"backMain":false,"style":{"rotate":0,"coor":{"left":"88","top":"1424"}},"imgInfo":{},"miniImgInfo":{},"fontInfo":{"width":"850","height":100,"fontBold":"normal","textAlign":"left","family":"汉仪大黑简","size":"60","color":"rgba(0,0,0,1)","text":"极速渗透"},"dragCoor":{"flags":false,"isCross":false}},{"id":21,"name":"来势汹汹","type":"div","isEdit":true,"backMain":false,"style":{"rotate":0,"coor":{"left":"88","top":"1072"}},"imgInfo":{},"miniImgInfo":{},"fontInfo":{"width":"850","height":"220","fontBold":"normal","textAlign":"left","family":"汉仪大黑简","size":"100","color":"rgba(0,0,0,1)","text":"来势汹汹<br/>抵挡不住？"},"dragCoor":{"flags":false,"isCross":false}},{"id":19,"name":"背景","type":"img","isEdit":false,"backMain":false,"style":{"rotate":0,"coor":{"left":0,"top":0}},"imgInfo":{"width":1080,"height":1920,"wRh":"0.56","scale":1,"url":"https://g.yile.vip/1546425742531_20181106-1.png","https":"https://g.yile.vip/1546425742531_20181106-1.png","isMain":true},"miniImgInfo":{"width":"100%","height":"100%","left":"0","top":"0","scale":1,"rotate":0},"fontInfo":{},"dragCoor":{"flags":false,"isCross":false}},{"id":20,"name":"图","type":"img","isEdit":true,"backMain":true,"style":{"rotate":0,"coor":{"left":0,"top":0}},"imgInfo":{"width":1080,"height":1012,"wRh":"1.07","scale":1,"url":"https://g.yile.vip/1546425753127_图层-2.png","https":"https://g.yile.vip/1546425753127_图层-2.png","isMain":false},"miniImgInfo":{"width":"100%","height":"100%","left":"0","top":"0","scale":1,"rotate":0},"fontInfo":{},"dragCoor":{"flags":false,"isCross":false}}]}', '0020', '2019-01-02 18:47:22', '2019-02-13 13:01:41', 0, '');
INSERT INTO gallery.tb_template (id, category_id, brand_id, ratio, is_enabled, preview_image_url, descri, name, gmt_create, gmt_modified, gratis, phone_preview_image_url) VALUES (108, 36, 0, 3, 1, 'https://daily-test.mxth.com/c/template8402653008040901581.png', '{"mainW":1080,"mainH":1920,"mainL":0,"mainT":0,"layerMain":[{"id":25,"name":"团队：火星图库团队","type":"div","isEdit":true,"backMain":false,"style":{"rotate":0,"coor":{"left":"89","top":"1788"}},"imgInfo":{"isMain":false},"miniImgInfo":{},"fontInfo":{"width":"926","height":"50","fontBold":"normal","textAlign":"left","family":"汉仪旗黑-50S","size":"50","color":"rgba(7, 7, 7, 1)","text":"团队：火星图库团队"},"dragCoor":{"flags":false,"isCross":false}},{"id":24,"name":"瘦成女神捕获芳心","type":"div","isEdit":true,"backMain":false,"style":{"rotate":0,"coor":{"left":"89","top":"1654"}},"imgInfo":{"isMain":false},"miniImgInfo":{},"fontInfo":{"width":"446","height":"78","fontBold":"normal","textAlign":"center","family":"汉仪旗黑-35S","size":"50","color":"rgba(251, 251, 251, 1)","text":"瘦成女神捕获芳心"},"dragCoor":{"flags":false,"isCross":false}},{"id":23,"name":"降低刺激胰岛素的分泌","type":"div","isEdit":true,"backMain":false,"style":{"rotate":0,"coor":{"left":"89","top":"1464"}},"imgInfo":{"isMain":false},"miniImgInfo":{},"fontInfo":{"width":"925","height":"60","fontBold":"normal","textAlign":"left","family":"汉仪旗黑-35S","size":"56","color":"rgba(7, 7, 7, 1)","text":"降低刺激胰岛素的分泌"},"dragCoor":{"flags":false,"isCross":false}},{"id":22,"name":"采用低GI谷物制作","type":"div","isEdit":true,"backMain":false,"style":{"rotate":0,"coor":{"left":"89","top":"1392"}},"imgInfo":{"isMain":false},"miniImgInfo":{},"fontInfo":{"width":"925","height":"60","fontBold":"normal","textAlign":"left","family":"汉仪旗黑-35S","size":"56","color":"rgba(6, 6, 6, 1)","text":"采用低GI谷物制作"},"dragCoor":{"flags":false,"isCross":false}},{"id":21,"name":"小/火/星","type":"div","isEdit":true,"backMain":false,"style":{"rotate":0,"coor":{"left":"89","top":"1285"}},"imgInfo":{"isMain":false},"miniImgInfo":{},"fontInfo":{"width":"925","height":"80","fontBold":"normal","textAlign":"left","family":"汉仪大黑简","size":"72","color":"rgba(4, 4, 4, 1)","text":"小/火/星"},"dragCoor":{"flags":false,"isCross":false}},{"id":20,"name":"+1%的感觉","type":"div","isEdit":true,"backMain":false,"style":{"rotate":0,"coor":{"left":"209","top":"855"}},"imgInfo":{"isMain":false},"miniImgInfo":{},"fontInfo":{"width":"575","height":"80","fontBold":"normal","textAlign":"left","family":"汉仪大黑简","size":"72","color":"rgba(251, 250, 250, 1)","text":"+1%的感觉"},"dragCoor":{"flags":false,"isCross":false}},{"id":19,"name":"爱情=99%的颜值","type":"div","isEdit":true,"backMain":false,"style":{"rotate":0,"coor":{"left":"209","top":"766"}},"imgInfo":{"isMain":false},"miniImgInfo":{},"fontInfo":{"width":"575","height":"80","fontBold":"normal","textAlign":"left","family":"汉仪大黑简","size":"72","color":"rgba(254, 254, 254, 1)","text":"爱情=99%的颜值"},"dragCoor":{"flags":false,"isCross":false}},{"id":17,"name":"背景","type":"img","isEdit":false,"backMain":false,"style":{"rotate":0,"coor":{"left":0,"top":0}},"imgInfo":{"width":1080,"height":1920,"wRh":"0.56","scale":1,"url":"https://daily-test.mxth.com/1545377967960_0007.png","https":"https://daily-test.mxth.com/1545377967960_0007.png","isMain":true},"miniImgInfo":{"width":"100%","height":"100%","left":"0","top":"0","scale":1,"rotate":0},"fontInfo":{},"dragCoor":{"flags":false,"isCross":false}},{"id":18,"name":"图","type":"img","isEdit":true,"backMain":true,"style":{"rotate":0,"coor":{"left":0,"top":0}},"imgInfo":{"width":1080,"height":1192,"wRh":"0.91","scale":1,"url":"https://daily-test.mxth.com/1545378009528_006leYcggy1fvu8eefkkej30u011iafy.png","https":"https://daily-test.mxth.com/1545378009528_006leYcggy1fvu8eefkkej30u011iafy.png","isMain":false},"miniImgInfo":{"width":"100%","height":"100%","left":"0","top":"0","scale":1,"rotate":0},"fontInfo":{},"dragCoor":{"flags":false,"isCross":false}}]}', '007', '2018-12-21 15:57:26', '2019-03-13 22:34:47', 1, '');
INSERT INTO gallery.tb_template (id, category_id, brand_id, ratio, is_enabled, preview_image_url, descri, name, gmt_create, gmt_modified, gratis, phone_preview_image_url) VALUES (109, 36, 0, 3, 1, 'https://daily-test.mxth.com/template2908201457208234464.png', '{"mainW":1080,"mainH":1920,"mainL":0,"mainT":0,"layerMain":[{"id":26,"name":"1","type":"img","isEdit":false,"backMain":false,"style":{"rotate":0,"coor":{"left":0,"top":0}},"imgInfo":{"width":1080,"height":1920,"wRh":"0.56","scale":1,"url":"https://daily-test.mxth.com/1545379274925_未标题-2.png","https":"https://daily-test.mxth.com/1545379274925_未标题-2.png","isMain":true},"miniImgInfo":{"width":"100%","height":"100%","left":"0","top":"0","scale":1,"rotate":0},"fontInfo":{},"dragCoor":{"flags":false,"isCross":false}},{"id":28,"name":"ty","type":"img","isEdit":true,"backMain":true,"style":{"rotate":0,"coor":{"left":0,"top":0}},"imgInfo":{"width":1080,"height":1608,"wRh":"0.67","scale":1,"url":"https://daily-test.mxth.com/1545379388662_006leYcggy1fvu8eefkkej30u011iafy.png","https":"https://daily-test.mxth.com/1545379388662_006leYcggy1fvu8eefkkej30u011iafy.png","isMain":false},"miniImgInfo":{"width":"100%","height":"100%","left":"0","top":"0","scale":1,"rotate":0},"fontInfo":{},"dragCoor":{"flags":false,"isCross":false}}]}', 'ccc', '2018-12-21 16:03:43', '2019-01-07 12:30:25', 1, '');
INSERT INTO gallery.tb_template (id, category_id, brand_id, ratio, is_enabled, preview_image_url, descri, name, gmt_create, gmt_modified, gratis, phone_preview_image_url) VALUES (209, 36, 0, 3, 1, 'https://daily-test.mxth.com/template3276987862041534245.png', '{"mainW":1080,"mainH":1920,"mainL":0,"mainT":0,"allLayerNames":["图片","工作稳定","却还是要愁房车礼金","加入小火星团队","聚力突变未来，发展无限可能","背景"],"layerMain":[{"id":10,"name":"聚力突变未来，发展无限可能","type":"div","isEdit":true,"backMain":false,"style":{"rotate":0,"coor":{"left":"75","top":"1663"}},"imgInfo":{"isMain":false},"miniImgInfo":{},"fontInfo":{"width":"900","height":"70","fontBold":"normal","textAlign":"left","family":"汉仪旗黑-50S","size":"60","color":"rgba(0,0,0,1)","text":"聚力突变未来，发展无限可能"},"dragCoor":{"flags":false,"isCross":false}},{"id":9,"name":"加入小火星团队","type":"div","isEdit":true,"backMain":false,"style":{"rotate":0,"coor":{"left":"75","top":"1591"}},"imgInfo":{"isMain":false},"miniImgInfo":{},"fontInfo":{"width":"900","height":"70","fontBold":"normal","textAlign":"left","family":"汉仪大黑简","size":"60","color":"rgba(0,0,0,1)","text":"加入小火星团队"},"dragCoor":{"flags":false,"isCross":false}},{"id":8,"name":"却还是要愁房车礼金","type":"div","isEdit":true,"backMain":false,"style":{"rotate":0,"coor":{"left":"75","top":"1373"}},"imgInfo":{"isMain":false},"miniImgInfo":{},"fontInfo":{"width":"900","height":100,"fontBold":"normal","textAlign":"left","family":"汉仪大黑简","size":"90","color":"rgba(0,0,0,1)","text":"却还是要愁房车礼金"},"dragCoor":{"flags":false,"isCross":false}},{"id":6,"name":"工作稳定","type":"div","isEdit":true,"backMain":false,"style":{"rotate":0,"coor":{"left":"75","top":"1262"}},"imgInfo":{"isMain":false},"miniImgInfo":{},"fontInfo":{"width":"900","height":"90","fontBold":"normal","textAlign":"left","family":"汉仪大黑简","size":"90","color":"rgba(0,0,0,1)","text":"工作稳定反反复复","writingMode":"writing-mode:\\"horizontal-tb\\";"},"dragCoor":{"flags":false,"isCross":false}},{"id":11,"name":"背景","type":"img","isEdit":false,"backMain":false,"style":{"rotate":0,"coor":{"left":0,"top":0}},"imgInfo":{"width":1080,"height":1920,"wRh":"0.56","scale":1,"url":"https://g.yile.vip/1546695908721_0023.png","https":"https://g.yile.vip/1546695908721_0023.png","isMain":true},"miniImgInfo":{"width":"100%","height":"100%","left":"0","top":"0","scale":1,"rotate":0},"fontInfo":{},"dragCoor":{"flags":false,"isCross":false}},{"id":2,"name":"图片","type":"img","isEdit":true,"backMain":true,"style":{"rotate":0,"coor":{"left":"0","top":0}},"imgInfo":{"width":1080,"height":1228,"wRh":"0.88","scale":1,"url":"https://g.yile.vip/1546694989049_VCG41173809400-(1).png","https":"https://g.yile.vip/1546694989049_VCG41173809400-(1).png","isMain":false},"miniImgInfo":{"width":"100%","height":"100%","left":"0","top":"0","scale":1,"rotate":0},"fontInfo":{},"dragCoor":{"flags":false,"isCross":false}}]}', '0023', '2019-01-05 21:45:24', '2019-01-23 14:07:58', 1, '');
INSERT INTO gallery.tb_template (id, category_id, brand_id, ratio, is_enabled, preview_image_url, descri, name, gmt_create, gmt_modified, gratis, phone_preview_image_url) VALUES (215, 36, 0, 1, 1, 'https://daily-test.mxth.com/template6342127921056291007.png', '{"mainW":1920,"mainH":1080,"mainL":0,"mainT":0,"allLayerNames":["图","文字1","文字2","竖排2"],"layerMain":[{"id":0,"name":"竖排2","type":"div","isEdit":true,"backMain":false,"style":{"rotate":0,"coor":{"left":"500","top":0}},"imgInfo":{},"miniImgInfo":{},"fontInfo":{"width":"200","height":"200","fontBold":"normal","textAlign":"left","family":"汉仪仿宋简","size":"40","color":"rgba(0,0,0,1)","text":"竖排测试真的是好娃娃<br/>你好<br/>你好<br/>竖排的","writingMode":"writing-mode:horizontal-tb;","textType":"vertical-rl"},"dragCoor":{"flags":false,"isCross":false}},{"id":5,"name":"文字2","type":"div","isEdit":true,"backMain":false,"style":{"rotate":0,"coor":{"left":0,"top":0}},"imgInfo":{"isMain":false},"miniImgInfo":{},"fontInfo":{"width":"300","height":"500","fontBold":"normal","textAlign":"left","family":"汉仪旗黑-50S","size":"20","color":"rgba(0,0,0,1)","text":"我是<br/>测试 换行的<br/>文字啊啊啊啊<br/>撒大声地","writingMode":"writing-mode:horizontal-tb;","textType":"vertical-rl"},"dragCoor":{"flags":false,"isCross":false}},{"id":4,"name":"文字1","type":"div","isEdit":true,"backMain":false,"style":{"rotate":0,"coor":{"left":0,"top":"600"}},"imgInfo":{"isMain":false},"miniImgInfo":{},"fontInfo":{"width":"500","height":"200","fontBold":"bold","textAlign":"center","family":"汉仪大宋简","size":"50","color":"rgba(19, 35, 217, 1)","text":"地方哈 数据库风格<br/>和水电 费感受<br/>到积分哈酒会发生<br/>开奖号阿斯<br/>顿发送到","writingMode":"writing-mode:horizontal-tb;","textType":"horizontal-tb"},"dragCoor":{"flags":false,"isCross":false}},{"id":3,"name":"图","type":"img","isEdit":false,"backMain":false,"style":{"rotate":0,"coor":{"left":0,"top":0}},"imgInfo":{"width":1920,"height":1080,"wRh":"1.78","scale":1,"url":"https://daily-test.mxth.com/1547461197395_20128179535561522.jpg","https":"https://daily-test.mxth.com/1547461197395_20128179535561522.jpg","isMain":true},"miniImgInfo":{"width":"100%","height":"100%","left":"0","top":"0","scale":1,"rotate":0},"fontInfo":{},"dragCoor":{"flags":false,"isCross":false}}]}', '安燕测', '2019-01-14 18:23:06', '2019-02-12 14:06:19', 1, '');
INSERT INTO gallery.tb_template (id, category_id, brand_id, ratio, is_enabled, preview_image_url, descri, name, gmt_create, gmt_modified, gratis, phone_preview_image_url) VALUES (219, 44, 0, 3, 1, 'https://daily-test.mxth.com/template526588988788244452.png', '{"mainW":750,"mainH":1334,"mainL":0,"mainT":0,"allLayerNames":["1","2"],"layerMain":[{"id":1,"name":"2","type":"div","isEdit":true,"backMain":false,"style":{"rotate":0,"coor":{"left":"100","top":"600"}},"imgInfo":{"isMain":false},"miniImgInfo":{},"fontInfo":{"width":"600","height":"900","fontBold":"normal","textAlign":"center","family":"汉仪大宋简","size":"30","color":"rgba(249, 16, 16, 1)","text":"关于关于体育太古","writingMode":"horizontal-tb","textType":"vertical-rl"},"dragCoor":{"flags":false,"isCross":false}},{"id":0,"name":"1","type":"img","isEdit":false,"backMain":false,"style":{"rotate":0,"coor":{"left":0,"top":0}},"imgInfo":{"width":750,"height":1334,"wRh":"0.56","scale":1,"url":"https://daily-test.mxth.com/1547532317207_绑定手机号.jpg","https":"https://daily-test.mxth.com/1547532317207_绑定手机号.jpg","isMain":true},"miniImgInfo":{"width":"100%","height":"100%","left":"0","top":"0","scale":1,"rotate":0},"fontInfo":{},"dragCoor":{"flags":false,"isCross":false}}]}', '个', '2019-01-15 14:06:17', '2019-02-15 18:31:28', 0, 'https://daily-test.mxth.com/1550226683058_wx45d98d2c8e80956f.o6zAJs6xZD2dbwkwvsfVvS6AP1iA.UG84xXdVKJvqd896f37ea955adcbbe109df46ae94a25.png');
INSERT INTO gallery.tb_template (id, category_id, brand_id, ratio, is_enabled, preview_image_url, descri, name, gmt_create, gmt_modified, gratis, phone_preview_image_url) VALUES (226, 35, 0, 3, 1, 'https://g.yile.vip/a/template3501943150127621801.png', '{"mainW":1080,"mainH":1920,"mainL":0,"mainT":0,"allLayerNames":["背景","图","图1","图2","图3","学会穿搭 暴走时尚","针织衫+牛仔小脚裤+小皮鞋","墨绿横纹针织衫","紧身九分牛仔裤","时尚圆头小皮鞋"],"layerMain":[{"id":109,"name":"时尚圆头小皮鞋","type":"div","isEdit":true,"backMain":false,"style":{"rotate":0,"coor":{"left":"600","top":"1762"}},"imgInfo":{},"miniImgInfo":{},"fontInfo":{"width":"420","height":"50","fontBold":"normal","textAlign":"center","family":"汉仪旗黑-35S","size":"40","color":"rgba(255, 255, 255, 1)","text":"时尚圆头小皮鞋"},"dragCoor":{"flags":false,"isCross":false}},{"id":104,"name":"图3","type":"img","isEdit":true,"backMain":false,"style":{"rotate":0,"coor":{"left":"600","top":"1340"}},"imgInfo":{"width":422,"height":400,"wRh":"1.05","scale":1,"url":"https://g.yile.vip/1546846133376_0027_10.png","https":"https://g.yile.vip/1546846133376_0027_10.png","isMain":false},"miniImgInfo":{"width":"100%","height":"100%","left":"0","top":"0","scale":1,"rotate":0},"fontInfo":{},"dragCoor":{"flags":false,"isCross":false}},{"id":108,"name":"紧身九分牛仔裤","type":"div","isEdit":true,"backMain":false,"style":{"rotate":0,"coor":{"left":"600","top":"1288"}},"imgInfo":{},"miniImgInfo":{},"fontInfo":{"width":"420","height":"50","fontBold":"normal","textAlign":"center","family":"汉仪旗黑-35S","size":"40","color":"rgba(255, 255, 255, 1)","text":"紧身九分牛仔裤"},"dragCoor":{"flags":false,"isCross":false}},{"id":103,"name":"图2","type":"img","isEdit":true,"backMain":false,"style":{"rotate":0,"coor":{"left":"600","top":"875"}},"imgInfo":{"width":422,"height":400,"wRh":"1.05","scale":1,"url":"https://g.yile.vip/1546846107211_0027_08.jpg","https":"https://g.yile.vip/1546846107211_0027_08.jpg","isMain":false},"miniImgInfo":{"width":"100%","height":"100%","left":"0","top":"0","scale":1,"rotate":0},"fontInfo":{},"dragCoor":{"flags":false,"isCross":false}},{"id":107,"name":"墨绿横纹针织衫","type":"div","isEdit":true,"backMain":false,"style":{"rotate":0,"coor":{"left":"600","top":"820"}},"imgInfo":{},"miniImgInfo":{},"fontInfo":{"width":"420","height":"50","fontBold":"normal","textAlign":"center","family":"汉仪旗黑-35S","size":"40","color":"rgba(255, 255, 255, 1)","text":"墨绿横纹针织衫"},"dragCoor":{"flags":false,"isCross":false}},{"id":102,"name":"图1","type":"img","isEdit":true,"backMain":false,"style":{"rotate":0,"coor":{"left":"600","top":"410"}},"imgInfo":{"width":422,"height":400,"wRh":"1.05","scale":1,"url":"https://g.yile.vip/1546846085058_0027_05.jpg","https":"https://g.yile.vip/1546846085058_0027_05.jpg","isMain":false},"miniImgInfo":{"width":"100%","height":"100%","left":"0","top":"0","scale":1,"rotate":0},"fontInfo":{},"dragCoor":{"flags":false,"isCross":false}},{"id":101,"name":"图","type":"img","isEdit":true,"backMain":false,"style":{"rotate":0,"coor":{"left":"60","top":"410"}},"imgInfo":{"width":500,"height":1400,"wRh":"0.36","scale":1,"url":"https://g.yile.vip/1546846062119_0027_03.jpg","https":"https://g.yile.vip/1546846062119_0027_03.jpg","isMain":false},"miniImgInfo":{"width":"100%","height":"100%","left":"0","top":"0","scale":1,"rotate":0},"fontInfo":{},"dragCoor":{"flags":false,"isCross":false}},{"id":106,"name":"针织衫+牛仔小脚裤+小皮鞋","type":"div","isEdit":true,"backMain":false,"style":{"rotate":0,"coor":{"left":0,"top":"300"}},"imgInfo":{},"miniImgInfo":{},"fontInfo":{"width":"1080","height":"75","fontBold":"normal","textAlign":"center","family":"汉仪旗黑-35S","size":"65","color":"rgba(255, 255, 255, 1)","text":"针织衫+牛仔小脚裤+小皮鞋"},"dragCoor":{"flags":false,"isCross":false}},{"id":105,"name":"学会穿搭 暴走时尚","type":"div","isEdit":true,"backMain":false,"style":{"rotate":0,"coor":{"left":0,"top":"160"}},"imgInfo":{},"miniImgInfo":{},"fontInfo":{"width":"1080","height":"130","fontBold":"normal","textAlign":"center","family":"汉仪大黑简","size":"110","color":"rgba(255, 255, 255, 1)","text":"学会穿搭 暴走时尚"},"dragCoor":{"flags":false,"isCross":false}},{"id":100,"name":"背景","type":"img","isEdit":false,"backMain":false,"style":{"rotate":0,"coor":{"left":0,"top":0}},"imgInfo":{"width":1080,"height":1920,"wRh":"0.56","scale":1,"url":"https://g.yile.vip/1546846025345_0027.png","https":"https://g.yile.vip/1546846025345_0027.png","isMain":true},"miniImgInfo":{"width":"100%","height":"100%","left":"0","top":"0","scale":1,"rotate":0},"fontInfo":{},"dragCoor":{"flags":false,"isCross":false}}]}', '0027', '2019-01-07 15:34:16', '2019-03-04 17:21:49', 1, '');
INSERT INTO gallery.tb_template (id, category_id, brand_id, ratio, is_enabled, preview_image_url, descri, name, gmt_create, gmt_modified, gratis, phone_preview_image_url) VALUES (230, 31, 4, 3, 1, 'https://daily-test.mxth.com/c/template1049411721769377526.png', '{"mainW":645,"mainH":641,"mainL":0,"mainT":0,"allLayerNames":["背景1","文字2","文字3","文字4","横排文字"],"layerMain":[{"id":6,"name":"横排文字","type":"div","isEdit":true,"backMain":false,"style":{"rotate":0,"coor":{"left":"320","top":"120"}},"imgInfo":{},"miniImgInfo":{},"fontInfo":{"width":"300","height":"300","fontBold":"bold","textAlign":"center","family":"汉仪旗黑-35S","size":"45","color":"rgba(247, 10, 203, 1)","text":"随意春芳歇<br/>王孙自可留","writingMode":"writing-mode:horizontal-tb;","textType":"horizontal-tb"},"dragCoor":{"flags":false,"isCross":false}},{"id":4,"name":"文字4","type":"div","isEdit":true,"backMain":false,"style":{"rotate":0,"coor":{"left":"220","top":"50"}},"imgInfo":{},"miniImgInfo":{},"fontInfo":{"width":"50","height":"500","fontBold":"bold","textAlign":"left","family":"汉仪大黑简","size":"45","color":"rgba(0,0,0,1)","text":"竹喧归浣女莲动下渔舟","writingMode":"writing-mode:horizontal-tb;","textType":"horizontal-tb"},"dragCoor":{"flags":false,"isCross":false}},{"id":3,"name":"文字3","type":"div","isEdit":true,"backMain":false,"style":{"rotate":0,"coor":{"left":"150","top":"50"}},"imgInfo":{},"miniImgInfo":{},"fontInfo":{"width":"50","height":"500","fontBold":"normal","textAlign":"center","family":"汉仪大宋简","size":"45","color":"rgba(9, 35, 228, 1)","text":"明月松间照清泉石上流","writingMode":"writing-mode:horizontal-tb;","textType":"horizontal-tb"},"dragCoor":{"flags":false,"isCross":false}},{"id":2,"name":"文字2","type":"div","isEdit":true,"backMain":false,"style":{"rotate":0,"coor":{"left":0,"top":"50"}},"imgInfo":{},"miniImgInfo":{},"fontInfo":{"width":"100","height":"300","fontBold":"bold","textAlign":"left","family":"汉仪大宋简","size":"50","color":"rgba(245, 25, 153, 1)","text":"123456789","writingMode":"writing-mode:horizontal-tb;","textType":"vertical-rl"},"dragCoor":{"flags":false,"isCross":false}},{"id":0,"name":"背景1","type":"img","isEdit":false,"backMain":false,"style":{"rotate":0,"coor":{"left":0,"top":0}},"imgInfo":{"width":645,"height":641,"wRh":"1.01","scale":1,"url":"https://daily-test.mxth.com/1547549463376_办公.jpg","https":"https://daily-test.mxth.com/1547549463376_办公.jpg","isMain":true},"miniImgInfo":{"width":"100%","height":"100%","left":"0","top":"0","scale":1,"rotate":0},"fontInfo":{},"dragCoor":{"flags":false,"isCross":false}}]}', '潮牌专卖1', '2019-01-15 19:00:45', '2019-03-15 20:47:37', 0, '');
INSERT INTO gallery.tb_template (id, category_id, brand_id, ratio, is_enabled, preview_image_url, descri, name, gmt_create, gmt_modified, gratis, phone_preview_image_url) VALUES (231, 37, 4, 2, 1, 'https://daily-test.mxth.com/a/template2283699695759976163.png', '{"mainW":963,"mainH":626,"mainL":0,"mainT":0,"allLayerNames":["背景","文字1","文字2","文字3","文字4","作者","姓名"],"layerMain":[{"id":13,"name":"姓名","type":"div","isEdit":true,"backMain":false,"style":{"rotate":0,"coor":{"left":"230","top":"260"}},"imgInfo":{},"miniImgInfo":{},"fontInfo":{"width":"200","height":100,"fontBold":"bold","textAlign":"left","family":"汉仪仿宋简","size":"60","color":"rgba(29, 18, 239, 1)","text":"李白","writingMode":"writing-mode:horizontal-tb;","textType":"horizontal-tb"},"dragCoor":{"flags":false,"isCross":false}},{"id":12,"name":"作者","type":"div","isEdit":true,"backMain":false,"style":{"rotate":0,"coor":{"left":"200","top":"180"}},"imgInfo":{},"miniImgInfo":{},"fontInfo":{"width":"300","height":100,"fontBold":"bold","textAlign":"left","family":"汉仪大宋简","size":"50","color":"rgba(0,0,0,1)","text":"唐朝诗人：","writingMode":"writing-mode:horizontal-tb;","textType":"horizontal-tb"},"dragCoor":{"flags":false,"isCross":false}},{"id":11,"name":"文字4","type":"div","isEdit":true,"backMain":false,"style":{"rotate":0,"coor":{"left":"460","top":"160"}},"imgInfo":{},"miniImgInfo":{},"fontInfo":{"width":100,"height":"350","fontBold":"bold","textAlign":"left","family":"汉仪旗黑-50S","size":"50","color":"rgba(18, 18, 18, 0.97)","text":"低头思故乡","writingMode":"writing-mode:horizontal-tb;","textType":"vertical-rl"},"dragCoor":{"flags":false,"isCross":false}},{"id":10,"name":"文字3","type":"div","isEdit":true,"backMain":false,"style":{"rotate":0,"coor":{"left":"545","top":"160"}},"imgInfo":{},"miniImgInfo":{},"fontInfo":{"width":100,"height":"350","fontBold":"bold","textAlign":"left","family":"汉仪旗黑-35S","size":"50","color":"rgba(53, 228, 18, 1)","text":"举头望明月","writingMode":"writing-mode:horizontal-tb;","textType":"vertical-rl"},"dragCoor":{"flags":false,"isCross":false}},{"id":9,"name":"文字2","type":"div","isEdit":true,"backMain":false,"style":{"rotate":0,"coor":{"left":"620","top":"160"}},"imgInfo":{},"miniImgInfo":{},"fontInfo":{"width":100,"height":"350","fontBold":"bold","textAlign":"left","family":"汉仪仿宋简","size":"50","color":"rgba(237, 6, 6, 1)","text":"疑是地上霜","writingMode":"writing-mode:horizontal-tb;","textType":"vertical-rl"},"dragCoor":{"flags":false,"isCross":false}},{"id":8,"name":"文字1","type":"div","isEdit":true,"backMain":false,"style":{"rotate":0,"coor":{"left":"700","top":"160"}},"imgInfo":{},"miniImgInfo":{},"fontInfo":{"width":"100","height":"350","fontBold":"bold","textAlign":"left","family":"汉仪大黑简","size":"50","color":"rgba(15, 32, 214, 1)","text":"床前明月光","writingMode":"writing-mode:horizontal-tb;","textType":"vertical-rl"},"dragCoor":{"flags":false,"isCross":false}},{"id":7,"name":"背景","type":"img","isEdit":false,"backMain":false,"style":{"rotate":0,"coor":{"left":0,"top":0}},"imgInfo":{"width":963,"height":626,"wRh":"1.54","scale":1,"url":"https://daily-test.mxth.com/1547550105383_5.jpg","https":"https://daily-test.mxth.com/1547550105383_5.jpg","isMain":true},"miniImgInfo":{"width":"100%","height":"100%","left":"0","top":"0","scale":1,"rotate":0},"fontInfo":{},"dragCoor":{"flags":false,"isCross":false}}]}', '潮牌专用2', '2019-01-15 19:12:01', '2019-03-14 03:29:01', 0, 'https://daily-test.mxth.com/1550648260742_4.jpg');
INSERT INTO gallery.tb_template (id, category_id, brand_id, ratio, is_enabled, preview_image_url, descri, name, gmt_create, gmt_modified, gratis, phone_preview_image_url) VALUES (233, 44, 0, 1, 1, 'https://daily-test.mxth.com/template7561898189906685477.png', '{"mainW":1920,"mainH":1080,"mainL":0,"mainT":0,"allLayerNames":["2","3","背景"],"layerMain":[{"id":2,"name":"3","type":"div","isEdit":true,"backMain":false,"style":{"rotate":0,"coor":{"left":"200","top":0}},"imgInfo":{"isMain":false},"miniImgInfo":{},"fontInfo":{"width":100,"height":"1000","fontBold":"normal","textAlign":"left","family":"汉仪大宋简","size":"30","color":"rgba(239, 223, 223, 1)","text":"我是竖排竖排竖排竖排文字","writingMode":"writing-mode:horizontal-tb;","textType":"vertical-rl"},"dragCoor":{"flags":false,"isCross":false}},{"id":1,"name":"2","type":"div","isEdit":true,"backMain":false,"style":{"rotate":0,"coor":{"left":0,"top":0}},"imgInfo":{"isMain":false},"miniImgInfo":{},"fontInfo":{"width":100,"height":100,"fontBold":"normal","textAlign":"left","family":"汉仪大宋简","size":14,"color":"rgba(238, 16, 16, 1)","text":"我是横排","writingMode":"writing-mode:horizontal-tb;","textType":"vertical-rl"},"dragCoor":{"flags":false,"isCross":false}},{"id":1,"name":"背景","type":"img","isEdit":false,"backMain":false,"style":{"rotate":0,"coor":{"left":0,"top":0}},"imgInfo":{"width":1920,"height":1080,"wRh":"1.78","scale":1,"url":"https://daily-test.mxth.com/1548468530100_bigbg.png","https":"https://daily-test.mxth.com/1548468530100_bigbg.png","isMain":true},"miniImgInfo":{"width":"100%","height":"100%","left":"0","top":"0","scale":1,"rotate":0},"fontInfo":{},"dragCoor":{"flags":false,"isCross":false}}]}', '测试', '2019-01-26 09:49:13', '2019-02-21 14:24:30', 1, '');
INSERT INTO gallery.tb_template (id, category_id, brand_id, ratio, is_enabled, preview_image_url, descri, name, gmt_create, gmt_modified, gratis, phone_preview_image_url) VALUES (234, 36, 0, 2, 1, 'https://daily-test.mxth.com/a/template2313614810456472214.png', '{"mainW":645,"mainH":641,"mainL":0,"mainT":0,"allLayerNames":["背景","文字1","文字2","文字3","文字4","文字5"],"layerMain":[{"id":5,"name":"文字5","type":"div","isEdit":true,"backMain":false,"style":{"rotate":0,"coor":{"left":"320","top":"100"}},"imgInfo":{"isMain":false},"miniImgInfo":{},"fontInfo":{"width":100,"height":"300","fontBold":"normal","textAlign":"left","family":"汉仪旗黑-50S","size":"70","color":"rgba(0,0,0,1)","text":"敬请欣赏","writingMode":"writing-mode:horizontal-tb;","textType":"vertical-rl"},"dragCoor":{"flags":false,"isCross":false}},{"id":4,"name":"文字4","type":"div","isEdit":true,"backMain":false,"style":{"rotate":0,"coor":{"left":"0","top":"80"}},"imgInfo":{"isMain":false},"miniImgInfo":{},"fontInfo":{"width":"340","height":"350","fontBold":"normal","textAlign":"left","family":"汉仪旗黑-35S","size":"50","color":"rgba(160, 11, 214, 1)","text":"曾经沧海难为水除却巫山不是云<br/>取次花丛懒回顾半缘修道半缘君","writingMode":"writing-mode:horizontal-tb;","textType":"vertical-rl"},"dragCoor":{"flags":false,"isCross":false}},{"id":3,"name":"文字3","type":"div","isEdit":true,"backMain":false,"style":{"rotate":0,"coor":{"left":0,"top":0}},"imgInfo":{"isMain":false},"miniImgInfo":{},"fontInfo":{"width":"400","height":100,"fontBold":"bold","textAlign":"center","family":"汉仪仿宋简","size":"50","color":"rgba(215, 14, 61, 1)","text":"hello good boy","writingMode":"writing-mode:horizontal-tb;","textType":"horizontal-tb"},"dragCoor":{"flags":false,"isCross":false}},{"id":2,"name":"文字2","type":"div","isEdit":true,"backMain":false,"style":{"rotate":0,"coor":{"left":0,"top":"510"}},"imgInfo":{"isMain":false},"miniImgInfo":{},"fontInfo":{"width":"500","height":100,"fontBold":"bold","textAlign":"left","family":"汉仪大黑简","size":"40","color":"rgba(224, 79, 6, 1)","text":"菩提本无树，明镜亦非台。<br/>本来无一物，何处若尘埃。","writingMode":"writing-mode:horizontal-tb;","textType":"horizontal-tb"},"dragCoor":{"flags":false,"isCross":false}},{"id":1,"name":"文字1","type":"div","isEdit":true,"backMain":false,"style":{"rotate":0,"coor":{"left":"420","top":"0"}},"imgInfo":{"isMain":false},"miniImgInfo":{},"fontInfo":{"width":"200","height":"500","fontBold":"bold","textAlign":"left","family":"汉仪大宋简","size":"40","color":"rgba(10, 97, 237, 1)","text":"空山新雨后 天气晚来秋<br/>明月松间照 清泉石上流<br/>竹喧归浣女 莲动下渔舟<br/>随意春芳歇 王孙自可留","writingMode":"","textType":"vertical-rl"},"dragCoor":{"flags":false,"isCross":false}},{"id":0,"name":"背景","type":"img","isEdit":false,"backMain":false,"style":{"rotate":0,"coor":{"left":0,"top":0}},"imgInfo":{"width":645,"height":641,"wRh":"1.01","scale":1,"url":"https://daily-test.mxth.com/1548470446828_办公.jpg","https":"https://daily-test.mxth.com/1548470446828_办公.jpg","isMain":true},"miniImgInfo":{"width":"100%","height":"100%","left":"0","top":"0","scale":1,"rotate":0},"fontInfo":{},"dragCoor":{"flags":false,"isCross":false}}]}', '麦思网络', '2019-01-26 11:01:10', '2019-03-18 17:36:29', 1, 'https://daily-test.mxth.com/1550730144011_wx45d98d2c8e80956f.o6zAJs6xZD2dbwkwvsfVvS6AP1iA.UG84xXdVKJvqd896f37ea955adcbbe109df46ae94a25.png');
INSERT INTO gallery.tb_template (id, category_id, brand_id, ratio, is_enabled, preview_image_url, descri, name, gmt_create, gmt_modified, gratis, phone_preview_image_url) VALUES (235, 45, 0, 3, 1, 'https://daily-test.mxth.com/template8457672857949299545.png', '{"mainW":1920,"mainH":1080,"mainL":0,"mainT":0,"allLayerNames":["背景1","文字1","文字竖排2","可替换图片"],"layerMain":[{"id":4,"name":"可替换图片","type":"img","isEdit":true,"backMain":false,"style":{"rotate":0,"coor":{"left":"1000","top":"200"}},"imgInfo":{"width":519,"height":541,"wRh":"0.96","scale":1,"url":"https://daily-test.mxth.com/1548744235090_1.png","https":"https://daily-test.mxth.com/1548744235090_1.png","isMain":false},"miniImgInfo":{"width":"100%","height":"100%","left":"0","top":"0","scale":1,"rotate":0},"fontInfo":{},"dragCoor":{"flags":false,"isCross":false}},{"id":3,"name":"文字竖排2","type":"div","isEdit":true,"backMain":false,"style":{"rotate":0,"coor":{"left":"500","top":"500"}},"imgInfo":{"isMain":false},"miniImgInfo":{},"fontInfo":{"width":"350","height":"350","fontBold":"normal","textAlign":"left","family":"汉仪旗黑-50S","size":"60","color":"rgba(244, 238, 238, 1)","text":"竖排文字测试<br/>你好<br/>这是测试","writingMode":"writing-mode:horizontal-tb;","textType":"vertical-rl"},"dragCoor":{"flags":false,"isCross":false}},{"id":2,"name":"文字1","type":"div","isEdit":true,"backMain":false,"style":{"rotate":0,"coor":{"left":"100","top":"100"}},"imgInfo":{"isMain":false},"miniImgInfo":{},"fontInfo":{"width":"500","height":"200","fontBold":"normal","textAlign":"center","family":"汉仪旗黑-35S","size":"32","color":"rgba(242, 237, 237, 1)","text":"横排文字测试<br/>测试<br/>第一次<br/>","writingMode":"writing-mode:horizontal-tb;","textType":"horizontal-tb"},"dragCoor":{"flags":false,"isCross":false}},{"id":1,"name":"背景1","type":"img","isEdit":false,"backMain":false,"style":{"rotate":0,"coor":{"left":0,"top":0}},"imgInfo":{"width":1920,"height":1080,"wRh":"1.78","scale":1,"url":"https://daily-test.mxth.com/1548744020728_51f1df1a5efd6.jpg","https":"https://daily-test.mxth.com/1548744020728_51f1df1a5efd6.jpg","isMain":true},"miniImgInfo":{"width":"100%","height":"100%","left":"0","top":"0","scale":1,"rotate":0},"fontInfo":{},"dragCoor":{"flags":false,"isCross":false}}]}', '测试模板20190129', '2019-01-29 14:44:39', '2019-02-21 14:15:13', 0, 'https://daily-test.mxth.com/1550729706433_1img.jpg');
INSERT INTO gallery.tb_template (id, category_id, brand_id, ratio, is_enabled, preview_image_url, descri, name, gmt_create, gmt_modified, gratis, phone_preview_image_url) VALUES (236, 45, 0, 1, 1, 'https://daily-test.mxth.com/b/template7010682738497806203.png', '{"mainW":1080,"mainH":1080,"mainL":0,"mainT":0,"allLayerNames":["背景","图","与健康零距离","小火星私护产品","再生修复/紧致缩阴","排毒消炎/延缓衰老","做最好的自己","你就是时尚女王","团队：火星海报团队"],"layerMain":[{"id":53,"name":"团队：火星海报团队","type":"div","isEdit":true,"backMain":false,"style":{"rotate":0,"coor":{"left":"78","top":"912"}},"imgInfo":{},"miniImgInfo":{},"fontInfo":{"width":"400","height":100,"fontBold":"normal","textAlign":"left","family":"汉仪旗黑-50S","size":"40","color":"rgba(0,0,0,1)","text":"团队：火星海报团队"},"dragCoor":{"flags":false,"isCross":false}},{"id":52,"name":"你就是时尚女王","type":"div","isEdit":true,"backMain":false,"style":{"rotate":0,"coor":{"left":"78","top":"788"}},"imgInfo":{},"miniImgInfo":{},"fontInfo":{"width":"400","height":"50","fontBold":"normal","textAlign":"left","family":"汉仪旗黑-50S","size":"28","color":"rgba(0,0,0,1)","text":"你就是时尚女王"},"dragCoor":{"flags":false,"isCross":false}},{"id":51,"name":"做最好的自己","type":"div","isEdit":true,"backMain":false,"style":{"rotate":0,"coor":{"left":"78","top":"758"}},"imgInfo":{},"miniImgInfo":{},"fontInfo":{"width":"400","height":"50","fontBold":"normal","textAlign":"left","family":"汉仪旗黑-50S","size":"28","color":"rgba(0,0,0,1)","text":"做最好的自己"},"dragCoor":{"flags":false,"isCross":false}},{"id":50,"name":"排毒消炎/延缓衰老","type":"div","isEdit":true,"backMain":false,"style":{"rotate":0,"coor":{"left":"78","top":"599"}},"imgInfo":{},"miniImgInfo":{},"fontInfo":{"width":"400","height":"50","fontBold":"normal","textAlign":"left","family":"汉仪旗黑-50S","size":"28","color":"rgba(0,0,0,1)","text":"排毒消炎/延缓衰老"},"dragCoor":{"flags":false,"isCross":false}},{"id":49,"name":"再生修复/紧致缩阴","type":"div","isEdit":true,"backMain":false,"style":{"rotate":0,"coor":{"left":"78","top":"562"}},"imgInfo":{},"miniImgInfo":{},"fontInfo":{"width":"400","height":"50","fontBold":"normal","textAlign":"left","family":"汉仪旗黑-50S","size":"28","color":"rgba(0,0,0,1)","text":"再生修复/紧致缩阴"},"dragCoor":{"flags":false,"isCross":false}},{"id":48,"name":"小火星私护产品","type":"div","isEdit":true,"backMain":false,"style":{"rotate":0,"coor":{"left":"78","top":"507"}},"imgInfo":{},"miniImgInfo":{},"fontInfo":{"width":"400","height":"50","fontBold":"normal","textAlign":"left","family":"汉仪大黑简","size":"40","color":"rgba(0,0,0,1)","text":"小火星私护产品"},"dragCoor":{"flags":false,"isCross":false}},{"id":47,"name":"与健康零距离","type":"div","isEdit":true,"backMain":false,"style":{"rotate":0,"coor":{"left":"78","top":"385"}},"imgInfo":{},"miniImgInfo":{},"fontInfo":{"width":"400","height":"80","fontBold":"normal","textAlign":"left","family":"汉仪大黑简","size":"65","color":"rgba(0,0,0,1)","text":"与健康零距离"},"dragCoor":{"flags":false,"isCross":false}},{"id":45,"name":"背景","type":"img","isEdit":false,"backMain":false,"style":{"rotate":0,"coor":{"left":0,"top":0}},"imgInfo":{"width":1080,"height":1080,"wRh":"1.00","scale":1,"url":"https://g.yile.vip/1546417748398_0019.png","https":"https://g.yile.vip/1546417748398_0019.png","isMain":true},"miniImgInfo":{"width":"100%","height":"100%","left":"0","top":"0","scale":1,"rotate":0},"fontInfo":{},"dragCoor":{"flags":false,"isCross":false}},{"id":46,"name":"图","type":"img","isEdit":true,"backMain":true,"style":{"rotate":0,"coor":{"left":"579","top":"97"}},"imgInfo":{"width":383,"height":887,"wRh":"0.43","scale":1,"url":"https://g.yile.vip/1546417766010_图层-5.png","https":"https://g.yile.vip/1546417766010_图层-5.png","isMain":false},"miniImgInfo":{"width":"100%","height":"100%","left":"0","top":"0","scale":1,"rotate":0},"fontInfo":{},"dragCoor":{"flags":false,"isCross":false}}]}', '0019', '2019-01-02 16:36:23', '2019-03-15 20:41:39', 1, 'https://daily-test.mxth.com/1550126103189_微信图片_20180917150800.png');
INSERT INTO gallery.tb_template (id, category_id, brand_id, ratio, is_enabled, preview_image_url, descri, name, gmt_create, gmt_modified, gratis, phone_preview_image_url) VALUES (237, 35, 0, 1, 1, 'https://daily-test.mxth.com/g/template1375463623526005914.png', '{"mainW":519,"mainH":541,"mainL":0,"mainT":0,"allLayerNames":["是"],"layerMain":[{"id":0,"name":"是","type":"img","isEdit":false,"backMain":false,"style":{"rotate":0,"coor":{"left":0,"top":0}},"imgInfo":{"width":519,"height":541,"wRh":"0.96","scale":1,"url":"https://daily-test.mxth.com/e/1551263193940_1.png","https":"https://daily-test.mxth.com/e/1551263193940_1.png","isMain":true},"miniImgInfo":{"width":"100%","height":"100%","left":"0","top":"0","scale":1,"rotate":0},"fontInfo":{},"dragCoor":{"flags":false,"isCross":false}}]}', '发过的', '2019-02-27 18:26:46', '2019-03-15 20:40:48', 1, 'https://daily-test.mxth.com/e/1551263187396_1.png');
INSERT INTO gallery.tb_template (id, category_id, brand_id, ratio, is_enabled, preview_image_url, descri, name, gmt_create, gmt_modified, gratis, phone_preview_image_url) VALUES (239, 0, 14, 0, 1, 'https://daily-test.mxth.com/g/1551343756490_ti3mg.jpg', '', '2', '2019-02-28 16:38:12', '2019-02-28 16:52:30', 0, '');
INSERT INTO gallery.tb_template (id, category_id, brand_id, ratio, is_enabled, preview_image_url, descri, name, gmt_create, gmt_modified, gratis, phone_preview_image_url) VALUES (241, 0, 14, 0, 1, 'https://daily-test.mxth.com/e/1551343743160_434ee9041b128889324cba1d31c3e62.jpg', '', '2', '2019-02-28 16:52:35', '2019-02-28 16:52:35', 0, '');
INSERT INTO gallery.tb_template (id, category_id, brand_id, ratio, is_enabled, preview_image_url, descri, name, gmt_create, gmt_modified, gratis, phone_preview_image_url) VALUES (242, 0, 14, 0, 1, 'https://daily-test.mxth.com/e/1551755247251_M1L滤镜@2x.png', '', '人物图', '2019-03-05 11:08:29', '2019-03-05 11:08:29', 0, '');
INSERT INTO gallery.tb_template (id, category_id, brand_id, ratio, is_enabled, preview_image_url, descri, name, gmt_create, gmt_modified, gratis, phone_preview_image_url) VALUES (243, 0, 14, 0, 1, 'https://daily-test.mxth.com/b/1551755281360_1img.jpg', '', '人物图', '2019-03-05 11:08:36', '2019-03-05 11:08:36', 0, '');
INSERT INTO gallery.tb_template (id, category_id, brand_id, ratio, is_enabled, preview_image_url, descri, name, gmt_create, gmt_modified, gratis, phone_preview_image_url) VALUES (244, 0, 12, 0, 1, 'https://daily-test.mxth.com/a/1551754765754_个人中心.jpg', '', '测试', '2019-03-05 11:08:45', '2019-03-05 11:08:45', 0, '');
INSERT INTO gallery.tb_template (id, category_id, brand_id, ratio, is_enabled, preview_image_url, descri, name, gmt_create, gmt_modified, gratis, phone_preview_image_url) VALUES (246, 45, 6, 1, 1, 'https://daily-test.mxth.com/a/template4223356459132467398.png', '{"mainW":286,"mainH":33,"mainL":0,"mainT":0,"allLayerNames":["1"],"layerMain":[{"id":0,"name":"1","type":"img","isEdit":false,"backMain":false,"style":{"rotate":0,"coor":{"left":0,"top":0}},"imgInfo":{"width":286,"height":33,"wRh":"8.67","scale":1,"url":"https://daily-test.mxth.com/e/1552357535594_微信图片_20180917150808.png","https":"https://daily-test.mxth.com/e/1552357535594_微信图片_20180917150808.png","isMain":true},"miniImgInfo":{"width":"100%","height":"100%","left":"0","top":"0","scale":1,"rotate":0},"fontInfo":{},"dragCoor":{"flags":false,"isCross":false}}]}', '111', '2019-03-11 22:25:43', '2019-03-15 22:01:26', 0, 'https://daily-test.mxth.com/z/1552658475882_人物.jpg');
INSERT INTO gallery.tb_template (id, category_id, brand_id, ratio, is_enabled, preview_image_url, descri, name, gmt_create, gmt_modified, gratis, phone_preview_image_url) VALUES (247, 45, 3, 2, 1, 'https://daily-test.mxth.com/d/template2031637802388719694.png', '{"mainW":4798,"mainH":4538,"mainL":0,"mainT":0,"allLayerNames":["2"],"layerMain":[{"id":1,"name":"2","type":"img","isEdit":false,"backMain":false,"style":{"rotate":0,"coor":{"left":0,"top":0}},"imgInfo":{"width":4798,"height":4538,"wRh":"1.06","scale":1,"url":"https://daily-test.mxth.com/a/1552357584551_个人中心.jpg","https":"https://daily-test.mxth.com/a/1552357584551_个人中心.jpg","isMain":true},"miniImgInfo":{"width":"100%","height":"100%","left":"0","top":"0","scale":1,"rotate":0},"fontInfo":{},"dragCoor":{"flags":false,"isCross":false}}]}', '222', '2019-03-11 22:26:32', '2019-03-15 01:54:00', 0, '');
INSERT INTO gallery.tb_template (id, category_id, brand_id, ratio, is_enabled, preview_image_url, descri, name, gmt_create, gmt_modified, gratis, phone_preview_image_url) VALUES (248, 45, 6, 3, 1, 'https://daily-test.mxth.com/g/template800691560776810956.png', '{"mainW":877,"mainH":642,"mainL":0,"mainT":0,"allLayerNames":["beijing","wenzi1"],"layerMain":[{"id":1,"name":"wenzi1","type":"div","isEdit":true,"backMain":false,"style":{"rotate":0,"coor":{"left":"20","top":"20"}},"imgInfo":{"isMain":false},"miniImgInfo":{},"fontInfo":{"width":"400","height":100,"fontBold":"normal","textAlign":"left","family":"汉仪大宋简","size":"50","color":"rgba(5, 14, 79, 1)","text":"不到长城非好汉","writingMode":"writing-mode:horizontal-tb;","textType":"horizontal-tb"},"dragCoor":{"flags":false,"isCross":false}},{"id":0,"name":"beijing","type":"img","isEdit":false,"backMain":false,"style":{"rotate":0,"coor":{"left":0,"top":0}},"imgInfo":{"width":877,"height":642,"wRh":"1.37","scale":1,"url":"https://daily-test.mxth.com/z/1552658233474_6.jpg","https":"https://daily-test.mxth.com/z/1552658233474_6.jpg","isMain":true},"miniImgInfo":{"width":"100%","height":"100%","left":"0","top":"0","scale":1,"rotate":0},"fontInfo":{},"dragCoor":{"flags":false,"isCross":false}}]}', '333', '2019-03-11 22:27:10', '2019-03-15 21:59:07', 0, 'https://daily-test.mxth.com/h/1552658212577_5.jpg');
INSERT INTO gallery.tb_template (id, category_id, brand_id, ratio, is_enabled, preview_image_url, descri, name, gmt_create, gmt_modified, gratis, phone_preview_image_url) VALUES (249, 45, 4, 1, 1, 'https://daily-test.mxth.com/h/template7777585913902589238.png', '{"mainW":41,"mainH":41,"mainL":0,"mainT":0,"allLayerNames":["4"],"layerMain":[{"id":3,"name":"4","type":"img","isEdit":false,"backMain":false,"style":{"rotate":0,"coor":{"left":0,"top":0}},"imgInfo":{"width":41,"height":41,"wRh":"1.00","scale":1,"url":"https://daily-test.mxth.com/e/1552357649067_图库图标2.0-02.png","https":"https://daily-test.mxth.com/e/1552357649067_图库图标2.0-02.png","isMain":true},"miniImgInfo":{"width":"100%","height":"100%","left":"0","top":"0","scale":1,"rotate":0},"fontInfo":{},"dragCoor":{"flags":false,"isCross":false}}]}', '444', '2019-03-11 22:27:33', '2019-03-14 03:30:13', 0, '');
INSERT INTO gallery.tb_template (id, category_id, brand_id, ratio, is_enabled, preview_image_url, descri, name, gmt_create, gmt_modified, gratis, phone_preview_image_url) VALUES (264, 0, 4, 0, 1, 'https://daily-test.mxth.com/g/1552485741888_kawayi.png', '', '反反复复付付付付', '2019-03-13 22:33:32', '2019-03-13 22:33:32', 0, '');
INSERT INTO gallery.tb_template (id, category_id, brand_id, ratio, is_enabled, preview_image_url, descri, name, gmt_create, gmt_modified, gratis, phone_preview_image_url) VALUES (265, 0, 4, 0, 1, 'https://daily-test.mxth.com/d/1552485741889_index.png', '', '反反复复付付付付', '2019-03-13 22:33:32', '2019-03-13 22:33:32', 0, '');
INSERT INTO gallery.tb_template (id, category_id, brand_id, ratio, is_enabled, preview_image_url, descri, name, gmt_create, gmt_modified, gratis, phone_preview_image_url) VALUES (266, 0, 4, 0, 1, 'https://daily-test.mxth.com/d/1552485741888_index_active.png', '', '反反复复付付付付', '2019-03-13 22:33:32', '2019-03-13 22:33:32', 0, '');
INSERT INTO gallery.tb_template (id, category_id, brand_id, ratio, is_enabled, preview_image_url, descri, name, gmt_create, gmt_modified, gratis, phone_preview_image_url) VALUES (267, 0, 12, 0, 1, 'https://daily-test.mxth.com/f/1551754657206_banner3.jpg', '', '图片测试', '2019-03-13 22:33:44', '2019-03-13 22:33:44', 0, '');
INSERT INTO gallery.tb_template (id, category_id, brand_id, ratio, is_enabled, preview_image_url, descri, name, gmt_create, gmt_modified, gratis, phone_preview_image_url) VALUES (268, 0, 12, 0, 1, 'https://daily-test.mxth.com/d/1552380872283_index.png', '', '测试多图11', '2019-03-13 22:33:49', '2019-03-13 22:33:49', 0, '');
INSERT INTO gallery.tb_template (id, category_id, brand_id, ratio, is_enabled, preview_image_url, descri, name, gmt_create, gmt_modified, gratis, phone_preview_image_url) VALUES (269, 0, 12, 0, 1, 'https://daily-test.mxth.com/z/1552380872283_mine_active.png', '', '测试多图11', '2019-03-13 22:33:49', '2019-03-13 22:33:49', 0, '');
INSERT INTO gallery.tb_template (id, category_id, brand_id, ratio, is_enabled, preview_image_url, descri, name, gmt_create, gmt_modified, gratis, phone_preview_image_url) VALUES (270, 0, 12, 0, 1, 'https://daily-test.mxth.com/d/1552478001120_图库图标2.0-02.png', '', '测试多图11', '2019-03-13 22:33:49', '2019-03-13 22:33:49', 0, '');
INSERT INTO gallery.tb_template (id, category_id, brand_id, ratio, is_enabled, preview_image_url, descri, name, gmt_create, gmt_modified, gratis, phone_preview_image_url) VALUES (271, 0, 12, 0, 1, 'https://daily-test.mxth.com/h/1552478000932_图库图标2.0-01.png', '', '测试多图11', '2019-03-13 22:33:49', '2019-03-13 22:33:49', 0, '');
INSERT INTO gallery.tb_template (id, category_id, brand_id, ratio, is_enabled, preview_image_url, descri, name, gmt_create, gmt_modified, gratis, phone_preview_image_url) VALUES (272, 0, 12, 0, 1, 'https://daily-test.mxth.com/c/1552478001139_图库图标2.0-09.png', '', '测试多图11', '2019-03-13 22:33:49', '2019-03-13 22:33:49', 0, '');
INSERT INTO gallery.tb_template (id, category_id, brand_id, ratio, is_enabled, preview_image_url, descri, name, gmt_create, gmt_modified, gratis, phone_preview_image_url) VALUES (273, 0, 12, 0, 1, 'https://daily-test.mxth.com/h/1552478001127_图库图标2.0-03.png', '', '测试多图11', '2019-03-13 22:33:49', '2019-03-13 22:33:49', 0, '');
INSERT INTO gallery.tb_template (id, category_id, brand_id, ratio, is_enabled, preview_image_url, descri, name, gmt_create, gmt_modified, gratis, phone_preview_image_url) VALUES (274, 0, 12, 0, 1, 'https://daily-test.mxth.com/z/1552478001136_图库图标2.0-08.png', '', '测试多图11', '2019-03-13 22:33:49', '2019-03-13 22:33:49', 0, '');
INSERT INTO gallery.tb_template (id, category_id, brand_id, ratio, is_enabled, preview_image_url, descri, name, gmt_create, gmt_modified, gratis, phone_preview_image_url) VALUES (275, 0, 12, 0, 1, 'https://daily-test.mxth.com/g/1552478001138_图库图标2.0-10.png', '', '测试多图11', '2019-03-13 22:33:49', '2019-03-13 22:33:49', 0, '');
INSERT INTO gallery.tb_template (id, category_id, brand_id, ratio, is_enabled, preview_image_url, descri, name, gmt_create, gmt_modified, gratis, phone_preview_image_url) VALUES (276, 0, 12, 0, 1, 'https://daily-test.mxth.com/c/1552478008640_图库图标2.0-07.png', '', '测试多图11', '2019-03-13 22:33:49', '2019-03-13 22:33:49', 0, '');
INSERT INTO gallery.tb_template (id, category_id, brand_id, ratio, is_enabled, preview_image_url, descri, name, gmt_create, gmt_modified, gratis, phone_preview_image_url) VALUES (277, 0, 4, 0, 1, 'https://daily-test.mxth.com/f/1552534238554_tim2g.jpg', '', '好', '2019-03-13 23:30:45', '2019-03-13 23:30:45', 0, '');
INSERT INTO gallery.tb_template (id, category_id, brand_id, ratio, is_enabled, preview_image_url, descri, name, gmt_create, gmt_modified, gratis, phone_preview_image_url) VALUES (278, 0, 4, 0, 1, 'https://daily-test.mxth.com/z/1552534238553_ti3mg.jpg', '', '好', '2019-03-13 23:30:45', '2019-03-13 23:30:45', 0, '');
INSERT INTO gallery.tb_template (id, category_id, brand_id, ratio, is_enabled, preview_image_url, descri, name, gmt_create, gmt_modified, gratis, phone_preview_image_url) VALUES (279, 0, 4, 0, 1, 'https://daily-test.mxth.com/a/1552534238554_timg.jpg', '', '好', '2019-03-13 23:30:45', '2019-03-13 23:30:45', 0, '');
INSERT INTO gallery.tb_template (id, category_id, brand_id, ratio, is_enabled, preview_image_url, descri, name, gmt_create, gmt_modified, gratis, phone_preview_image_url) VALUES (280, 0, 4, 0, 1, 'https://daily-test.mxth.com/h/1552534244173_测试53_2.jpg', '', '好', '2019-03-13 23:30:45', '2019-03-13 23:30:45', 0, '');
INSERT INTO gallery.tb_template (id, category_id, brand_id, ratio, is_enabled, preview_image_url, descri, name, gmt_create, gmt_modified, gratis, phone_preview_image_url) VALUES (281, 0, 14, 0, 1, 'https://daily-test.mxth.com/g/1552534706988_1img.jpg', '', '好', '2019-03-13 23:39:31', '2019-03-13 23:39:31', 0, '');
INSERT INTO gallery.tb_template (id, category_id, brand_id, ratio, is_enabled, preview_image_url, descri, name, gmt_create, gmt_modified, gratis, phone_preview_image_url) VALUES (282, 0, 14, 0, 1, 'https://daily-test.mxth.com/h/1552534707024_33测试.jpg', '', '好', '2019-03-13 23:39:31', '2019-03-13 23:39:31', 0, '');
INSERT INTO gallery.tb_template (id, category_id, brand_id, ratio, is_enabled, preview_image_url, descri, name, gmt_create, gmt_modified, gratis, phone_preview_image_url) VALUES (283, 0, 14, 0, 1, 'https://daily-test.mxth.com/c/1552534706996_1.png', '', '好', '2019-03-13 23:39:31', '2019-03-13 23:39:31', 0, '');
INSERT INTO gallery.tb_template (id, category_id, brand_id, ratio, is_enabled, preview_image_url, descri, name, gmt_create, gmt_modified, gratis, phone_preview_image_url) VALUES (284, 0, 14, 0, 1, 'https://daily-test.mxth.com/a/1552534707014_1测试0_2.jpg', '', '好', '2019-03-13 23:39:31', '2019-03-13 23:39:31', 0, '');
INSERT INTO gallery.tb_template (id, category_id, brand_id, ratio, is_enabled, preview_image_url, descri, name, gmt_create, gmt_modified, gratis, phone_preview_image_url) VALUES (285, 0, 14, 0, 1, 'https://daily-test.mxth.com/e/1552534707054_2.jpg', '', '好', '2019-03-13 23:39:31', '2019-03-13 23:39:31', 0, '');
INSERT INTO gallery.tb_template (id, category_id, brand_id, ratio, is_enabled, preview_image_url, descri, name, gmt_create, gmt_modified, gratis, phone_preview_image_url) VALUES (286, 0, 14, 0, 1, 'https://daily-test.mxth.com/e/1552534707069_5测试9.jpg', '', '好', '2019-03-13 23:39:31', '2019-03-13 23:39:31', 0, '');
INSERT INTO gallery.tb_template (id, category_id, brand_id, ratio, is_enabled, preview_image_url, descri, name, gmt_create, gmt_modified, gratis, phone_preview_image_url) VALUES (287, 0, 4, 0, 1, 'https://daily-test.mxth.com/a/1552550136379_index.png', '', '平台新增图', '2019-03-14 16:07:13', '2019-03-14 16:07:13', 0, '');
INSERT INTO gallery.tb_template (id, category_id, brand_id, ratio, is_enabled, preview_image_url, descri, name, gmt_create, gmt_modified, gratis, phone_preview_image_url) VALUES (288, 0, 4, 0, 1, 'https://daily-test.mxth.com/f/1552550136377_index_active.png', '', '平台新增图', '2019-03-14 16:07:13', '2019-03-14 16:07:13', 0, '');
INSERT INTO gallery.tb_template (id, category_id, brand_id, ratio, is_enabled, preview_image_url, descri, name, gmt_create, gmt_modified, gratis, phone_preview_image_url) VALUES (289, 0, 4, 0, 1, 'https://daily-test.mxth.com/g/1552550136379_kawayi.png', '', '平台新增图', '2019-03-14 16:07:13', '2019-03-14 16:07:13', 0, '');
INSERT INTO gallery.tb_template (id, category_id, brand_id, ratio, is_enabled, preview_image_url, descri, name, gmt_create, gmt_modified, gratis, phone_preview_image_url) VALUES (290, 0, 4, 0, 1, 'https://daily-test.mxth.com/e/1552550136381_mine.png', '', '平台新增图', '2019-03-14 16:07:13', '2019-03-14 16:07:13', 0, '');
INSERT INTO gallery.tb_template (id, category_id, brand_id, ratio, is_enabled, preview_image_url, descri, name, gmt_create, gmt_modified, gratis, phone_preview_image_url) VALUES (291, 0, 4, 0, 1, 'https://daily-test.mxth.com/d/1552550136377_mine_active.png', '', '平台新增图', '2019-03-14 16:07:13', '2019-03-14 16:07:13', 0, '');
INSERT INTO gallery.tb_template (id, category_id, brand_id, ratio, is_enabled, preview_image_url, descri, name, gmt_create, gmt_modified, gratis, phone_preview_image_url) VALUES (292, 0, 4, 0, 1, 'https://daily-test.mxth.com/h/1552550136525_组-28@2x.png', '', '平台新增图', '2019-03-14 16:07:13', '2019-03-14 16:07:13', 0, '');
INSERT INTO gallery.tb_template (id, category_id, brand_id, ratio, is_enabled, preview_image_url, descri, name, gmt_create, gmt_modified, gratis, phone_preview_image_url) VALUES (293, 0, 1, 0, 1, 'https://daily-test.mxth.com/b/1552529813862_图库图标2.0-03.png', '', '888888', '2019-03-14 16:07:17', '2019-03-14 16:07:17', 0, '');
INSERT INTO gallery.tb_template (id, category_id, brand_id, ratio, is_enabled, preview_image_url, descri, name, gmt_create, gmt_modified, gratis, phone_preview_image_url) VALUES (294, 0, 1, 0, 1, 'https://daily-test.mxth.com/f/1552529813862_图库图标2.0-09.png', '', '888888', '2019-03-14 16:07:17', '2019-03-14 16:07:17', 0, '');
INSERT INTO gallery.tb_template (id, category_id, brand_id, ratio, is_enabled, preview_image_url, descri, name, gmt_create, gmt_modified, gratis, phone_preview_image_url) VALUES (295, 0, 1, 0, 1, 'https://daily-test.mxth.com/b/1552529814429_图库图标2.0-10.png', '', '888888', '2019-03-14 16:07:17', '2019-03-14 16:07:17', 0, '');
INSERT INTO gallery.tb_template (id, category_id, brand_id, ratio, is_enabled, preview_image_url, descri, name, gmt_create, gmt_modified, gratis, phone_preview_image_url) VALUES (296, 0, 1, 0, 1, 'https://daily-test.mxth.com/h/1552529813862_图库图标2.0-08.png', '', '888888', '2019-03-14 16:07:17', '2019-03-14 16:07:17', 0, '');
INSERT INTO gallery.tb_template (id, category_id, brand_id, ratio, is_enabled, preview_image_url, descri, name, gmt_create, gmt_modified, gratis, phone_preview_image_url) VALUES (297, 0, 1, 0, 1, 'https://daily-test.mxth.com/e/1552531183997_图库图标2.0-05.png', '', '888888', '2019-03-14 16:07:17', '2019-03-14 16:07:17', 0, '');
INSERT INTO gallery.tb_template (id, category_id, brand_id, ratio, is_enabled, preview_image_url, descri, name, gmt_create, gmt_modified, gratis, phone_preview_image_url) VALUES (298, 0, 1, 0, 1, 'https://daily-test.mxth.com/d/1552531183998_图库图标2.0-04.png', '', '888888', '2019-03-14 16:07:17', '2019-03-14 16:07:17', 0, '');
INSERT INTO gallery.tb_template (id, category_id, brand_id, ratio, is_enabled, preview_image_url, descri, name, gmt_create, gmt_modified, gratis, phone_preview_image_url) VALUES (299, 0, 1, 0, 1, 'https://daily-test.mxth.com/d/1552531740959_图库图标2.0-06.png', '', '888888', '2019-03-14 16:07:17', '2019-03-14 16:07:17', 0, '');
INSERT INTO gallery.tb_template (id, category_id, brand_id, ratio, is_enabled, preview_image_url, descri, name, gmt_create, gmt_modified, gratis, phone_preview_image_url) VALUES (300, 0, 1, 0, 1, 'https://daily-test.mxth.com/g/1552532735541_火星图库判断.png', '', '888888', '2019-03-14 16:07:17', '2019-03-14 16:07:17', 0, '');
INSERT INTO gallery.tb_template (id, category_id, brand_id, ratio, is_enabled, preview_image_url, descri, name, gmt_create, gmt_modified, gratis, phone_preview_image_url) VALUES (301, 0, 14, 0, 1, 'https://daily-test.mxth.com/f/1552534725337_tim2g.jpg', '', '刚发的', '2019-03-14 16:07:27', '2019-03-14 16:07:27', 0, '');
INSERT INTO gallery.tb_template (id, category_id, brand_id, ratio, is_enabled, preview_image_url, descri, name, gmt_create, gmt_modified, gratis, phone_preview_image_url) VALUES (302, 0, 14, 0, 1, 'https://daily-test.mxth.com/g/1552534725332_ti3mg.jpg', '', '刚发的', '2019-03-14 16:07:27', '2019-03-14 16:07:27', 0, '');
INSERT INTO gallery.tb_template (id, category_id, brand_id, ratio, is_enabled, preview_image_url, descri, name, gmt_create, gmt_modified, gratis, phone_preview_image_url) VALUES (303, 0, 14, 0, 1, 'https://daily-test.mxth.com/e/1552534725363_测试.jpg', '', '刚发的', '2019-03-14 16:07:27', '2019-03-14 16:07:27', 0, '');
INSERT INTO gallery.tb_template (id, category_id, brand_id, ratio, is_enabled, preview_image_url, descri, name, gmt_create, gmt_modified, gratis, phone_preview_image_url) VALUES (304, 0, 14, 0, 1, 'https://daily-test.mxth.com/g/1552534725373_测试_2.jpg', '', '刚发的', '2019-03-14 16:07:27', '2019-03-14 16:07:27', 0, '');
INSERT INTO gallery.tb_template (id, category_id, brand_id, ratio, is_enabled, preview_image_url, descri, name, gmt_create, gmt_modified, gratis, phone_preview_image_url) VALUES (305, 0, 14, 0, 1, 'https://daily-test.mxth.com/g/1552534725353_timg.jpg', '', '刚发的', '2019-03-14 16:07:27', '2019-03-14 16:07:27', 0, '');
INSERT INTO gallery.tb_template (id, category_id, brand_id, ratio, is_enabled, preview_image_url, descri, name, gmt_create, gmt_modified, gratis, phone_preview_image_url) VALUES (306, 0, 14, 0, 1, 'https://daily-test.mxth.com/g/1552534725383_测试1.jpg', '', '刚发的', '2019-03-14 16:07:27', '2019-03-14 16:07:27', 0, '');
INSERT INTO gallery.tb_template (id, category_id, brand_id, ratio, is_enabled, preview_image_url, descri, name, gmt_create, gmt_modified, gratis, phone_preview_image_url) VALUES (307, 0, 14, 0, 1, 'https://daily-test.mxth.com/f/1552534725514_测试53_2.jpg', '', '刚发的', '2019-03-14 16:07:27', '2019-03-14 16:07:27', 0, '');
INSERT INTO gallery.tb_template (id, category_id, brand_id, ratio, is_enabled, preview_image_url, descri, name, gmt_create, gmt_modified, gratis, phone_preview_image_url) VALUES (308, 0, 14, 0, 1, 'https://daily-test.mxth.com/z/1552534725512_测试15.jpg', '', '刚发的', '2019-03-14 16:07:27', '2019-03-14 16:07:27', 0, '');
INSERT INTO gallery.tb_template (id, category_id, brand_id, ratio, is_enabled, preview_image_url, descri, name, gmt_create, gmt_modified, gratis, phone_preview_image_url) VALUES (324, 0, 3, 0, 1, 'https://daily-test.mxth.com/z/1552632039076_图库图标2.0-04.png', '', '海澜之家图片', '2019-03-15 14:40:42', '2019-03-15 18:40:10', 0, '');
INSERT INTO gallery.tb_template (id, category_id, brand_id, ratio, is_enabled, preview_image_url, descri, name, gmt_create, gmt_modified, gratis, phone_preview_image_url) VALUES (325, 0, 3, 0, 1, 'https://daily-test.mxth.com/e/1552632039076_图库图标2.0-01.png', '', '海澜之家图片', '2019-03-15 14:40:42', '2019-03-15 18:40:10', 0, '');
INSERT INTO gallery.tb_template (id, category_id, brand_id, ratio, is_enabled, preview_image_url, descri, name, gmt_create, gmt_modified, gratis, phone_preview_image_url) VALUES (326, 0, 3, 0, 1, 'https://daily-test.mxth.com/z/1552632039078_图库图标2.0-08.png', '', '海澜之家图片', '2019-03-15 14:40:42', '2019-03-15 18:40:10', 0, '');
INSERT INTO gallery.tb_template (id, category_id, brand_id, ratio, is_enabled, preview_image_url, descri, name, gmt_create, gmt_modified, gratis, phone_preview_image_url) VALUES (327, 0, 3, 0, 1, 'https://daily-test.mxth.com/b/1552632039077_图库图标2.0-03.png', '', '海澜之家图片', '2019-03-15 14:40:42', '2019-03-15 18:40:10', 0, '');
INSERT INTO gallery.tb_template (id, category_id, brand_id, ratio, is_enabled, preview_image_url, descri, name, gmt_create, gmt_modified, gratis, phone_preview_image_url) VALUES (328, 0, 3, 0, 1, 'https://daily-test.mxth.com/e/1552632039074_图库图标2.0-09.png', '', '海澜之家图片', '2019-03-15 14:40:42', '2019-03-15 18:40:10', 0, '');
INSERT INTO gallery.tb_template (id, category_id, brand_id, ratio, is_enabled, preview_image_url, descri, name, gmt_create, gmt_modified, gratis, phone_preview_image_url) VALUES (329, 0, 3, 0, 1, 'https://daily-test.mxth.com/g/1552632039071_图库图标2.0-02.png', '', '海澜之家图片', '2019-03-15 14:40:42', '2019-03-15 18:40:10', 0, '');
INSERT INTO gallery.tb_template (id, category_id, brand_id, ratio, is_enabled, preview_image_url, descri, name, gmt_create, gmt_modified, gratis, phone_preview_image_url) VALUES (330, 0, 3, 0, 1, 'https://daily-test.mxth.com/h/1552632039479_图库图标2.0-10.png', '', '海澜之家图片', '2019-03-15 14:40:42', '2019-03-15 18:40:10', 0, '');
INSERT INTO gallery.tb_template (id, category_id, brand_id, ratio, is_enabled, preview_image_url, descri, name, gmt_create, gmt_modified, gratis, phone_preview_image_url) VALUES (331, 0, 3, 0, 1, 'https://daily-test.mxth.com/z/1552633354219_微信图片_20180917150800.png', '', 'hhhhhh', '2019-03-15 15:02:38', '2019-03-15 15:02:38', 0, '');
INSERT INTO gallery.tb_template (id, category_id, brand_id, ratio, is_enabled, preview_image_url, descri, name, gmt_create, gmt_modified, gratis, phone_preview_image_url) VALUES (332, 0, 3, 0, 1, 'https://daily-test.mxth.com/c/1552633354226_wx45d98d2c8e80956f.o6zAJs6xZD2dbwkwvsfVvS6AP1iA.UG84xXdVKJvqd896f37ea955adcbbe109df46ae94a25.png', '', 'hhhhhh', '2019-03-15 15:02:38', '2019-03-15 15:02:38', 0, '');
INSERT INTO gallery.tb_template (id, category_id, brand_id, ratio, is_enabled, preview_image_url, descri, name, gmt_create, gmt_modified, gratis, phone_preview_image_url) VALUES (333, 0, 3, 0, 1, 'https://daily-test.mxth.com/a/1552633354321_wx45d98d2c8e80956f.o6zAJs6xZD2dbwkwvsfVvS6AP1iA.fsLrPcGBA0lF00ff7c22659d34c2a96b394420327b27.png', '', 'hhhhhh', '2019-03-15 15:02:38', '2019-03-15 15:02:38', 0, '');
INSERT INTO gallery.tb_template (id, category_id, brand_id, ratio, is_enabled, preview_image_url, descri, name, gmt_create, gmt_modified, gratis, phone_preview_image_url) VALUES (356, 0, 3, 0, 1, 'https://daily-test.mxth.com/z/1552637772364_2019-02-22-175939_1920x1080_scrot.png', '', '测试图片组1', '2019-03-15 16:14:57', '2019-03-15 16:16:34', 0, '');
INSERT INTO gallery.tb_template (id, category_id, brand_id, ratio, is_enabled, preview_image_url, descri, name, gmt_create, gmt_modified, gratis, phone_preview_image_url) VALUES (357, 0, 3, 0, 1, 'https://daily-test.mxth.com/c/1552637792613_2019-02-22-175958_1648x364_scrot.png', '', '测试图片组1', '2019-03-15 16:16:34', '2019-03-15 16:17:40', 0, '');
INSERT INTO gallery.tb_template (id, category_id, brand_id, ratio, is_enabled, preview_image_url, descri, name, gmt_create, gmt_modified, gratis, phone_preview_image_url) VALUES (359, 0, 3, 0, 1, 'https://daily-test.mxth.com/c/1552638500831_1545395789486_tmp_f83e829d5e092cfb4a9429e8d30908744084e9108f290d2c.png', '', '测试图片组1', '2019-03-15 16:28:12', '2019-03-15 16:29:21', 0, '');
INSERT INTO gallery.tb_template (id, category_id, brand_id, ratio, is_enabled, preview_image_url, descri, name, gmt_create, gmt_modified, gratis, phone_preview_image_url) VALUES (360, 0, 3, 0, 1, 'https://daily-test.mxth.com/h/1552638526090_1545823357549_2018-09-20 08-57-09 的屏幕截图.png', '', '测试图片组1', '2019-03-15 16:28:23', '2019-03-15 16:29:21', 0, '');
INSERT INTO gallery.tb_template (id, category_id, brand_id, ratio, is_enabled, preview_image_url, descri, name, gmt_create, gmt_modified, gratis, phone_preview_image_url) VALUES (361, 0, 3, 0, 1, 'https://daily-test.mxth.com/f/1552638559097_1545395789486_tmp_f83e829d5e092cfb4a9429e8d30908744084e9108f290d2c.png', '', '测试图片组1', '2019-03-15 16:29:21', '2019-03-15 16:29:21', 0, '');
INSERT INTO gallery.tb_template (id, category_id, brand_id, ratio, is_enabled, preview_image_url, descri, name, gmt_create, gmt_modified, gratis, phone_preview_image_url) VALUES (370, 0, 3, 0, 1, 'https://daily-test.mxth.com/h/1552651245233_,.png', '', '测试组1', '2019-03-15 20:00:15', '2019-03-15 20:00:52', 0, '');
INSERT INTO gallery.tb_template (id, category_id, brand_id, ratio, is_enabled, preview_image_url, descri, name, gmt_create, gmt_modified, gratis, phone_preview_image_url) VALUES (372, 0, 12, 0, 1, 'https://daily-test.mxth.com/a/1552651423390_,.png', '', '品牌测试组1', '2019-03-15 20:02:21', '2019-03-15 20:04:12', 0, '');
INSERT INTO gallery.tb_template (id, category_id, brand_id, ratio, is_enabled, preview_image_url, descri, name, gmt_create, gmt_modified, gratis, phone_preview_image_url) VALUES (374, 44, 1, 3, 1, 'https://daily-test.mxth.com/z/template5373538900829379991.png', '{"mainW":963,"mainH":626,"mainL":0,"mainT":0,"allLayerNames":["背景1","文字1","文字2","文字3"],"layerMain":[{"id":3,"name":"文字3","type":"div","isEdit":true,"backMain":false,"style":{"rotate":0,"coor":{"left":"250","top":"400"}},"imgInfo":{"isMain":false},"miniImgInfo":{},"fontInfo":{"width":"300","height":100,"fontBold":"normal","textAlign":"center","family":"汉仪旗黑-50S","size":"50","color":"rgba(221, 85, 17, 1)","text":"北京欢迎你","writingMode":"writing-mode:horizontal-tb;","textType":"horizontal-tb"},"dragCoor":{"flags":false,"isCross":false}},{"id":2,"name":"文字2","type":"div","isEdit":true,"backMain":false,"style":{"rotate":0,"coor":{"left":"500","top":"150"}},"imgInfo":{"isMain":false},"miniImgInfo":{},"fontInfo":{"width":"300","height":"400","fontBold":"bold","textAlign":"left","family":"汉仪仿宋简","size":"50","color":"rgba(8, 154, 50, 1)","text":"白日依山尽<br/>黄河入海流<br/>欲穷千里目<br/>更上一层楼","writingMode":"writing-mode:horizontal-tb;","textType":"horizontal-tb"},"dragCoor":{"flags":false,"isCross":false}},{"id":1,"name":"文字1","type":"div","isEdit":true,"backMain":false,"style":{"rotate":0,"coor":{"left":"10","top":"10"}},"imgInfo":{"isMain":false},"miniImgInfo":{},"fontInfo":{"width":"400","height":"500","fontBold":"normal","textAlign":"center","family":"汉仪大宋简","size":"50","color":"rgba(12, 32, 183, 1)","text":"床前明月光<br/>疑是地上霜<br/>举头望明月<br/>低头思故乡","writingMode":"writing-mode:horizontal-tb;","textType":"vertical-rl"},"dragCoor":{"flags":false,"isCross":false}},{"id":0,"name":"背景1","type":"img","isEdit":false,"backMain":false,"style":{"rotate":0,"coor":{"left":0,"top":0}},"imgInfo":{"width":963,"height":626,"wRh":"1.54","scale":1,"url":"https://daily-test.mxth.com/b/1552655537797_5.jpg","https":"https://daily-test.mxth.com/b/1552655537797_5.jpg","isMain":true},"miniImgInfo":{"width":"100%","height":"100%","left":"0","top":"0","scale":1,"rotate":0},"fontInfo":{},"dragCoor":{"flags":false,"isCross":false}}]}', '测试211', '2019-03-15 21:19:21', '2019-03-15 21:19:21', 0, 'https://daily-test.mxth.com/c/1552655519327_办公.jpg');
INSERT INTO gallery.tb_template (id, category_id, brand_id, ratio, is_enabled, preview_image_url, descri, name, gmt_create, gmt_modified, gratis, phone_preview_image_url) VALUES (379, 0, 1, 0, 1, 'https://daily-test.mxth.com/c/1552656283459_4.jpg', '', '测试1', '2019-03-15 21:25:25', '2019-03-15 21:25:25', 0, '');
INSERT INTO gallery.tb_template (id, category_id, brand_id, ratio, is_enabled, preview_image_url, descri, name, gmt_create, gmt_modified, gratis, phone_preview_image_url) VALUES (380, 0, 1, 0, 1, 'https://daily-test.mxth.com/g/1552656283459_3.jpg', '', '测试1', '2019-03-15 21:25:25', '2019-03-15 21:25:25', 0, '');
INSERT INTO gallery.tb_template (id, category_id, brand_id, ratio, is_enabled, preview_image_url, descri, name, gmt_create, gmt_modified, gratis, phone_preview_image_url) VALUES (381, 0, 1, 0, 1, 'https://daily-test.mxth.com/e/1552656283532_2.png', '', '测试1', '2019-03-15 21:25:25', '2019-03-15 21:25:25', 0, '');
INSERT INTO gallery.tb_template (id, category_id, brand_id, ratio, is_enabled, preview_image_url, descri, name, gmt_create, gmt_modified, gratis, phone_preview_image_url) VALUES (382, 0, 1, 0, 1, 'https://daily-test.mxth.com/d/1552656283602_1.png', '', '测试1', '2019-03-15 21:25:25', '2019-03-15 21:25:25', 0, '');
INSERT INTO gallery.tb_template (id, category_id, brand_id, ratio, is_enabled, preview_image_url, descri, name, gmt_create, gmt_modified, gratis, phone_preview_image_url) VALUES (383, 0, 1, 0, 1, 'https://daily-test.mxth.com/z/1552656283595_5.jpg', '', '测试1', '2019-03-15 21:25:25', '2019-03-15 21:25:25', 0, '');
INSERT INTO gallery.tb_template (id, category_id, brand_id, ratio, is_enabled, preview_image_url, descri, name, gmt_create, gmt_modified, gratis, phone_preview_image_url) VALUES (384, 0, 6, 0, 1, 'https://daily-test.mxth.com/d/1552657309059_3.jpg', '', 'nihao', '2019-03-15 21:41:53', '2019-03-15 21:41:53', 0, '');
INSERT INTO gallery.tb_template (id, category_id, brand_id, ratio, is_enabled, preview_image_url, descri, name, gmt_create, gmt_modified, gratis, phone_preview_image_url) VALUES (385, 0, 6, 0, 1, 'https://daily-test.mxth.com/d/1552657309059_4.jpg', '', 'nihao', '2019-03-15 21:41:53', '2019-03-15 21:41:53', 0, '');
INSERT INTO gallery.tb_template (id, category_id, brand_id, ratio, is_enabled, preview_image_url, descri, name, gmt_create, gmt_modified, gratis, phone_preview_image_url) VALUES (386, 0, 6, 0, 1, 'https://daily-test.mxth.com/d/1552657309134_2.png', '', 'nihao', '2019-03-15 21:41:53', '2019-03-15 21:41:53', 0, '');
INSERT INTO gallery.tb_template (id, category_id, brand_id, ratio, is_enabled, preview_image_url, descri, name, gmt_create, gmt_modified, gratis, phone_preview_image_url) VALUES (387, 0, 6, 0, 1, 'https://daily-test.mxth.com/a/1552657309093_6.jpg', '', 'nihao', '2019-03-15 21:41:53', '2019-03-15 21:41:53', 0, '');
INSERT INTO gallery.tb_template (id, category_id, brand_id, ratio, is_enabled, preview_image_url, descri, name, gmt_create, gmt_modified, gratis, phone_preview_image_url) VALUES (388, 0, 6, 0, 1, 'https://daily-test.mxth.com/h/1552657309487_1.png', '', 'nihao', '2019-03-15 21:41:53', '2019-03-15 21:41:53', 0, '');
INSERT INTO gallery.tb_template (id, category_id, brand_id, ratio, is_enabled, preview_image_url, descri, name, gmt_create, gmt_modified, gratis, phone_preview_image_url) VALUES (389, 0, 6, 0, 1, 'https://daily-test.mxth.com/e/1552657309147_5.jpg', '', 'nihao', '2019-03-15 21:41:53', '2019-03-15 21:41:53', 0, '');
INSERT INTO gallery.tb_template (id, category_id, brand_id, ratio, is_enabled, preview_image_url, descri, name, gmt_create, gmt_modified, gratis, phone_preview_image_url) VALUES (390, 0, 6, 0, 1, 'https://daily-test.mxth.com/e/1552658101469_6.jpg', '', 'ceshi 2', '2019-03-15 21:55:04', '2019-03-15 21:55:04', 0, '');
INSERT INTO gallery.tb_template (id, category_id, brand_id, ratio, is_enabled, preview_image_url, descri, name, gmt_create, gmt_modified, gratis, phone_preview_image_url) VALUES (391, 0, 6, 0, 1, 'https://daily-test.mxth.com/a/1552658101469_办公.jpg', '', 'ceshi 2', '2019-03-15 21:55:04', '2019-03-15 21:55:04', 0, '');
INSERT INTO gallery.tb_template (id, category_id, brand_id, ratio, is_enabled, preview_image_url, descri, name, gmt_create, gmt_modified, gratis, phone_preview_image_url) VALUES (392, 0, 6, 0, 1, 'https://daily-test.mxth.com/a/1552658101470_vsco.jpg', '', 'ceshi 2', '2019-03-15 21:55:04', '2019-03-15 21:55:04', 0, '');
INSERT INTO gallery.tb_template (id, category_id, brand_id, ratio, is_enabled, preview_image_url, descri, name, gmt_create, gmt_modified, gratis, phone_preview_image_url) VALUES (393, 0, 6, 0, 1, 'https://daily-test.mxth.com/g/1552658101526_5.jpg', '', 'ceshi 2', '2019-03-15 21:55:04', '2019-03-15 21:55:04', 0, '');
INSERT INTO gallery.tb_template (id, category_id, brand_id, ratio, is_enabled, preview_image_url, descri, name, gmt_create, gmt_modified, gratis, phone_preview_image_url) VALUES (394, 0, 6, 0, 1, 'https://daily-test.mxth.com/d/1552658101533_2.png', '', 'ceshi 2', '2019-03-15 21:55:04', '2019-03-15 21:55:04', 0, '');
INSERT INTO gallery.tb_template (id, category_id, brand_id, ratio, is_enabled, preview_image_url, descri, name, gmt_create, gmt_modified, gratis, phone_preview_image_url) VALUES (395, 0, 6, 0, 1, 'https://daily-test.mxth.com/f/1552658102026_1.png', '', 'ceshi 2', '2019-03-15 21:55:04', '2019-03-15 21:55:04', 0, '');
INSERT INTO gallery.tb_template (id, category_id, brand_id, ratio, is_enabled, preview_image_url, descri, name, gmt_create, gmt_modified, gratis, phone_preview_image_url) VALUES (397, 45, 0, 1, 0, 'https://daily-test.mxth.com/c/template1707949660126590278.png', '{"mainW":1080,"mainH":1080,"mainL":0,"mainT":0,"allLayerNames":["d"],"layerMain":[{"id":1,"name":"d","type":"img","isEdit":false,"backMain":false,"style":{"rotate":0,"coor":{"left":0,"top":0}},"imgInfo":{"width":1080,"height":1080,"wRh":"1.00","scale":1,"url":"https://daily-test.mxth.com/f/1552902625348_wx45d98d2c8e80956f.o6zAJs6xZD2dbwkwvsfVvS6AP1iA.UG84xXdVKJvqd896f37ea955adcbbe109df46ae94a25.png","https":"https://daily-test.mxth.com/f/1552902625348_wx45d98d2c8e80956f.o6zAJs6xZD2dbwkwvsfVvS6AP1iA.UG84xXdVKJvqd896f37ea955adcbbe109df46ae94a25.png","isMain":true},"miniImgInfo":{"width":"100%","height":"100%","left":"0","top":"0","scale":1,"rotate":0},"fontInfo":{},"dragCoor":{"flags":false,"isCross":false}}]}', 'ddd', '2019-03-18 17:50:31', '2019-03-18 17:50:31', 0, 'https://daily-test.mxth.com/a/1552902616308_wx45d98d2c8e80956f.o6zAJs6xZD2dbwkwvsfVvS6AP1iA.UG84xXdVKJvqd896f37ea955adcbbe109df46ae94a25.png');
INSERT INTO gallery.tb_template (id, category_id, brand_id, ratio, is_enabled, preview_image_url, descri, name, gmt_create, gmt_modified, gratis, phone_preview_image_url) VALUES (398, 45, 0, 1, 0, 'https://daily-test.mxth.com/g/template188591153936861341.png', '{"mainW":1000,"mainH":750,"mainL":0,"mainT":0,"allLayerNames":["好"],"layerMain":[{"id":0,"name":"好","type":"img","isEdit":false,"backMain":false,"style":{"rotate":0,"coor":{"left":0,"top":0}},"imgInfo":{"width":1000,"height":750,"wRh":"1.33","scale":1,"url":"https://daily-test.mxth.com/z/1552902928063_ti3mg.jpg","https":"https://daily-test.mxth.com/z/1552902928063_ti3mg.jpg","isMain":true},"miniImgInfo":{"width":"100%","height":"100%","left":"0","top":"0","scale":1,"rotate":0},"fontInfo":{},"dragCoor":{"flags":false,"isCross":false}}]}', '更换', '2019-03-18 05:55:35', '2019-03-18 05:55:35', 0, 'https://daily-test.mxth.com/e/1552902921870_1img.jpg');
INSERT INTO gallery.tb_template (id, category_id, brand_id, ratio, is_enabled, preview_image_url, descri, name, gmt_create, gmt_modified, gratis, phone_preview_image_url) VALUES (399, 45, 0, 1, 0, 'https://daily-test.mxth.com/d/template6831753215865729566.png', '{"mainW":1024,"mainH":693,"mainL":0,"mainT":0,"allLayerNames":["回家"],"layerMain":[{"id":0,"name":"回家","type":"img","isEdit":false,"backMain":false,"style":{"rotate":0,"coor":{"left":0,"top":0}},"imgInfo":{"width":1024,"height":693,"wRh":"1.48","scale":1,"url":"https://daily-test.mxth.com/c/1552902982099_1测试0_2.jpg","https":"https://daily-test.mxth.com/c/1552902982099_1测试0_2.jpg","isMain":true},"miniImgInfo":{"width":"100%","height":"100%","left":"0","top":"0","scale":1,"rotate":0},"fontInfo":{},"dragCoor":{"flags":false,"isCross":false}}]}', '和规范与', '2019-03-18 05:56:33', '2019-03-18 05:56:33', 1, 'https://daily-test.mxth.com/a/1552902975560_1测试0_2.jpg');
INSERT INTO gallery.tb_template (id, category_id, brand_id, ratio, is_enabled, preview_image_url, descri, name, gmt_create, gmt_modified, gratis, phone_preview_image_url) VALUES (400, 45, 0, 1, 0, 'https://daily-test.mxth.com/f/template3787116822669051559.png', '{"mainW":94,"mainH":95,"mainL":0,"mainT":0,"allLayerNames":["d"],"layerMain":[{"id":0,"name":"d","type":"img","isEdit":false,"backMain":false,"style":{"rotate":0,"coor":{"left":0,"top":0}},"imgInfo":{"width":94,"height":95,"wRh":"0.99","scale":1,"url":"https://daily-test.mxth.com/c/1552903121109_together-fail.png","https":"https://daily-test.mxth.com/c/1552903121109_together-fail.png","isMain":true},"miniImgInfo":{"width":"100%","height":"100%","left":"0","top":"0","scale":1,"rotate":0},"fontInfo":{},"dragCoor":{"flags":false,"isCross":false}}]}', 'd', '2019-03-18 17:58:47', '2019-03-18 17:58:47', 0, '');
INSERT INTO gallery.tb_template (id, category_id, brand_id, ratio, is_enabled, preview_image_url, descri, name, gmt_create, gmt_modified, gratis, phone_preview_image_url) VALUES (401, 45, 0, 1, 0, 'https://daily-test.mxth.com/e/template5874250420107914498.png', '{"mainW":1000,"mainH":750,"mainL":0,"mainT":0,"allLayerNames":["的","买买买"],"layerMain":[{"id":0,"name":"买买买","type":"div","isEdit":true,"backMain":false,"style":{"rotate":0,"coor":{"left":0,"top":0}},"imgInfo":{},"miniImgInfo":{},"fontInfo":{"width":"1000","height":"300","fontBold":"normal","textAlign":"left","family":"汉仪大宋简","size":"50","color":"rgba(0,0,0,1)","text":"啦啦啦<br/>说的 很对 可视对讲  啊<br/>是的撒","writingMode":"writing-mode:horizontal-tb;","textType":"horizontal-tb"},"dragCoor":{"flags":false,"isCross":false}},{"id":0,"name":"的","type":"img","isEdit":false,"backMain":false,"style":{"rotate":0,"coor":{"left":0,"top":0}},"imgInfo":{"width":1000,"height":750,"wRh":"1.33","scale":1,"url":"https://daily-test.mxth.com/g/1552903312072_1img.jpg","https":"https://daily-test.mxth.com/g/1552903312072_1img.jpg","isMain":true},"miniImgInfo":{"width":"100%","height":"100%","left":"0","top":"0","scale":1,"rotate":0},"fontInfo":{},"dragCoor":{"flags":false,"isCross":false}}]}', '热', '2019-03-18 18:01:59', '2019-04-01 15:23:39', 0, 'https://daily-test.mxth.com/d/1554103333252_微信图片_20180917150800.png');
INSERT INTO gallery.tb_template_category (id, type, title, weight, is_hot, introduction, background_image_url, template_filters, gmt_create, gmt_modified) VALUES (19, 'brand_center', '品牌中心', 32767, 1, '品牌中心简介', 'https://daily-test.mxth.com/1548844390425_1img.jpg', '', '2018-10-30 13:40:31', '2019-01-30 18:33:12');
INSERT INTO gallery.tb_template_category (id, type, title, weight, is_hot, introduction, background_image_url, template_filters, gmt_create, gmt_modified) VALUES (26, 'category', '男女私护', 7, 1, '私护简介', 'https://daily-test.mxth.com/1548743209626_5测试9.jpg', '[]', '2018-11-14 10:56:56', '2018-12-17 20:20:10');
INSERT INTO gallery.tb_template_category (id, type, title, weight, is_hot, introduction, background_image_url, template_filters, gmt_create, gmt_modified) VALUES (28, 'category', '护肤美妆', 5, 1, '简介', 'https://daily-test.mxth.com/1548844290562_timg.jpg', '', '2018-11-14 11:01:12', '2018-11-14 11:01:12');
INSERT INTO gallery.tb_template_category (id, type, title, weight, is_hot, introduction, background_image_url, template_filters, gmt_create, gmt_modified) VALUES (29, 'category', '活动培训', 1, 1, '简介', 'https://daily-test.mxth.com/1548743290857_测试53_2.jpg', '', '2018-11-14 11:02:11', '2018-11-14 11:02:11');
INSERT INTO gallery.tb_template_category (id, type, title, weight, is_hot, introduction, background_image_url, template_filters, gmt_create, gmt_modified) VALUES (30, 'category', '减脂健康', 6, 1, '简介', 'https://daily-test.mxth.com/1548844236176_ti3mg.jpg', '', '2018-11-14 11:03:01', '2018-11-14 11:03:01');
INSERT INTO gallery.tb_template_category (id, type, title, weight, is_hot, introduction, background_image_url, template_filters, gmt_create, gmt_modified) VALUES (31, 'category', '文案模板', 2, 1, '文案简介', 'https://daily-test.mxth.com/1548844279171_tim2g.jpg', '[]', '2018-11-19 17:48:53', '2018-12-17 20:19:49');
INSERT INTO gallery.tb_template_category (id, type, title, weight, is_hot, introduction, background_image_url, template_filters, gmt_create, gmt_modified) VALUES (35, 'category', '日用百货', 8, 1, '间接', 'https://daily-test.mxth.com/1548844209175_1img.jpg', '', '2018-11-26 14:47:56', '2018-11-26 14:47:56');
INSERT INTO gallery.tb_template_category (id, type, title, weight, is_hot, introduction, background_image_url, template_filters, gmt_create, gmt_modified) VALUES (36, 'category', '其他', 1, 0, '', '', '[{"num":1,"url":"https://daily-test.mxth.com/1545291386697_1542188941860_T21@2x.png"},{"num":2,"url":"https://daily-test.mxth.com/1545291395527_1542188923192_ME2@2x.png"},{"num":3,"url":"https://daily-test.mxth.com/1545293292697_bg1.png"}]', '2018-12-01 11:34:53', '2018-12-22 14:01:02');
INSERT INTO gallery.tb_template_category (id, type, title, weight, is_hot, introduction, background_image_url, template_filters, gmt_create, gmt_modified) VALUES (37, 'category', '微信形象', 4, 1, '微信简介', 'https://daily-test.mxth.com/1548844325517_tim2g.jpg', '[]', '2018-12-01 11:37:21', '2018-12-17 20:19:56');
INSERT INTO gallery.tb_template_category (id, type, title, weight, is_hot, introduction, background_image_url, template_filters, gmt_create, gmt_modified) VALUES (44, 'category', '热点节日', 9, 1, '测试简介', 'https://daily-test.mxth.com/1548746172268_bg2.png', '[]', '2018-12-24 16:18:17', '2018-12-26 17:25:47');
INSERT INTO gallery.tb_template_category (id, type, title, weight, is_hot, introduction, background_image_url, template_filters, gmt_create, gmt_modified) VALUES (45, 'category', '测试分类', 8, 1, '测试简介1', 'https://daily-test.mxth.com/1548844318309_1img.jpg', '', '2019-01-29 14:36:57', '2019-01-29 14:36:57');
INSERT INTO gallery.tb_template_category (id, type, title, weight, is_hot, introduction, background_image_url, template_filters, gmt_create, gmt_modified) VALUES (46, 'category', 'test', 1, 0, '', '', '', '2019-04-01 14:31:47', '2019-04-01 14:31:47');
INSERT INTO gallery.tb_template_labels (id, template_id, label_id, gmt_create) VALUES (613, 87, 48, '2018-12-10 11:02:18');
INSERT INTO gallery.tb_template_labels (id, template_id, label_id, gmt_create) VALUES (629, 84, 26, '2018-12-11 14:20:24');
INSERT INTO gallery.tb_template_labels (id, template_id, label_id, gmt_create) VALUES (636, 77, 44, '2018-12-11 16:42:51');
INSERT INTO gallery.tb_template_labels (id, template_id, label_id, gmt_create) VALUES (637, 77, 35, '2018-12-11 16:42:51');
INSERT INTO gallery.tb_template_labels (id, template_id, label_id, gmt_create) VALUES (641, 91, 44, '2018-12-11 16:46:37');
INSERT INTO gallery.tb_template_labels (id, template_id, label_id, gmt_create) VALUES (661, 93, 26, '2018-12-14 15:33:38');
INSERT INTO gallery.tb_template_labels (id, template_id, label_id, gmt_create) VALUES (677, 98, 45, '2018-12-14 17:09:11');
INSERT INTO gallery.tb_template_labels (id, template_id, label_id, gmt_create) VALUES (678, 89, 48, '2018-12-14 17:53:05');
INSERT INTO gallery.tb_template_labels (id, template_id, label_id, gmt_create) VALUES (679, 96, 26, '2018-12-14 18:36:16');
INSERT INTO gallery.tb_template_labels (id, template_id, label_id, gmt_create) VALUES (680, 97, 26, '2018-12-14 20:01:24');
INSERT INTO gallery.tb_template_labels (id, template_id, label_id, gmt_create) VALUES (681, 95, 26, '2018-12-14 20:01:39');
INSERT INTO gallery.tb_template_labels (id, template_id, label_id, gmt_create) VALUES (683, 79, 44, '2018-12-14 20:02:14');
INSERT INTO gallery.tb_template_labels (id, template_id, label_id, gmt_create) VALUES (685, 82, 44, '2018-12-15 16:04:16');
INSERT INTO gallery.tb_template_labels (id, template_id, label_id, gmt_create) VALUES (686, 82, 45, '2018-12-15 16:04:16');
INSERT INTO gallery.tb_template_labels (id, template_id, label_id, gmt_create) VALUES (704, 83, 50, '2018-12-19 12:02:52');
INSERT INTO gallery.tb_template_labels (id, template_id, label_id, gmt_create) VALUES (725, 100, 44, '2018-12-20 17:46:48');
INSERT INTO gallery.tb_template_labels (id, template_id, label_id, gmt_create) VALUES (736, 86, 26, '2018-12-20 18:44:25');
INSERT INTO gallery.tb_template_labels (id, template_id, label_id, gmt_create) VALUES (749, 101, 35, '2018-12-21 10:17:27');
INSERT INTO gallery.tb_template_labels (id, template_id, label_id, gmt_create) VALUES (753, 90, 49, '2018-12-21 11:00:21');
INSERT INTO gallery.tb_template_labels (id, template_id, label_id, gmt_create) VALUES (790, 92, 26, '2018-12-21 19:05:13');
INSERT INTO gallery.tb_template_labels (id, template_id, label_id, gmt_create) VALUES (794, 112, 58, '2018-12-22 15:10:43');
INSERT INTO gallery.tb_template_labels (id, template_id, label_id, gmt_create) VALUES (798, 113, 49, '2018-12-22 15:18:38');
INSERT INTO gallery.tb_template_labels (id, template_id, label_id, gmt_create) VALUES (800, 114, 58, '2018-12-22 15:22:28');
INSERT INTO gallery.tb_template_labels (id, template_id, label_id, gmt_create) VALUES (802, 115, 44, '2018-12-22 15:24:13');
INSERT INTO gallery.tb_template_labels (id, template_id, label_id, gmt_create) VALUES (839, 13, 46, '2018-12-28 18:17:05');
INSERT INTO gallery.tb_template_labels (id, template_id, label_id, gmt_create) VALUES (840, 3, 44, '2018-12-28 18:17:45');
INSERT INTO gallery.tb_template_labels (id, template_id, label_id, gmt_create) VALUES (841, 2, 46, '2018-12-28 18:18:09');
INSERT INTO gallery.tb_template_labels (id, template_id, label_id, gmt_create) VALUES (842, 94, 45, '2018-12-29 09:42:41');
INSERT INTO gallery.tb_template_labels (id, template_id, label_id, gmt_create) VALUES (885, 8, 45, '2018-12-29 19:14:31');
INSERT INTO gallery.tb_template_labels (id, template_id, label_id, gmt_create) VALUES (898, 109, 26, '2019-01-07 12:30:25');
INSERT INTO gallery.tb_template_labels (id, template_id, label_id, gmt_create) VALUES (901, 104, 26, '2019-01-07 12:30:57');
INSERT INTO gallery.tb_template_labels (id, template_id, label_id, gmt_create) VALUES (908, 106, 26, '2019-01-10 14:59:20');
INSERT INTO gallery.tb_template_labels (id, template_id, label_id, gmt_create) VALUES (909, 106, 46, '2019-01-10 14:59:20');
INSERT INTO gallery.tb_template_labels (id, template_id, label_id, gmt_create) VALUES (910, 103, 50, '2019-01-10 14:59:30');
INSERT INTO gallery.tb_template_labels (id, template_id, label_id, gmt_create) VALUES (976, 209, 44, '2019-01-23 14:07:58');
INSERT INTO gallery.tb_template_labels (id, template_id, label_id, gmt_create) VALUES (1013, 12, 48, '2019-01-30 18:42:13');
INSERT INTO gallery.tb_template_labels (id, template_id, label_id, gmt_create) VALUES (1028, 215, 35, '2019-02-12 14:06:19');
INSERT INTO gallery.tb_template_labels (id, template_id, label_id, gmt_create) VALUES (1054, 219, 46, '2019-02-15 18:31:28');
INSERT INTO gallery.tb_template_labels (id, template_id, label_id, gmt_create) VALUES (1061, 235, 59, '2019-02-21 14:15:13');
INSERT INTO gallery.tb_template_labels (id, template_id, label_id, gmt_create) VALUES (1065, 233, 48, '2019-02-21 14:24:30');
INSERT INTO gallery.tb_template_labels (id, template_id, label_id, gmt_create) VALUES (1067, 105, 26, '2019-02-27 17:45:35');
INSERT INTO gallery.tb_template_labels (id, template_id, label_id, gmt_create) VALUES (1076, 108, 26, '2019-03-13 22:34:47');
INSERT INTO gallery.tb_template_labels (id, template_id, label_id, gmt_create) VALUES (1078, 85, 26, '2019-03-13 23:10:55');
INSERT INTO gallery.tb_template_labels (id, template_id, label_id, gmt_create) VALUES (1080, 102, 49, '2019-03-13 23:13:10');
INSERT INTO gallery.tb_template_labels (id, template_id, label_id, gmt_create) VALUES (1083, 231, 35, '2019-03-14 03:29:01');
INSERT INTO gallery.tb_template_labels (id, template_id, label_id, gmt_create) VALUES (1084, 231, 46, '2019-03-14 03:29:01');
INSERT INTO gallery.tb_template_labels (id, template_id, label_id, gmt_create) VALUES (1089, 249, 44, '2019-03-14 03:30:13');
INSERT INTO gallery.tb_template_labels (id, template_id, label_id, gmt_create) VALUES (1092, 247, 26, '2019-03-15 01:54:00');
INSERT INTO gallery.tb_template_labels (id, template_id, label_id, gmt_create) VALUES (1093, 247, 35, '2019-03-15 01:54:00');
INSERT INTO gallery.tb_template_labels (id, template_id, label_id, gmt_create) VALUES (1094, 237, 46, '2019-03-15 20:40:49');
INSERT INTO gallery.tb_template_labels (id, template_id, label_id, gmt_create) VALUES (1095, 237, 44, '2019-03-15 20:40:49');
INSERT INTO gallery.tb_template_labels (id, template_id, label_id, gmt_create) VALUES (1096, 236, 44, '2019-03-15 20:41:39');
INSERT INTO gallery.tb_template_labels (id, template_id, label_id, gmt_create) VALUES (1097, 230, 46, '2019-03-15 20:47:37');
INSERT INTO gallery.tb_template_labels (id, template_id, label_id, gmt_create) VALUES (1098, 374, 46, '2019-03-15 21:19:21');
INSERT INTO gallery.tb_template_labels (id, template_id, label_id, gmt_create) VALUES (1099, 374, 48, '2019-03-15 21:19:21');
INSERT INTO gallery.tb_template_labels (id, template_id, label_id, gmt_create) VALUES (1100, 248, 50, '2019-03-15 21:59:07');
INSERT INTO gallery.tb_template_labels (id, template_id, label_id, gmt_create) VALUES (1101, 246, 26, '2019-03-15 22:01:26');
INSERT INTO gallery.tb_template_labels (id, template_id, label_id, gmt_create) VALUES (1102, 234, 26, '2019-03-18 17:36:29');
INSERT INTO gallery.tb_template_labels (id, template_id, label_id, gmt_create) VALUES (1104, 397, 48, '2019-03-18 17:50:31');
INSERT INTO gallery.tb_template_labels (id, template_id, label_id, gmt_create) VALUES (1105, 398, 45, '2019-03-18 05:55:35');
INSERT INTO gallery.tb_template_labels (id, template_id, label_id, gmt_create) VALUES (1106, 399, 59, '2019-03-18 05:56:33');
INSERT INTO gallery.tb_template_labels (id, template_id, label_id, gmt_create) VALUES (1107, 400, 49, '2019-03-18 17:58:47');
INSERT INTO gallery.tb_template_labels (id, template_id, label_id, gmt_create) VALUES (1113, 401, 46, '2019-04-01 15:23:39');
INSERT INTO gallery.tb_template_statistics (id, template_id, category_id, brand_id, gmt_create, visitor_count, share_count, used_count) VALUES (1, 231, 37, 1, '2019-02-20 16:30:59', 7, 0, 0);
INSERT INTO gallery.tb_template_statistics (id, template_id, category_id, brand_id, gmt_create, visitor_count, share_count, used_count) VALUES (2, 230, 31, 1, '2019-02-20 16:30:59', 1, 0, 0);
INSERT INTO gallery.tb_template_statistics (id, template_id, category_id, brand_id, gmt_create, visitor_count, share_count, used_count) VALUES (3, 231, 37, 1, '2019-02-20 16:30:59', 0, 2, 0);
INSERT INTO gallery.tb_template_statistics (id, template_id, category_id, brand_id, gmt_create, visitor_count, share_count, used_count) VALUES (4, 231, 37, 1, '2019-02-20 16:30:59', 0, 0, 3);
INSERT INTO gallery.tb_template_statistics (id, template_id, category_id, brand_id, gmt_create, visitor_count, share_count, used_count) VALUES (5, 86, 28, 0, '2019-02-20 17:30:59', 2, 0, 0);
INSERT INTO gallery.tb_template_statistics (id, template_id, category_id, brand_id, gmt_create, visitor_count, share_count, used_count) VALUES (6, 108, 36, 0, '2019-02-20 17:30:59', 2, 0, 0);
INSERT INTO gallery.tb_template_statistics (id, template_id, category_id, brand_id, gmt_create, visitor_count, share_count, used_count) VALUES (7, 209, 36, 0, '2019-02-20 17:30:59', 4, 0, 0);
INSERT INTO gallery.tb_template_statistics (id, template_id, category_id, brand_id, gmt_create, visitor_count, share_count, used_count) VALUES (8, 107, 45, 0, '2019-02-20 17:30:59', 5, 0, 0);
INSERT INTO gallery.tb_template_statistics (id, template_id, category_id, brand_id, gmt_create, visitor_count, share_count, used_count) VALUES (9, 85, 28, 0, '2019-02-20 17:30:59', 2, 0, 0);
INSERT INTO gallery.tb_template_statistics (id, template_id, category_id, brand_id, gmt_create, visitor_count, share_count, used_count) VALUES (10, 108, 36, 0, '2019-02-20 17:30:59', 0, 1, 0);
INSERT INTO gallery.tb_template_statistics (id, template_id, category_id, brand_id, gmt_create, visitor_count, share_count, used_count) VALUES (11, 86, 28, 0, '2019-02-20 17:30:59', 0, 0, 1);
INSERT INTO gallery.tb_template_statistics (id, template_id, category_id, brand_id, gmt_create, visitor_count, share_count, used_count) VALUES (12, 85, 28, 0, '2019-02-20 17:30:59', 0, 0, 1);
INSERT INTO gallery.tb_template_statistics (id, template_id, category_id, brand_id, gmt_create, visitor_count, share_count, used_count) VALUES (13, 107, 45, 0, '2019-02-20 17:30:59', 0, 0, 3);
INSERT INTO gallery.tb_template_statistics (id, template_id, category_id, brand_id, gmt_create, visitor_count, share_count, used_count) VALUES (14, 209, 36, 0, '2019-02-20 17:30:59', 0, 0, 2);
INSERT INTO gallery.tb_template_statistics (id, template_id, category_id, brand_id, gmt_create, visitor_count, share_count, used_count) VALUES (15, 108, 36, 0, '2019-02-20 18:30:59', 1, 0, 0);
INSERT INTO gallery.tb_template_statistics (id, template_id, category_id, brand_id, gmt_create, visitor_count, share_count, used_count) VALUES (16, 215, 36, 0, '2019-02-20 18:30:59', 1, 0, 0);
INSERT INTO gallery.tb_template_statistics (id, template_id, category_id, brand_id, gmt_create, visitor_count, share_count, used_count) VALUES (17, 92, 35, 0, '2019-02-20 18:30:59', 5, 0, 0);
INSERT INTO gallery.tb_template_statistics (id, template_id, category_id, brand_id, gmt_create, visitor_count, share_count, used_count) VALUES (18, 219, 44, 0, '2019-02-20 18:30:59', 1, 0, 0);
INSERT INTO gallery.tb_template_statistics (id, template_id, category_id, brand_id, gmt_create, visitor_count, share_count, used_count) VALUES (19, 107, 45, 0, '2019-02-20 18:30:59', 2, 0, 0);
INSERT INTO gallery.tb_template_statistics (id, template_id, category_id, brand_id, gmt_create, visitor_count, share_count, used_count) VALUES (20, 105, 30, 0, '2019-02-20 18:30:59', 2, 0, 0);
INSERT INTO gallery.tb_template_statistics (id, template_id, category_id, brand_id, gmt_create, visitor_count, share_count, used_count) VALUES (21, 92, 35, 0, '2019-02-20 18:30:59', 0, 0, 3);
INSERT INTO gallery.tb_template_statistics (id, template_id, category_id, brand_id, gmt_create, visitor_count, share_count, used_count) VALUES (22, 105, 30, 0, '2019-02-20 18:30:59', 0, 0, 1);
INSERT INTO gallery.tb_template_statistics (id, template_id, category_id, brand_id, gmt_create, visitor_count, share_count, used_count) VALUES (23, 106, 31, 0, '2019-02-20 19:30:59', 1, 0, 0);
INSERT INTO gallery.tb_template_statistics (id, template_id, category_id, brand_id, gmt_create, visitor_count, share_count, used_count) VALUES (24, 86, 28, 0, '2019-02-20 19:30:59', 2, 0, 0);
INSERT INTO gallery.tb_template_statistics (id, template_id, category_id, brand_id, gmt_create, visitor_count, share_count, used_count) VALUES (25, 209, 36, 0, '2019-02-20 19:30:59', 1, 0, 0);
INSERT INTO gallery.tb_template_statistics (id, template_id, category_id, brand_id, gmt_create, visitor_count, share_count, used_count) VALUES (26, 92, 35, 0, '2019-02-20 19:30:59', 1, 0, 0);
INSERT INTO gallery.tb_template_statistics (id, template_id, category_id, brand_id, gmt_create, visitor_count, share_count, used_count) VALUES (27, 103, 26, 0, '2019-02-20 19:30:59', 1, 0, 0);
INSERT INTO gallery.tb_template_statistics (id, template_id, category_id, brand_id, gmt_create, visitor_count, share_count, used_count) VALUES (28, 107, 45, 0, '2019-02-20 19:30:59', 3, 0, 0);
INSERT INTO gallery.tb_template_statistics (id, template_id, category_id, brand_id, gmt_create, visitor_count, share_count, used_count) VALUES (29, 85, 28, 0, '2019-02-20 19:30:59', 2, 0, 0);
INSERT INTO gallery.tb_template_statistics (id, template_id, category_id, brand_id, gmt_create, visitor_count, share_count, used_count) VALUES (30, 105, 30, 0, '2019-02-20 19:30:59', 2, 0, 0);
INSERT INTO gallery.tb_template_statistics (id, template_id, category_id, brand_id, gmt_create, visitor_count, share_count, used_count) VALUES (31, 86, 28, 0, '2019-02-20 19:30:59', 0, 0, 1);
INSERT INTO gallery.tb_template_statistics (id, template_id, category_id, brand_id, gmt_create, visitor_count, share_count, used_count) VALUES (32, 85, 28, 0, '2019-02-20 19:30:59', 0, 0, 1);
INSERT INTO gallery.tb_template_statistics (id, template_id, category_id, brand_id, gmt_create, visitor_count, share_count, used_count) VALUES (33, 105, 30, 0, '2019-02-20 19:30:59', 0, 0, 1);
INSERT INTO gallery.tb_template_statistics (id, template_id, category_id, brand_id, gmt_create, visitor_count, share_count, used_count) VALUES (34, 209, 36, 0, '2019-02-21 12:30:59', 12, 0, 0);
INSERT INTO gallery.tb_template_statistics (id, template_id, category_id, brand_id, gmt_create, visitor_count, share_count, used_count) VALUES (35, 219, 44, 0, '2019-02-21 12:30:59', 3, 0, 0);
INSERT INTO gallery.tb_template_statistics (id, template_id, category_id, brand_id, gmt_create, visitor_count, share_count, used_count) VALUES (36, 109, 36, 0, '2019-02-21 12:30:59', 2, 0, 0);
INSERT INTO gallery.tb_template_statistics (id, template_id, category_id, brand_id, gmt_create, visitor_count, share_count, used_count) VALUES (37, 209, 36, 0, '2019-02-21 12:30:59', 0, 0, 4);
INSERT INTO gallery.tb_template_statistics (id, template_id, category_id, brand_id, gmt_create, visitor_count, share_count, used_count) VALUES (38, 219, 44, 0, '2019-02-21 12:30:59', 0, 0, 1);
INSERT INTO gallery.tb_template_statistics (id, template_id, category_id, brand_id, gmt_create, visitor_count, share_count, used_count) VALUES (39, 209, 36, 0, '2019-02-21 14:30:59', 9, 0, 0);
INSERT INTO gallery.tb_template_statistics (id, template_id, category_id, brand_id, gmt_create, visitor_count, share_count, used_count) VALUES (40, 215, 36, 0, '2019-02-21 14:30:59', 12, 0, 0);
INSERT INTO gallery.tb_template_statistics (id, template_id, category_id, brand_id, gmt_create, visitor_count, share_count, used_count) VALUES (41, 234, 36, 0, '2019-02-21 14:30:59', 3, 0, 0);
INSERT INTO gallery.tb_template_statistics (id, template_id, category_id, brand_id, gmt_create, visitor_count, share_count, used_count) VALUES (42, 219, 44, 0, '2019-02-21 14:30:59', 2, 0, 0);
INSERT INTO gallery.tb_template_statistics (id, template_id, category_id, brand_id, gmt_create, visitor_count, share_count, used_count) VALUES (43, 233, 44, 0, '2019-02-21 14:30:59', 4, 0, 0);
INSERT INTO gallery.tb_template_statistics (id, template_id, category_id, brand_id, gmt_create, visitor_count, share_count, used_count) VALUES (44, 235, 45, 0, '2019-02-21 14:30:59', 2, 0, 0);
INSERT INTO gallery.tb_template_statistics (id, template_id, category_id, brand_id, gmt_create, visitor_count, share_count, used_count) VALUES (45, 234, 36, 0, '2019-02-21 14:30:59', 0, 0, 1);
INSERT INTO gallery.tb_template_statistics (id, template_id, category_id, brand_id, gmt_create, visitor_count, share_count, used_count) VALUES (46, 215, 36, 0, '2019-02-21 14:30:59', 0, 0, 6);
INSERT INTO gallery.tb_template_statistics (id, template_id, category_id, brand_id, gmt_create, visitor_count, share_count, used_count) VALUES (47, 219, 44, 0, '2019-02-21 14:30:59', 0, 0, 1);
INSERT INTO gallery.tb_template_statistics (id, template_id, category_id, brand_id, gmt_create, visitor_count, share_count, used_count) VALUES (48, 209, 36, 0, '2019-02-21 14:30:59', 0, 0, 5);
INSERT INTO gallery.tb_template_statistics (id, template_id, category_id, brand_id, gmt_create, visitor_count, share_count, used_count) VALUES (49, 235, 45, 0, '2019-02-21 14:30:59', 0, 0, 1);
INSERT INTO gallery.tb_template_statistics (id, template_id, category_id, brand_id, gmt_create, visitor_count, share_count, used_count) VALUES (50, 233, 44, 0, '2019-02-21 14:30:59', 0, 0, 1);
INSERT INTO gallery.tb_template_statistics (id, template_id, category_id, brand_id, gmt_create, visitor_count, share_count, used_count) VALUES (51, 209, 36, 0, '2019-02-21 15:30:59', 4, 0, 0);
INSERT INTO gallery.tb_template_statistics (id, template_id, category_id, brand_id, gmt_create, visitor_count, share_count, used_count) VALUES (52, 234, 36, 0, '2019-02-21 15:30:59', 1, 0, 0);
INSERT INTO gallery.tb_template_statistics (id, template_id, category_id, brand_id, gmt_create, visitor_count, share_count, used_count) VALUES (53, 92, 35, 0, '2019-02-21 15:30:59', 8, 0, 0);
INSERT INTO gallery.tb_template_statistics (id, template_id, category_id, brand_id, gmt_create, visitor_count, share_count, used_count) VALUES (54, 219, 44, 0, '2019-02-21 15:30:59', 2, 0, 0);
INSERT INTO gallery.tb_template_statistics (id, template_id, category_id, brand_id, gmt_create, visitor_count, share_count, used_count) VALUES (55, 107, 45, 0, '2019-02-21 15:30:59', 1, 0, 0);
INSERT INTO gallery.tb_template_statistics (id, template_id, category_id, brand_id, gmt_create, visitor_count, share_count, used_count) VALUES (56, 105, 30, 0, '2019-02-21 15:30:59', 2, 0, 0);
INSERT INTO gallery.tb_template_statistics (id, template_id, category_id, brand_id, gmt_create, visitor_count, share_count, used_count) VALUES (57, 105, 30, 0, '2019-02-21 15:30:59', 0, 0, 1);
INSERT INTO gallery.tb_template_statistics (id, template_id, category_id, brand_id, gmt_create, visitor_count, share_count, used_count) VALUES (58, 219, 44, 0, '2019-02-21 15:30:59', 0, 0, 1);
INSERT INTO gallery.tb_template_statistics (id, template_id, category_id, brand_id, gmt_create, visitor_count, share_count, used_count) VALUES (59, 209, 36, 0, '2019-02-21 15:30:59', 0, 0, 2);
INSERT INTO gallery.tb_template_statistics (id, template_id, category_id, brand_id, gmt_create, visitor_count, share_count, used_count) VALUES (60, 92, 35, 0, '2019-02-21 15:30:59', 0, 0, 4);
INSERT INTO gallery.tb_template_statistics (id, template_id, category_id, brand_id, gmt_create, visitor_count, share_count, used_count) VALUES (61, 209, 36, 0, '2019-02-21 16:30:59', 8, 0, 0);
INSERT INTO gallery.tb_template_statistics (id, template_id, category_id, brand_id, gmt_create, visitor_count, share_count, used_count) VALUES (62, 215, 36, 0, '2019-02-21 16:30:59', 13, 0, 0);
INSERT INTO gallery.tb_template_statistics (id, template_id, category_id, brand_id, gmt_create, visitor_count, share_count, used_count) VALUES (63, 92, 35, 0, '2019-02-21 16:30:59', 3, 0, 0);
INSERT INTO gallery.tb_template_statistics (id, template_id, category_id, brand_id, gmt_create, visitor_count, share_count, used_count) VALUES (64, 107, 45, 0, '2019-02-21 16:30:59', 1, 0, 0);
INSERT INTO gallery.tb_template_statistics (id, template_id, category_id, brand_id, gmt_create, visitor_count, share_count, used_count) VALUES (65, 209, 36, 0, '2019-02-21 16:30:59', 0, 0, 4);
INSERT INTO gallery.tb_template_statistics (id, template_id, category_id, brand_id, gmt_create, visitor_count, share_count, used_count) VALUES (66, 92, 35, 0, '2019-02-21 16:30:59', 0, 0, 2);
INSERT INTO gallery.tb_template_statistics (id, template_id, category_id, brand_id, gmt_create, visitor_count, share_count, used_count) VALUES (67, 215, 36, 0, '2019-02-21 16:30:59', 0, 0, 6);
INSERT INTO gallery.tb_template_statistics (id, template_id, category_id, brand_id, gmt_create, visitor_count, share_count, used_count) VALUES (68, 209, 36, 0, '2019-02-21 17:30:59', 28, 0, 0);
INSERT INTO gallery.tb_template_statistics (id, template_id, category_id, brand_id, gmt_create, visitor_count, share_count, used_count) VALUES (69, 215, 36, 0, '2019-02-21 17:30:59', 6, 0, 0);
INSERT INTO gallery.tb_template_statistics (id, template_id, category_id, brand_id, gmt_create, visitor_count, share_count, used_count) VALUES (70, 92, 35, 0, '2019-02-21 17:30:59', 4, 0, 0);
INSERT INTO gallery.tb_template_statistics (id, template_id, category_id, brand_id, gmt_create, visitor_count, share_count, used_count) VALUES (71, 209, 36, 0, '2019-02-21 17:30:59', 0, 0, 15);
INSERT INTO gallery.tb_template_statistics (id, template_id, category_id, brand_id, gmt_create, visitor_count, share_count, used_count) VALUES (72, 92, 35, 0, '2019-02-21 17:30:59', 0, 0, 3);
INSERT INTO gallery.tb_template_statistics (id, template_id, category_id, brand_id, gmt_create, visitor_count, share_count, used_count) VALUES (73, 215, 36, 0, '2019-02-21 17:30:59', 0, 0, 3);
INSERT INTO gallery.tb_template_statistics (id, template_id, category_id, brand_id, gmt_create, visitor_count, share_count, used_count) VALUES (74, 209, 36, 0, '2019-02-21 18:30:59', 22, 0, 0);
INSERT INTO gallery.tb_template_statistics (id, template_id, category_id, brand_id, gmt_create, visitor_count, share_count, used_count) VALUES (75, 215, 36, 0, '2019-02-21 18:30:59', 7, 0, 0);
INSERT INTO gallery.tb_template_statistics (id, template_id, category_id, brand_id, gmt_create, visitor_count, share_count, used_count) VALUES (76, 92, 35, 0, '2019-02-21 18:30:59', 7, 0, 0);
INSERT INTO gallery.tb_template_statistics (id, template_id, category_id, brand_id, gmt_create, visitor_count, share_count, used_count) VALUES (77, 209, 36, 0, '2019-02-21 18:30:59', 0, 0, 11);
INSERT INTO gallery.tb_template_statistics (id, template_id, category_id, brand_id, gmt_create, visitor_count, share_count, used_count) VALUES (78, 92, 35, 0, '2019-02-21 18:30:59', 0, 0, 4);
INSERT INTO gallery.tb_template_statistics (id, template_id, category_id, brand_id, gmt_create, visitor_count, share_count, used_count) VALUES (79, 215, 36, 0, '2019-02-21 18:30:59', 0, 0, 4);
INSERT INTO gallery.tb_template_statistics (id, template_id, category_id, brand_id, gmt_create, visitor_count, share_count, used_count) VALUES (80, 92, 35, 0, '2019-02-21 20:30:59', 2, 0, 0);
INSERT INTO gallery.tb_template_statistics (id, template_id, category_id, brand_id, gmt_create, visitor_count, share_count, used_count) VALUES (81, 92, 35, 0, '2019-02-21 20:30:59', 0, 0, 1);
INSERT INTO gallery.tb_template_statistics (id, template_id, category_id, brand_id, gmt_create, visitor_count, share_count, used_count) VALUES (82, 92, 35, 0, '2019-02-22 10:30:59', 7, 0, 0);
INSERT INTO gallery.tb_template_statistics (id, template_id, category_id, brand_id, gmt_create, visitor_count, share_count, used_count) VALUES (83, 92, 35, 0, '2019-02-22 10:30:59', 0, 0, 3);
INSERT INTO gallery.tb_template_statistics (id, template_id, category_id, brand_id, gmt_create, visitor_count, share_count, used_count) VALUES (84, 209, 36, 0, '2019-02-22 11:30:59', 22, 0, 0);
INSERT INTO gallery.tb_template_statistics (id, template_id, category_id, brand_id, gmt_create, visitor_count, share_count, used_count) VALUES (85, 215, 36, 0, '2019-02-22 11:30:59', 10, 0, 0);
INSERT INTO gallery.tb_template_statistics (id, template_id, category_id, brand_id, gmt_create, visitor_count, share_count, used_count) VALUES (86, 92, 35, 0, '2019-02-22 11:30:59', 4, 0, 0);
INSERT INTO gallery.tb_template_statistics (id, template_id, category_id, brand_id, gmt_create, visitor_count, share_count, used_count) VALUES (87, 209, 36, 0, '2019-02-22 11:30:59', 0, 0, 11);
INSERT INTO gallery.tb_template_statistics (id, template_id, category_id, brand_id, gmt_create, visitor_count, share_count, used_count) VALUES (88, 92, 35, 0, '2019-02-22 11:30:59', 0, 0, 3);
INSERT INTO gallery.tb_template_statistics (id, template_id, category_id, brand_id, gmt_create, visitor_count, share_count, used_count) VALUES (89, 215, 36, 0, '2019-02-22 11:30:59', 0, 0, 5);
INSERT INTO gallery.tb_template_statistics (id, template_id, category_id, brand_id, gmt_create, visitor_count, share_count, used_count) VALUES (90, 94, 36, 0, '2019-02-22 12:30:59', 4, 0, 0);
INSERT INTO gallery.tb_template_statistics (id, template_id, category_id, brand_id, gmt_create, visitor_count, share_count, used_count) VALUES (91, 108, 36, 0, '2019-02-22 12:30:59', 2, 0, 0);
INSERT INTO gallery.tb_template_statistics (id, template_id, category_id, brand_id, gmt_create, visitor_count, share_count, used_count) VALUES (92, 209, 36, 0, '2019-02-22 12:30:59', 18, 0, 0);
INSERT INTO gallery.tb_template_statistics (id, template_id, category_id, brand_id, gmt_create, visitor_count, share_count, used_count) VALUES (93, 215, 36, 0, '2019-02-22 12:30:59', 4, 0, 0);
INSERT INTO gallery.tb_template_statistics (id, template_id, category_id, brand_id, gmt_create, visitor_count, share_count, used_count) VALUES (94, 234, 36, 0, '2019-02-22 12:30:59', 1, 0, 0);
INSERT INTO gallery.tb_template_statistics (id, template_id, category_id, brand_id, gmt_create, visitor_count, share_count, used_count) VALUES (95, 109, 36, 0, '2019-02-22 12:30:59', 2, 0, 0);
INSERT INTO gallery.tb_template_statistics (id, template_id, category_id, brand_id, gmt_create, visitor_count, share_count, used_count) VALUES (96, 94, 36, 0, '2019-02-22 12:30:59', 0, 0, 3);
INSERT INTO gallery.tb_template_statistics (id, template_id, category_id, brand_id, gmt_create, visitor_count, share_count, used_count) VALUES (97, 215, 36, 0, '2019-02-22 12:30:59', 0, 0, 2);
INSERT INTO gallery.tb_template_statistics (id, template_id, category_id, brand_id, gmt_create, visitor_count, share_count, used_count) VALUES (98, 108, 36, 0, '2019-02-22 12:30:59', 0, 0, 1);
INSERT INTO gallery.tb_template_statistics (id, template_id, category_id, brand_id, gmt_create, visitor_count, share_count, used_count) VALUES (99, 209, 36, 0, '2019-02-22 12:30:59', 0, 0, 9);
INSERT INTO gallery.tb_template_statistics (id, template_id, category_id, brand_id, gmt_create, visitor_count, share_count, used_count) VALUES (100, 109, 36, 0, '2019-02-22 12:30:59', 0, 0, 1);
INSERT INTO gallery.tb_template_statistics (id, template_id, category_id, brand_id, gmt_create, visitor_count, share_count, used_count) VALUES (101, 209, 36, 0, '2019-02-22 14:30:59', 18, 0, 0);
INSERT INTO gallery.tb_template_statistics (id, template_id, category_id, brand_id, gmt_create, visitor_count, share_count, used_count) VALUES (102, 215, 36, 0, '2019-02-22 14:30:59', 14, 0, 0);
INSERT INTO gallery.tb_template_statistics (id, template_id, category_id, brand_id, gmt_create, visitor_count, share_count, used_count) VALUES (103, 109, 36, 0, '2019-02-22 14:30:59', 2, 0, 0);
INSERT INTO gallery.tb_template_statistics (id, template_id, category_id, brand_id, gmt_create, visitor_count, share_count, used_count) VALUES (104, 209, 36, 0, '2019-02-22 14:30:59', 0, 0, 9);
INSERT INTO gallery.tb_template_statistics (id, template_id, category_id, brand_id, gmt_create, visitor_count, share_count, used_count) VALUES (105, 109, 36, 0, '2019-02-22 14:30:59', 0, 0, 1);
INSERT INTO gallery.tb_template_statistics (id, template_id, category_id, brand_id, gmt_create, visitor_count, share_count, used_count) VALUES (106, 215, 36, 0, '2019-02-22 14:30:59', 0, 0, 7);
INSERT INTO gallery.tb_template_statistics (id, template_id, category_id, brand_id, gmt_create, visitor_count, share_count, used_count) VALUES (107, 94, 36, 0, '2019-02-22 15:30:59', 2, 0, 0);
INSERT INTO gallery.tb_template_statistics (id, template_id, category_id, brand_id, gmt_create, visitor_count, share_count, used_count) VALUES (108, 108, 36, 0, '2019-02-22 15:30:59', 2, 0, 0);
INSERT INTO gallery.tb_template_statistics (id, template_id, category_id, brand_id, gmt_create, visitor_count, share_count, used_count) VALUES (109, 8, 36, 0, '2019-02-22 15:30:59', 2, 0, 0);
INSERT INTO gallery.tb_template_statistics (id, template_id, category_id, brand_id, gmt_create, visitor_count, share_count, used_count) VALUES (110, 12, 36, 0, '2019-02-22 15:30:59', 2, 0, 0);
INSERT INTO gallery.tb_template_statistics (id, template_id, category_id, brand_id, gmt_create, visitor_count, share_count, used_count) VALUES (111, 107, 45, 0, '2019-02-22 15:30:59', 4, 0, 0);
INSERT INTO gallery.tb_template_statistics (id, template_id, category_id, brand_id, gmt_create, visitor_count, share_count, used_count) VALUES (112, 109, 36, 0, '2019-02-22 15:30:59', 2, 0, 0);
INSERT INTO gallery.tb_template_statistics (id, template_id, category_id, brand_id, gmt_create, visitor_count, share_count, used_count) VALUES (113, 94, 36, 0, '2019-02-22 15:30:59', 0, 0, 1);
INSERT INTO gallery.tb_template_statistics (id, template_id, category_id, brand_id, gmt_create, visitor_count, share_count, used_count) VALUES (114, 8, 36, 0, '2019-02-22 15:30:59', 0, 0, 1);
INSERT INTO gallery.tb_template_statistics (id, template_id, category_id, brand_id, gmt_create, visitor_count, share_count, used_count) VALUES (115, 12, 36, 0, '2019-02-22 15:30:59', 0, 0, 1);
INSERT INTO gallery.tb_template_statistics (id, template_id, category_id, brand_id, gmt_create, visitor_count, share_count, used_count) VALUES (116, 108, 36, 0, '2019-02-22 15:30:59', 0, 0, 1);
INSERT INTO gallery.tb_template_statistics (id, template_id, category_id, brand_id, gmt_create, visitor_count, share_count, used_count) VALUES (117, 107, 45, 0, '2019-02-22 15:30:59', 0, 0, 2);
INSERT INTO gallery.tb_template_statistics (id, template_id, category_id, brand_id, gmt_create, visitor_count, share_count, used_count) VALUES (118, 109, 36, 0, '2019-02-22 15:30:59', 0, 0, 1);
INSERT INTO gallery.tb_template_statistics (id, template_id, category_id, brand_id, gmt_create, visitor_count, share_count, used_count) VALUES (119, 92, 35, 0, '2019-02-23 13:30:59', 2, 0, 0);
INSERT INTO gallery.tb_template_statistics (id, template_id, category_id, brand_id, gmt_create, visitor_count, share_count, used_count) VALUES (120, 92, 35, 0, '2019-02-23 13:30:59', 0, 0, 1);
INSERT INTO gallery.tb_template_statistics (id, template_id, category_id, brand_id, gmt_create, visitor_count, share_count, used_count) VALUES (121, 92, 35, 0, '2019-02-25 14:30:59', 2, 0, 0);
INSERT INTO gallery.tb_template_statistics (id, template_id, category_id, brand_id, gmt_create, visitor_count, share_count, used_count) VALUES (122, 92, 35, 0, '2019-02-25 14:30:59', 0, 0, 1);
INSERT INTO gallery.tb_template_statistics (id, template_id, category_id, brand_id, gmt_create, visitor_count, share_count, used_count) VALUES (123, 209, 36, 0, '2019-02-25 16:30:59', 2, 0, 0);
INSERT INTO gallery.tb_template_statistics (id, template_id, category_id, brand_id, gmt_create, visitor_count, share_count, used_count) VALUES (124, 234, 36, 0, '2019-02-25 16:30:59', 2, 0, 0);
INSERT INTO gallery.tb_template_statistics (id, template_id, category_id, brand_id, gmt_create, visitor_count, share_count, used_count) VALUES (125, 209, 36, 0, '2019-02-25 16:30:59', 0, 0, 1);
INSERT INTO gallery.tb_template_statistics (id, template_id, category_id, brand_id, gmt_create, visitor_count, share_count, used_count) VALUES (126, 234, 36, 0, '2019-02-25 16:30:59', 0, 0, 1);
INSERT INTO gallery.tb_template_statistics (id, template_id, category_id, brand_id, gmt_create, visitor_count, share_count, used_count) VALUES (127, 209, 36, 0, '2019-02-25 17:30:59', 8, 0, 0);
INSERT INTO gallery.tb_template_statistics (id, template_id, category_id, brand_id, gmt_create, visitor_count, share_count, used_count) VALUES (128, 209, 36, 0, '2019-02-25 17:30:59', 0, 0, 4);
INSERT INTO gallery.tb_template_statistics (id, template_id, category_id, brand_id, gmt_create, visitor_count, share_count, used_count) VALUES (129, 92, 35, 0, '2019-02-26 10:30:59', 2, 0, 0);
INSERT INTO gallery.tb_template_statistics (id, template_id, category_id, brand_id, gmt_create, visitor_count, share_count, used_count) VALUES (130, 92, 35, 0, '2019-02-26 10:30:59', 0, 0, 1);
INSERT INTO gallery.tb_template_statistics (id, template_id, category_id, brand_id, gmt_create, visitor_count, share_count, used_count) VALUES (131, 109, 36, 0, '2019-02-27 18:30:59', 1, 0, 0);
INSERT INTO gallery.tb_template_statistics (id, template_id, category_id, brand_id, gmt_create, visitor_count, share_count, used_count) VALUES (132, 226, 35, 0, '2019-03-05 11:30:59', 2, 0, 0);
INSERT INTO gallery.tb_template_statistics (id, template_id, category_id, brand_id, gmt_create, visitor_count, share_count, used_count) VALUES (133, 226, 35, 0, '2019-03-05 11:30:59', 0, 0, 1);
INSERT INTO gallery.tb_template_statistics (id, template_id, category_id, brand_id, gmt_create, visitor_count, share_count, used_count) VALUES (134, 94, 36, 0, '2019-03-05 15:30:59', 3, 0, 0);
INSERT INTO gallery.tb_template_statistics (id, template_id, category_id, brand_id, gmt_create, visitor_count, share_count, used_count) VALUES (135, 209, 36, 0, '2019-03-05 15:30:59', 2, 0, 0);
INSERT INTO gallery.tb_template_statistics (id, template_id, category_id, brand_id, gmt_create, visitor_count, share_count, used_count) VALUES (136, 226, 35, 0, '2019-03-05 15:30:59', 2, 0, 0);
INSERT INTO gallery.tb_template_statistics (id, template_id, category_id, brand_id, gmt_create, visitor_count, share_count, used_count) VALUES (137, 105, 30, 0, '2019-03-05 15:30:59', 1, 0, 0);
INSERT INTO gallery.tb_template_statistics (id, template_id, category_id, brand_id, gmt_create, visitor_count, share_count, used_count) VALUES (138, 109, 36, 0, '2019-03-05 15:30:59', 2, 0, 0);
INSERT INTO gallery.tb_template_statistics (id, template_id, category_id, brand_id, gmt_create, visitor_count, share_count, used_count) VALUES (139, 226, 35, 0, '2019-03-05 15:30:59', 0, 0, 1);
INSERT INTO gallery.tb_template_statistics (id, template_id, category_id, brand_id, gmt_create, visitor_count, share_count, used_count) VALUES (140, 94, 36, 0, '2019-03-05 15:30:59', 0, 0, 2);
INSERT INTO gallery.tb_template_statistics (id, template_id, category_id, brand_id, gmt_create, visitor_count, share_count, used_count) VALUES (141, 209, 36, 0, '2019-03-05 15:30:59', 0, 0, 1);
INSERT INTO gallery.tb_template_statistics (id, template_id, category_id, brand_id, gmt_create, visitor_count, share_count, used_count) VALUES (142, 109, 36, 0, '2019-03-05 15:30:59', 0, 0, 1);
INSERT INTO gallery.tb_template_statistics (id, template_id, category_id, brand_id, gmt_create, visitor_count, share_count, used_count) VALUES (143, 106, 31, 0, '2019-03-05 21:30:59', 1, 0, 0);
INSERT INTO gallery.tb_template_statistics (id, template_id, category_id, brand_id, gmt_create, visitor_count, share_count, used_count) VALUES (144, 86, 28, 0, '2019-03-05 21:30:59', 1, 0, 0);
INSERT INTO gallery.tb_template_statistics (id, template_id, category_id, brand_id, gmt_create, visitor_count, share_count, used_count) VALUES (145, 237, 35, 0, '2019-03-05 21:30:59', 1, 0, 0);
INSERT INTO gallery.tb_template_statistics (id, template_id, category_id, brand_id, gmt_create, visitor_count, share_count, used_count) VALUES (146, 219, 44, 0, '2019-03-05 21:30:59', 1, 0, 0);
INSERT INTO gallery.tb_template_statistics (id, template_id, category_id, brand_id, gmt_create, visitor_count, share_count, used_count) VALUES (147, 90, 31, 0, '2019-03-05 21:30:59', 1, 0, 0);
INSERT INTO gallery.tb_template_statistics (id, template_id, category_id, brand_id, gmt_create, visitor_count, share_count, used_count) VALUES (148, 92, 35, 0, '2019-03-05 21:30:59', 1, 0, 0);
INSERT INTO gallery.tb_template_statistics (id, template_id, category_id, brand_id, gmt_create, visitor_count, share_count, used_count) VALUES (149, 226, 35, 0, '2019-03-05 21:30:59', 1, 0, 0);
INSERT INTO gallery.tb_template_statistics (id, template_id, category_id, brand_id, gmt_create, visitor_count, share_count, used_count) VALUES (150, 103, 26, 0, '2019-03-05 21:30:59', 1, 0, 0);
INSERT INTO gallery.tb_template_statistics (id, template_id, category_id, brand_id, gmt_create, visitor_count, share_count, used_count) VALUES (151, 233, 44, 0, '2019-03-05 21:30:59', 1, 0, 0);
INSERT INTO gallery.tb_template_statistics (id, template_id, category_id, brand_id, gmt_create, visitor_count, share_count, used_count) VALUES (152, 226, 35, 0, '2019-03-07 09:30:59', 1, 0, 0);
INSERT INTO gallery.tb_template_statistics (id, template_id, category_id, brand_id, gmt_create, visitor_count, share_count, used_count) VALUES (153, 233, 44, 0, '2019-03-07 09:30:59', 1, 0, 0);
INSERT INTO gallery.tb_template_statistics (id, template_id, category_id, brand_id, gmt_create, visitor_count, share_count, used_count) VALUES (154, 234, 36, 0, '2019-03-07 09:30:59', 2, 0, 0);
INSERT INTO gallery.tb_template_statistics (id, template_id, category_id, brand_id, gmt_create, visitor_count, share_count, used_count) VALUES (155, 234, 36, 0, '2019-03-07 14:30:59', 2, 0, 0);
INSERT INTO gallery.tb_template_statistics (id, template_id, category_id, brand_id, gmt_create, visitor_count, share_count, used_count) VALUES (156, 234, 36, 0, '2019-03-07 14:30:59', 0, 0, 1);
INSERT INTO gallery.tb_template_statistics (id, template_id, category_id, brand_id, gmt_create, visitor_count, share_count, used_count) VALUES (157, 226, 35, 0, '2019-03-07 15:30:59', 2, 0, 0);
INSERT INTO gallery.tb_template_statistics (id, template_id, category_id, brand_id, gmt_create, visitor_count, share_count, used_count) VALUES (158, 108, 36, 0, '2019-03-07 15:30:59', 1, 0, 0);
INSERT INTO gallery.tb_template_statistics (id, template_id, category_id, brand_id, gmt_create, visitor_count, share_count, used_count) VALUES (159, 3, 36, 0, '2019-03-07 15:30:59', 1, 0, 0);
INSERT INTO gallery.tb_template_statistics (id, template_id, category_id, brand_id, gmt_create, visitor_count, share_count, used_count) VALUES (160, 226, 35, 0, '2019-03-07 15:30:59', 0, 0, 1);
INSERT INTO gallery.tb_template_statistics (id, template_id, category_id, brand_id, gmt_create, visitor_count, share_count, used_count) VALUES (161, 90, 31, 0, '2019-03-07 19:30:59', 1, 0, 0);
INSERT INTO gallery.tb_template_statistics (id, template_id, category_id, brand_id, gmt_create, visitor_count, share_count, used_count) VALUES (162, 215, 36, 0, '2019-03-07 19:30:59', 1, 0, 0);
INSERT INTO gallery.tb_template_statistics (id, template_id, category_id, brand_id, gmt_create, visitor_count, share_count, used_count) VALUES (163, 104, 36, 0, '2019-03-14 12:30:59', 1, 0, 0);
INSERT INTO gallery.tb_template_statistics (id, template_id, category_id, brand_id, gmt_create, visitor_count, share_count, used_count) VALUES (164, 104, 36, 0, '2019-03-14 00:30:59', 1, 0, 0);
INSERT INTO gallery.tb_template_statistics (id, template_id, category_id, brand_id, gmt_create, visitor_count, share_count, used_count) VALUES (165, 219, 44, 0, '2019-03-14 12:30:59', 1, 0, 0);
INSERT INTO gallery.tb_template_statistics (id, template_id, category_id, brand_id, gmt_create, visitor_count, share_count, used_count) VALUES (166, 219, 44, 0, '2019-03-14 00:30:59', 1, 0, 0);
INSERT INTO gallery.tb_template_statistics (id, template_id, category_id, brand_id, gmt_create, visitor_count, share_count, used_count) VALUES (167, 230, 31, 4, '2019-03-15 14:30:59', 1, 0, 0);
INSERT INTO gallery.tb_template_statistics (id, template_id, category_id, brand_id, gmt_create, visitor_count, share_count, used_count) VALUES (168, 230, 31, 4, '2019-03-15 02:30:59', 1, 0, 0);
INSERT INTO gallery.tb_template_statistics (id, template_id, category_id, brand_id, gmt_create, visitor_count, share_count, used_count) VALUES (169, 327, 0, 3, '2019-03-15 03:30:59', 1, 0, 0);
INSERT INTO gallery.tb_template_statistics (id, template_id, category_id, brand_id, gmt_create, visitor_count, share_count, used_count) VALUES (170, 333, 0, 3, '2019-03-15 03:30:59', 1, 0, 0);
INSERT INTO gallery.tb_template_statistics (id, template_id, category_id, brand_id, gmt_create, visitor_count, share_count, used_count) VALUES (171, 332, 0, 3, '2019-03-15 03:30:59', 1, 0, 0);
INSERT INTO gallery.tb_template_statistics (id, template_id, category_id, brand_id, gmt_create, visitor_count, share_count, used_count) VALUES (172, 94, 36, 0, '2019-03-15 16:30:59', 1, 0, 0);
INSERT INTO gallery.tb_template_statistics (id, template_id, category_id, brand_id, gmt_create, visitor_count, share_count, used_count) VALUES (173, 325, 0, 3, '2019-03-15 16:30:59', 2, 0, 0);
INSERT INTO gallery.tb_template_statistics (id, template_id, category_id, brand_id, gmt_create, visitor_count, share_count, used_count) VALUES (174, 94, 36, 0, '2019-03-15 17:30:59', 2, 0, 0);
INSERT INTO gallery.tb_template_statistics (id, template_id, category_id, brand_id, gmt_create, visitor_count, share_count, used_count) VALUES (175, 92, 35, 0, '2019-03-15 17:30:59', 1, 0, 0);
INSERT INTO gallery.tb_template_statistics (id, template_id, category_id, brand_id, gmt_create, visitor_count, share_count, used_count) VALUES (176, 226, 35, 0, '2019-03-15 17:30:59', 1, 0, 0);
INSERT INTO gallery.tb_template_statistics (id, template_id, category_id, brand_id, gmt_create, visitor_count, share_count, used_count) VALUES (177, 12, 36, 0, '2019-03-15 17:30:59', 1, 0, 0);
INSERT INTO gallery.tb_template_statistics (id, template_id, category_id, brand_id, gmt_create, visitor_count, share_count, used_count) VALUES (178, 209, 36, 0, '2019-03-15 18:30:59', 1, 0, 0);
INSERT INTO gallery.tb_template_statistics (id, template_id, category_id, brand_id, gmt_create, visitor_count, share_count, used_count) VALUES (179, 3, 36, 0, '2019-03-15 18:30:59', 1, 0, 0);
INSERT INTO gallery.tb_template_statistics (id, template_id, category_id, brand_id, gmt_create, visitor_count, share_count, used_count) VALUES (180, 12, 36, 0, '2019-03-15 18:30:59', 1, 0, 0);
INSERT INTO gallery.tb_template_statistics (id, template_id, category_id, brand_id, gmt_create, visitor_count, share_count, used_count) VALUES (181, 94, 36, 0, '2019-03-15 18:30:59', 3, 0, 0);
INSERT INTO gallery.tb_template_statistics (id, template_id, category_id, brand_id, gmt_create, visitor_count, share_count, used_count) VALUES (182, 92, 35, 0, '2019-03-15 18:30:59', 2, 0, 0);
INSERT INTO gallery.tb_template_statistics (id, template_id, category_id, brand_id, gmt_create, visitor_count, share_count, used_count) VALUES (183, 226, 35, 0, '2019-03-15 18:30:59', 1, 0, 0);
INSERT INTO gallery.tb_template_statistics (id, template_id, category_id, brand_id, gmt_create, visitor_count, share_count, used_count) VALUES (184, 104, 36, 0, '2019-03-15 18:30:59', 2, 0, 0);
INSERT INTO gallery.tb_template_statistics (id, template_id, category_id, brand_id, gmt_create, visitor_count, share_count, used_count) VALUES (185, 107, 45, 0, '2019-03-15 18:30:59', 1, 0, 0);
INSERT INTO gallery.tb_template_statistics (id, template_id, category_id, brand_id, gmt_create, visitor_count, share_count, used_count) VALUES (186, 3, 36, 0, '2019-03-15 19:30:59', 2, 0, 0);
INSERT INTO gallery.tb_template_statistics (id, template_id, category_id, brand_id, gmt_create, visitor_count, share_count, used_count) VALUES (187, 12, 36, 0, '2019-03-15 19:30:59', 2, 0, 0);
INSERT INTO gallery.tb_template_statistics (id, template_id, category_id, brand_id, gmt_create, visitor_count, share_count, used_count) VALUES (188, 12, 36, 0, '2019-03-15 07:30:59', 2, 0, 0);
INSERT INTO gallery.tb_template_statistics (id, template_id, category_id, brand_id, gmt_create, visitor_count, share_count, used_count) VALUES (189, 325, 0, 3, '2019-03-15 07:30:59', 1, 0, 0);
INSERT INTO gallery.tb_template_statistics (id, template_id, category_id, brand_id, gmt_create, visitor_count, share_count, used_count) VALUES (190, 324, 0, 3, '2019-03-15 07:30:59', 1, 0, 0);
INSERT INTO gallery.tb_template_statistics (id, template_id, category_id, brand_id, gmt_create, visitor_count, share_count, used_count) VALUES (191, 332, 0, 3, '2019-03-15 07:30:59', 2, 0, 0);
INSERT INTO gallery.tb_template_statistics (id, template_id, category_id, brand_id, gmt_create, visitor_count, share_count, used_count) VALUES (192, 328, 0, 3, '2019-03-15 07:30:59', 2, 0, 0);
INSERT INTO gallery.tb_template_statistics (id, template_id, category_id, brand_id, gmt_create, visitor_count, share_count, used_count) VALUES (193, 247, 45, 3, '2019-03-15 07:30:59', 2, 0, 0);
INSERT INTO gallery.tb_template_statistics (id, template_id, category_id, brand_id, gmt_create, visitor_count, share_count, used_count) VALUES (194, 247, 45, 3, '2019-03-15 19:30:59', 2, 0, 0);
INSERT INTO gallery.tb_template_statistics (id, template_id, category_id, brand_id, gmt_create, visitor_count, share_count, used_count) VALUES (195, 8, 36, 0, '2019-03-15 07:30:59', 1, 0, 0);
INSERT INTO gallery.tb_template_statistics (id, template_id, category_id, brand_id, gmt_create, visitor_count, share_count, used_count) VALUES (196, 8, 36, 0, '2019-03-15 19:30:59', 1, 0, 0);
INSERT INTO gallery.tb_template_statistics (id, template_id, category_id, brand_id, gmt_create, visitor_count, share_count, used_count) VALUES (197, 226, 35, 0, '2019-03-15 07:30:59', 3, 0, 0);
INSERT INTO gallery.tb_template_statistics (id, template_id, category_id, brand_id, gmt_create, visitor_count, share_count, used_count) VALUES (198, 226, 35, 0, '2019-03-15 19:30:59', 3, 0, 0);
INSERT INTO gallery.tb_template_statistics (id, template_id, category_id, brand_id, gmt_create, visitor_count, share_count, used_count) VALUES (199, 104, 36, 0, '2019-03-15 07:30:59', 1, 0, 0);
INSERT INTO gallery.tb_template_statistics (id, template_id, category_id, brand_id, gmt_create, visitor_count, share_count, used_count) VALUES (200, 105, 30, 0, '2019-03-15 07:30:59', 1, 0, 0);
INSERT INTO gallery.tb_template_statistics (id, template_id, category_id, brand_id, gmt_create, visitor_count, share_count, used_count) VALUES (201, 105, 30, 0, '2019-03-15 19:30:59', 1, 0, 0);
INSERT INTO gallery.tb_template_statistics (id, template_id, category_id, brand_id, gmt_create, visitor_count, share_count, used_count) VALUES (202, 107, 45, 0, '2019-03-15 07:30:59', 2, 0, 0);
INSERT INTO gallery.tb_template_statistics (id, template_id, category_id, brand_id, gmt_create, visitor_count, share_count, used_count) VALUES (203, 107, 45, 0, '2019-03-15 19:30:59', 2, 0, 0);
INSERT INTO gallery.tb_template_statistics (id, template_id, category_id, brand_id, gmt_create, visitor_count, share_count, used_count) VALUES (204, 247, 45, 3, '2019-03-15 07:30:59', 0, 0, 1);
INSERT INTO gallery.tb_template_statistics (id, template_id, category_id, brand_id, gmt_create, visitor_count, share_count, used_count) VALUES (205, 247, 45, 3, '2019-03-15 19:30:59', 0, 0, 1);
INSERT INTO gallery.tb_template_statistics (id, template_id, category_id, brand_id, gmt_create, visitor_count, share_count, used_count) VALUES (206, 90, 31, 0, '2019-03-15 08:30:59', 1, 0, 0);
INSERT INTO gallery.tb_template_statistics (id, template_id, category_id, brand_id, gmt_create, visitor_count, share_count, used_count) VALUES (207, 94, 36, 0, '2019-03-15 08:30:59', 2, 0, 0);
INSERT INTO gallery.tb_template_statistics (id, template_id, category_id, brand_id, gmt_create, visitor_count, share_count, used_count) VALUES (208, 3, 36, 0, '2019-03-15 08:30:59', 1, 0, 0);
INSERT INTO gallery.tb_template_statistics (id, template_id, category_id, brand_id, gmt_create, visitor_count, share_count, used_count) VALUES (209, 12, 36, 0, '2019-03-15 08:30:59', 1, 0, 0);
INSERT INTO gallery.tb_template_statistics (id, template_id, category_id, brand_id, gmt_create, visitor_count, share_count, used_count) VALUES (210, 374, 44, 1, '2019-03-15 09:30:59', 2, 0, 0);
INSERT INTO gallery.tb_template_statistics (id, template_id, category_id, brand_id, gmt_create, visitor_count, share_count, used_count) VALUES (211, 374, 44, 1, '2019-03-15 09:30:59', 0, 0, 1);
INSERT INTO gallery.tb_template_statistics (id, template_id, category_id, brand_id, gmt_create, visitor_count, share_count, used_count) VALUES (212, 374, 44, 1, '2019-03-15 21:30:59', 0, 0, 1);
INSERT INTO gallery.tb_template_statistics (id, template_id, category_id, brand_id, gmt_create, visitor_count, share_count, used_count) VALUES (213, 92, 35, 0, '2019-03-15 10:30:59', 9, 0, 0);
INSERT INTO gallery.tb_template_statistics (id, template_id, category_id, brand_id, gmt_create, visitor_count, share_count, used_count) VALUES (214, 226, 35, 0, '2019-03-15 10:30:59', 4, 0, 0);
INSERT INTO gallery.tb_template_statistics (id, template_id, category_id, brand_id, gmt_create, visitor_count, share_count, used_count) VALUES (215, 248, 45, 6, '2019-03-15 10:30:59', 2, 0, 0);
INSERT INTO gallery.tb_template_statistics (id, template_id, category_id, brand_id, gmt_create, visitor_count, share_count, used_count) VALUES (216, 102, 36, 0, '2019-03-15 10:30:59', 5, 0, 0);
INSERT INTO gallery.tb_template_statistics (id, template_id, category_id, brand_id, gmt_create, visitor_count, share_count, used_count) VALUES (217, 85, 28, 0, '2019-03-15 10:30:59', 3, 0, 0);
INSERT INTO gallery.tb_template_statistics (id, template_id, category_id, brand_id, gmt_create, visitor_count, share_count, used_count) VALUES (218, 246, 45, 6, '2019-03-15 10:30:59', 2, 0, 0);
INSERT INTO gallery.tb_template_statistics (id, template_id, category_id, brand_id, gmt_create, visitor_count, share_count, used_count) VALUES (219, 226, 35, 0, '2019-03-15 10:30:59', 0, 0, 2);
INSERT INTO gallery.tb_template_statistics (id, template_id, category_id, brand_id, gmt_create, visitor_count, share_count, used_count) VALUES (220, 246, 45, 6, '2019-03-15 10:30:59', 0, 0, 1);
INSERT INTO gallery.tb_template_statistics (id, template_id, category_id, brand_id, gmt_create, visitor_count, share_count, used_count) VALUES (221, 92, 35, 0, '2019-03-15 10:30:59', 0, 0, 6);
INSERT INTO gallery.tb_template_statistics (id, template_id, category_id, brand_id, gmt_create, visitor_count, share_count, used_count) VALUES (222, 248, 45, 6, '2019-03-15 10:30:59', 0, 0, 1);
INSERT INTO gallery.tb_template_statistics (id, template_id, category_id, brand_id, gmt_create, visitor_count, share_count, used_count) VALUES (223, 92, 35, 0, '2019-03-15 22:30:59', 0, 0, 6);
INSERT INTO gallery.tb_template_statistics (id, template_id, category_id, brand_id, gmt_create, visitor_count, share_count, used_count) VALUES (224, 102, 36, 0, '2019-03-15 23:30:59', 4, 0, 0);
INSERT INTO gallery.tb_template_statistics (id, template_id, category_id, brand_id, gmt_create, visitor_count, share_count, used_count) VALUES (225, 85, 28, 0, '2019-03-15 23:30:59', 1, 0, 0);
INSERT INTO gallery.tb_template_statistics (id, template_id, category_id, brand_id, gmt_create, visitor_count, share_count, used_count) VALUES (226, 226, 35, 0, '2019-03-21 10:30:59', 1, 0, 0);
INSERT INTO gallery.tb_template_statistics (id, template_id, category_id, brand_id, gmt_create, visitor_count, share_count, used_count) VALUES (227, 234, 36, 0, '2019-03-21 10:30:59', 1, 0, 0);
INSERT INTO gallery.tb_template_statistics (id, template_id, category_id, brand_id, gmt_create, visitor_count, share_count, used_count) VALUES (228, 104, 36, 0, '2019-03-22 13:30:59', 2, 0, 0);
INSERT INTO gallery.tb_template_statistics (id, template_id, category_id, brand_id, gmt_create, visitor_count, share_count, used_count) VALUES (229, 108, 36, 0, '2019-03-22 13:30:59', 2, 0, 0);
INSERT INTO gallery.tb_template_statistics (id, template_id, category_id, brand_id, gmt_create, visitor_count, share_count, used_count) VALUES (230, 109, 36, 0, '2019-03-22 13:30:59', 2, 0, 0);
INSERT INTO gallery.tb_template_statistics (id, template_id, category_id, brand_id, gmt_create, visitor_count, share_count, used_count) VALUES (231, 104, 36, 0, '2019-03-22 13:30:59', 0, 0, 1);
INSERT INTO gallery.tb_template_statistics (id, template_id, category_id, brand_id, gmt_create, visitor_count, share_count, used_count) VALUES (232, 109, 36, 0, '2019-03-22 13:30:59', 0, 0, 1);
INSERT INTO gallery.tb_template_statistics (id, template_id, category_id, brand_id, gmt_create, visitor_count, share_count, used_count) VALUES (233, 108, 36, 0, '2019-03-22 13:30:59', 0, 0, 1);
INSERT INTO gallery.tb_template_statistics (id, template_id, category_id, brand_id, gmt_create, visitor_count, share_count, used_count) VALUES (234, 108, 36, 0, '2019-03-22 02:30:59', 2, 0, 0);
INSERT INTO gallery.tb_template_statistics (id, template_id, category_id, brand_id, gmt_create, visitor_count, share_count, used_count) VALUES (235, 92, 35, 0, '2019-03-22 02:30:59', 2, 0, 0);
INSERT INTO gallery.tb_template_statistics (id, template_id, category_id, brand_id, gmt_create, visitor_count, share_count, used_count) VALUES (236, 226, 35, 0, '2019-03-22 02:30:59', 3, 0, 0);
INSERT INTO gallery.tb_template_statistics (id, template_id, category_id, brand_id, gmt_create, visitor_count, share_count, used_count) VALUES (237, 92, 35, 0, '2019-03-22 14:30:59', 2, 0, 0);
INSERT INTO gallery.tb_template_statistics (id, template_id, category_id, brand_id, gmt_create, visitor_count, share_count, used_count) VALUES (238, 107, 45, 0, '2019-03-22 02:30:59', 1, 0, 0);
INSERT INTO gallery.tb_template_statistics (id, template_id, category_id, brand_id, gmt_create, visitor_count, share_count, used_count) VALUES (239, 107, 45, 0, '2019-03-22 14:30:59', 1, 0, 0);
INSERT INTO gallery.tb_template_statistics (id, template_id, category_id, brand_id, gmt_create, visitor_count, share_count, used_count) VALUES (240, 109, 36, 0, '2019-03-22 14:30:59', 2, 0, 0);
INSERT INTO gallery.tb_template_statistics (id, template_id, category_id, brand_id, gmt_create, visitor_count, share_count, used_count) VALUES (241, 109, 36, 0, '2019-03-22 02:30:59', 2, 0, 0);
INSERT INTO gallery.tb_template_statistics (id, template_id, category_id, brand_id, gmt_create, visitor_count, share_count, used_count) VALUES (242, 226, 35, 0, '2019-03-22 02:30:59', 0, 0, 2);
INSERT INTO gallery.tb_template_statistics (id, template_id, category_id, brand_id, gmt_create, visitor_count, share_count, used_count) VALUES (243, 226, 35, 0, '2019-03-22 14:30:59', 0, 0, 2);
INSERT INTO gallery.tb_template_statistics (id, template_id, category_id, brand_id, gmt_create, visitor_count, share_count, used_count) VALUES (244, 108, 36, 0, '2019-03-22 02:30:59', 0, 0, 2);
INSERT INTO gallery.tb_template_statistics (id, template_id, category_id, brand_id, gmt_create, visitor_count, share_count, used_count) VALUES (245, 108, 36, 0, '2019-03-22 14:30:59', 0, 0, 2);
INSERT INTO gallery.tb_template_statistics (id, template_id, category_id, brand_id, gmt_create, visitor_count, share_count, used_count) VALUES (246, 109, 36, 0, '2019-03-22 02:30:59', 0, 0, 1);
INSERT INTO gallery.tb_template_statistics (id, template_id, category_id, brand_id, gmt_create, visitor_count, share_count, used_count) VALUES (247, 109, 36, 0, '2019-03-22 14:30:59', 0, 0, 1);
INSERT INTO gallery.tb_template_statistics (id, template_id, category_id, brand_id, gmt_create, visitor_count, share_count, used_count) VALUES (248, 92, 35, 0, '2019-03-22 14:30:59', 0, 0, 1);
INSERT INTO gallery.tb_user (id, wx_openid, wx_unionid, wx_mini_openid, wx_sex, wx_headimgurl, member_expired, recommend_id, gmt_create, gmt_modified, member_type, is_agent, cash_balance, nickname) VALUES (5, '', 'ohTyQ1hxSP2p1eTjrGfbs4IN4s2w', 'oizSH5Eo9ai0-WYZBozPeDlzQT9M', 1, 'https://wx.qlogo.cn/mmopen/vi_32/Q0j4TwGTfTKOv4Y4WIRicic41GzDJHWic6ObxaYdHOrRaqcwSyXGxe1vDQuuBPZkyVricG1holdCHYL407dK6YpskA/132', '2117-12-06 21:00:43', 0, '2018-12-06 17:02:01', '2018-12-17 15:40:00', 10, 0, 0.00, 'null');
INSERT INTO gallery.tb_user (id, wx_openid, wx_unionid, wx_mini_openid, wx_sex, wx_headimgurl, member_expired, recommend_id, gmt_create, gmt_modified, member_type, is_agent, cash_balance, nickname) VALUES (6, '', 'ohTyQ1nyLdQ81QJvTXi6Y-1F5zWA', 'oizSH5MMvrqfSwlCWeG0ahhIp_nM', 0, 'https://wx.qlogo.cn/mmhead/Q3auHgzwzM5e7zoGwzbStibbUYEyvzA1M5Aa9K2tdcribjaxV7B8C5GQ/0/132', '2118-02-20 13:55:42', 0, '2018-12-07 11:49:13', '2019-02-20 13:55:42', 10, 1, 0.00, '张青');
INSERT INTO gallery.tb_user (id, wx_openid, wx_unionid, wx_mini_openid, wx_sex, wx_headimgurl, member_expired, recommend_id, gmt_create, gmt_modified, member_type, is_agent, cash_balance, nickname) VALUES (9, '', 'ohTyQ1v7Cbr6o1JnR8p0FjRTcli0', 'oizSH5CiFeMu6eH9g0RGVYcmLvBI', 2, 'https://wx.qlogo.cn/mmopen/vi_32/eHpwLxrcfOMyZU1RiarzmhwnGia1S3FONkLIC5nhN2QiazzPCpYFjwIqlLmwPLDgcn6Vaibw2TH65DicMzn9PcB6WTw/132', '2118-02-20 13:57:17', 0, '2018-12-07 15:50:56', '2019-02-20 13:57:17', 10, 1, 0.00, '九九');
INSERT INTO gallery.tb_user (id, wx_openid, wx_unionid, wx_mini_openid, wx_sex, wx_headimgurl, member_expired, recommend_id, gmt_create, gmt_modified, member_type, is_agent, cash_balance, nickname) VALUES (11, '', 'ohTyQ1gVOma8K8hpcqlPx-JZy-nM', 'oizSH5AdYxBBs2JsnS6MroGDH3_s', 0, 'https://wx.qlogo.cn/mmhead/Q3auHgzwzM5e7zoGwzbStibbUYEyvzA1M5Aa9K2tdcribjaxV7B8C5GQ/0/132', '1970-01-01 12:00:00', 0, '2018-12-07 20:42:02', '2018-12-07 20:42:02', 0, 0, 0.00, '项充');
INSERT INTO gallery.tb_user (id, wx_openid, wx_unionid, wx_mini_openid, wx_sex, wx_headimgurl, member_expired, recommend_id, gmt_create, gmt_modified, member_type, is_agent, cash_balance, nickname) VALUES (12, '', 'ohTyQ1tNJ5w2QjRavWkSyD73jyww', 'oizSH5IEq2VGthfNi2HnnC-Gxd2s', 0, 'https://wx.qlogo.cn/mmhead/Q3auHgzwzM5e7zoGwzbStibbUYEyvzA1M5Aa9K2tdcribjaxV7B8C5GQ/0/132', '1970-01-01 12:00:00', 0, '2018-12-07 23:36:50', '2018-12-07 23:36:50', 0, 0, 0.00, '李忠');
INSERT INTO gallery.tb_user (id, wx_openid, wx_unionid, wx_mini_openid, wx_sex, wx_headimgurl, member_expired, recommend_id, gmt_create, gmt_modified, member_type, is_agent, cash_balance, nickname) VALUES (13, '', 'ohTyQ1uuolRO6EX33_zLq7W_C6RQ', 'oizSH5Ns8Q8bnc55y0O4ZzpU5UkU', 0, 'https://wx.qlogo.cn/mmhead/Q3auHgzwzM5e7zoGwzbStibbUYEyvzA1M5Aa9K2tdcribjaxV7B8C5GQ/0/132', '1970-01-01 00:00:00', 0, '2018-12-08 01:00:09', '2018-12-08 01:00:09', 0, 0, 0.00, '焦挺');
INSERT INTO gallery.tb_user (id, wx_openid, wx_unionid, wx_mini_openid, wx_sex, wx_headimgurl, member_expired, recommend_id, gmt_create, gmt_modified, member_type, is_agent, cash_balance, nickname) VALUES (17, '', 'ohTyQ1rwBHw-37336Kc9TxfMbpM8', 'oizSH5BhbHgvDCrnrSzTcmuny5Rs', 0, 'https://wx.qlogo.cn/mmhead/yER1BaWOHUltf5wHtW3vWzAsiaJphDoyIMqMIBRkpFUI/132', '2117-12-13 17:16:15', 0, '2018-12-10 14:50:05', '2018-12-22 20:44:05', 10, 1, 0.00, '阮台依');
INSERT INTO gallery.tb_user (id, wx_openid, wx_unionid, wx_mini_openid, wx_sex, wx_headimgurl, member_expired, recommend_id, gmt_create, gmt_modified, member_type, is_agent, cash_balance, nickname) VALUES (18, '', 'ohTyQ1jN4Fjq0Fa0Rhi_NdncoTXw', 'oizSH5LCJy-1CUsnHq2Iwddymv9A', 0, 'https://wx.qlogo.cn/mmhead/pRH4VKr54TGeZXHl13gYCZgjx3iaxRMjmZFCedbQuibFY/132', '1970-01-01 12:00:00', 0, '2018-12-10 14:57:18', '2018-12-22 20:48:13', 0, 0, 0.00, '蔡欣昆');
INSERT INTO gallery.tb_user (id, wx_openid, wx_unionid, wx_mini_openid, wx_sex, wx_headimgurl, member_expired, recommend_id, gmt_create, gmt_modified, member_type, is_agent, cash_balance, nickname) VALUES (19, '', 'ohTyQ1lxqw0UTio87R5y0zLjTAkY', 'oizSH5Kxwj3vuSNoJl2RN0_Fh3uM', 0, 'https://wx.qlogo.cn/mmhead/NoHVE9FZibe0srhckESfCSjEic7TSKFUicibzcqHnCFPgKQ/132', '1970-01-01 12:00:01', 0, '2018-12-10 15:05:58', '2018-12-22 20:40:32', 0, 0, 0.00, '叶鸿娇');
INSERT INTO gallery.tb_user (id, wx_openid, wx_unionid, wx_mini_openid, wx_sex, wx_headimgurl, member_expired, recommend_id, gmt_create, gmt_modified, member_type, is_agent, cash_balance, nickname) VALUES (27, 'oyglI6Mp-C_RWGb-GNKPQS-rDO9Q', 'ohTyQ1vxuoGj1iQ51Qbi3TFos0c8', 'oizSH5MwL_y7pYvMfTn2h5Xqr2XE', 1, 'https://wx.qlogo.cn/mmopen/vi_32/DYAIOgq83eqqWia1M9TL5mkq4Rc6kLVyp503ekQUTNT2bX7oSYWYRbJib8NG6R9NPmOOk8iaUJHC0xQSs1DSIFVPQ/132', '2117-12-13 18:30:24', 1, '2018-12-11 16:49:18', '2018-12-21 11:24:06', 10, 0, 0.00, '田二牛');
INSERT INTO gallery.tb_user (id, wx_openid, wx_unionid, wx_mini_openid, wx_sex, wx_headimgurl, member_expired, recommend_id, gmt_create, gmt_modified, member_type, is_agent, cash_balance, nickname) VALUES (28, '', 'ohTyQ1tb5yU0EGwp-0sJe_QXKWBs', 'oizSH5CWAlm6F-dCULTIXlskLGe4', 1, 'https://wx.qlogo.cn/mmopen/vi_32/ajNVdqHZLLAyLIu50OvSfty4h0es8FiaMgdBjnz8fx9O4X4rK2CDW2UZzRRicpyozicqJMYmS01zVeMxiaweBibl94w/132', '2118-02-20 13:54:23', 0, '2018-12-12 11:35:17', '2019-02-20 13:54:23', 10, 1, 0.00, '达文西');
INSERT INTO gallery.tb_user (id, wx_openid, wx_unionid, wx_mini_openid, wx_sex, wx_headimgurl, member_expired, recommend_id, gmt_create, gmt_modified, member_type, is_agent, cash_balance, nickname) VALUES (29, 'oyglI6E96qr1X2LdQ__nFwRvCfX4', 'ohTyQ1i38jyTqYIbosqpF2JrM2es', 'oizSH5AWVOD2f1Nz4xGvSdpBO4E4', 1, 'https://wx.qlogo.cn/mmopen/vi_32/Q0j4TwGTfTIX5I3KKcjMsk7frc8lx8ghH7mMOXWOsgq5CgEofwfmhQKSs3Pa3seYPFToA6FOOLniaaMuB1TQDibg/132', '2117-12-13 18:30:48', 0, '2018-12-12 14:56:36', '2018-12-14 11:08:25', 10, 0, 0.00, '莫名其妙');
INSERT INTO gallery.tb_user (id, wx_openid, wx_unionid, wx_mini_openid, wx_sex, wx_headimgurl, member_expired, recommend_id, gmt_create, gmt_modified, member_type, is_agent, cash_balance, nickname) VALUES (30, '', 'ohTyQ1sfN2IbdlgqcNEPSIYg4akI', 'oizSH5I5BEqV57BPwEPKuNhU0LC4', 0, 'https://wx.qlogo.cn/mmhead/PPUiaLeRNwRb4WladLSZOd7iaTxwjIr6P3NB5hDc70r5M/132', '1970-01-01 12:00:00', 0, '2018-12-12 20:47:15', '2018-12-21 19:51:37', 0, 0, 0.00, '刘旺儒');
INSERT INTO gallery.tb_user (id, wx_openid, wx_unionid, wx_mini_openid, wx_sex, wx_headimgurl, member_expired, recommend_id, gmt_create, gmt_modified, member_type, is_agent, cash_balance, nickname) VALUES (31, '', 'ohTyQ1u9aDcEt503swPtl65Eq_bY', 'oizSH5KLzeCFFDiFy264BWnjPvw8', 0, 'https://wx.qlogo.cn/mmhead/prFSL4YMJ8U3CicHHUN8WPToNPzLcPoWyuQkAUBc4gjI/132', '1970-01-01 12:00:00', 0, '2018-12-12 20:59:05', '2018-12-21 14:42:24', 0, 0, 0.00, '吴韦宏');
INSERT INTO gallery.tb_user (id, wx_openid, wx_unionid, wx_mini_openid, wx_sex, wx_headimgurl, member_expired, recommend_id, gmt_create, gmt_modified, member_type, is_agent, cash_balance, nickname) VALUES (33, '', 'ohTyQ1mrVQ8YTFONKIdMa1defu68', 'oizSH5PzbSaCoBtUK1dLWwfOI4r8', 1, 'https://wx.qlogo.cn/mmopen/vi_32/Q0j4TwGTfTIMicTDpvvtCjFpmQGjKOiaccBvWwlGO06BCHDpWDBwfXibH78xZrib8T3LODtjBY04tlBKibiatZD4XIQw/132', '2117-12-26 18:04:01', 0, '2018-12-13 12:48:48', '2018-12-26 18:04:01', 10, 1, 0.00, '狂欢');
INSERT INTO gallery.tb_user (id, wx_openid, wx_unionid, wx_mini_openid, wx_sex, wx_headimgurl, member_expired, recommend_id, gmt_create, gmt_modified, member_type, is_agent, cash_balance, nickname) VALUES (46, '', 'ohTyQ1rvuXr5l2mN5FJGeb_TBrVA', 'oizSH5CE3LeTGSZ_itmvKPJKivDA', 1, 'https://wx.qlogo.cn/mmopen/vi_32/PiajxSqBRaEL72ib4JyuRpLooeiaXIKxcotiaicuKoFfiaYQVdfxWWqLrsCMoIOtPr4OvVd1h4cq4lVsafqPZWYVF7gw/132', '1970-01-01 12:00:01', 0, '2018-12-15 21:26:32', '2018-12-15 21:26:32', 0, 0, 0.00, 'Q');
INSERT INTO gallery.tb_user (id, wx_openid, wx_unionid, wx_mini_openid, wx_sex, wx_headimgurl, member_expired, recommend_id, gmt_create, gmt_modified, member_type, is_agent, cash_balance, nickname) VALUES (47, '', 'ohTyQ1qa5p9LXr7bbH3wNO9LVnpc', 'oizSH5L2Y363p0_wl7tuP2Y8bPcc', 0, 'https://wx.qlogo.cn/mmhead/R8ZjbAPFPNNVcDctoAQdrklcS7iccafFaG5jJFqskUVo/132', '1970-01-01 12:00:00', 0, '2018-12-17 13:54:49', '2018-12-21 20:40:54', 0, 0, 0.00, '谢杰梅');
INSERT INTO gallery.tb_user (id, wx_openid, wx_unionid, wx_mini_openid, wx_sex, wx_headimgurl, member_expired, recommend_id, gmt_create, gmt_modified, member_type, is_agent, cash_balance, nickname) VALUES (51, '', 'ohTyQ1rdQNamxHxn5AEPCVSeAhLU', 'oizSH5Ca_uZeECyiNRNljoh3VjPA', 1, 'https://wx.qlogo.cn/mmopen/vi_32/Q0j4TwGTfTKsRcbZYAGPIPOzACCcAMeYicLUw6b8GgLdhdkNmxuI9oqM5s9YD7NIvmTKJGD5wKvZ0qp7h7ltORA/132', '1970-01-01 12:00:00', 4, '2018-12-17 16:10:15', '2018-12-17 16:10:15', 0, 0, 0.00, '戚勇');
INSERT INTO gallery.tb_user (id, wx_openid, wx_unionid, wx_mini_openid, wx_sex, wx_headimgurl, member_expired, recommend_id, gmt_create, gmt_modified, member_type, is_agent, cash_balance, nickname) VALUES (52, '', 'ohTyQ1gb_Sss30JQBsnWhyTzJRLY', 'oizSH5KSnkzjUYT0UVeiL-bQ3VF8', 0, 'https://wx.qlogo.cn/mmhead/Od2OZgrHI3lhPvvRiaNiclGlREf30x24mgvMoxKoNN3qg/132', '1970-01-01 12:00:00', 0, '2018-12-17 23:37:40', '2018-12-23 21:51:57', 0, 0, 0.00, '路宛贤');
INSERT INTO gallery.tb_user (id, wx_openid, wx_unionid, wx_mini_openid, wx_sex, wx_headimgurl, member_expired, recommend_id, gmt_create, gmt_modified, member_type, is_agent, cash_balance, nickname) VALUES (53, '', 'ohTyQ1j6EqBzmZETptybh3oAvYuc', 'oizSH5KHMm6muw7LeVFdHjAaSuqU', 1, 'https://wx.qlogo.cn/mmopen/vi_32/HnMfLeTaCdGCKibau79HftkY9VlEPuJ69icLWnZCA9B7uNx9nQw0iadiau4cQtviaDSI2EUicrvnvIibMjicJXMoyEwb3Q/132', '1970-01-01 12:00:00', 0, '2018-12-18 15:53:39', '2018-12-18 15:53:39', 0, 0, 0.00, 'Just so Su');
INSERT INTO gallery.tb_user (id, wx_openid, wx_unionid, wx_mini_openid, wx_sex, wx_headimgurl, member_expired, recommend_id, gmt_create, gmt_modified, member_type, is_agent, cash_balance, nickname) VALUES (54, 'oyglI6N639hVX_2Unltp-xfsc3Jk', 'ohTyQ1lf8snmgWf8ni_gXPkNi4cA', 'oizSH5Jr2bNaNAh3elI-tcYwN_gI', 1, 'https://wx.qlogo.cn/mmopen/vi_32/Q0j4TwGTfTJbNibzhoe91KlubggVq6hxAZ6K0pUccwtI7cibLdDADAJTaNagqPypDOb0XqicvE6YaYbyVp4kFBkuA/132', '2019-12-22 17:40:21', 0, '2018-12-19 15:54:33', '2018-12-22 17:40:21', 6, 0, 0.00, '【火柴合】陈俊强');
INSERT INTO gallery.tb_user (id, wx_openid, wx_unionid, wx_mini_openid, wx_sex, wx_headimgurl, member_expired, recommend_id, gmt_create, gmt_modified, member_type, is_agent, cash_balance, nickname) VALUES (55, '', 'ohTyQ1iznjc8pjiFrPxVTeWRE4vI', 'oizSH5GswFB53ahpsANnbU7tTcQk', 1, 'https://wx.qlogo.cn/mmopen/vi_32/DYAIOgq83eqZVYcef3LkEyXNWDS2ynRevrdUicpawfOG1G5Ko873psvTv5CBpdTsSBdgtWxP7Gw04uzDkP30e1Q/132', '1970-01-01 12:00:00', 0, '2018-12-20 16:11:56', '2018-12-20 16:11:56', 0, 0, 0.00, '潜龙飞呀');
INSERT INTO gallery.tb_user (id, wx_openid, wx_unionid, wx_mini_openid, wx_sex, wx_headimgurl, member_expired, recommend_id, gmt_create, gmt_modified, member_type, is_agent, cash_balance, nickname) VALUES (56, '', 'ohTyQ1scQk0TlxYbEXjrAAusDJRE', 'oizSH5MOescrUeQ77pohr2tafTF4', 0, 'https://wx.qlogo.cn/mmhead/yrWxvefQvkGARe0HZq0fNq3XcgoKbOfG1GCkx99NXjE/132', '1970-01-01 12:00:01', 0, '2018-12-20 19:16:25', '2018-12-24 00:01:44', 0, 0, 0.00, '曾辰勋');
INSERT INTO gallery.tb_user (id, wx_openid, wx_unionid, wx_mini_openid, wx_sex, wx_headimgurl, member_expired, recommend_id, gmt_create, gmt_modified, member_type, is_agent, cash_balance, nickname) VALUES (61, '', 'ohTyQ1m98jX9uqQG4z5FK1fwX8f0', 'oizSH5MCUp2tlbxcE-S2gIkviIKw', 2, 'https://wx.qlogo.cn/mmopen/vi_32/GTlubEgPFdTVweFyFTx9Tye9naoCbk0M7qYjoXjlibvkdfooPKDGicb715sLa7EeobkgMHfBefibibjCjhmB2bhibAw/132', '1970-01-01 12:00:01', 0, '2018-12-21 13:25:17', '2018-12-21 13:25:17', 0, 0, 0.00, '韦枝');
INSERT INTO gallery.tb_user (id, wx_openid, wx_unionid, wx_mini_openid, wx_sex, wx_headimgurl, member_expired, recommend_id, gmt_create, gmt_modified, member_type, is_agent, cash_balance, nickname) VALUES (62, '', 'ohTyQ1ly9ptDa4aXARicrLazWx-s', 'oizSH5MYoe2p2nCWZ_p79iKiJwSQ', 0, 'https://wx.qlogo.cn/mmhead/mC2uWafZOBcyCmhDf5MHmmE0Rup8JnxAAMA7j4gPXrg/132', '1970-01-01 12:00:01', 0, '2018-12-21 14:38:40', '2018-12-24 01:29:49', 0, 0, 0.00, '刘冠宏');
INSERT INTO gallery.tb_user (id, wx_openid, wx_unionid, wx_mini_openid, wx_sex, wx_headimgurl, member_expired, recommend_id, gmt_create, gmt_modified, member_type, is_agent, cash_balance, nickname) VALUES (64, '', 'ohTyQ1ofq_xX5zWUOJYts8Zu6KcY', 'oizSH5FWBuSeN40Ju9eTXa6gY608', 0, 'https://wx.qlogo.cn/mmhead/kp7RhPHq1dnetOnSu8q8mEE17BxvCptZiaegucUOqz8s/132', '1970-01-01 12:00:00', 0, '2018-12-21 14:57:12', '2018-12-22 14:06:39', 0, 0, 0.00, '郭绿豪');
INSERT INTO gallery.tb_user (id, wx_openid, wx_unionid, wx_mini_openid, wx_sex, wx_headimgurl, member_expired, recommend_id, gmt_create, gmt_modified, member_type, is_agent, cash_balance, nickname) VALUES (65, '', 'ohTyQ1iiapQK_WDi91pcBTGzJNKk', 'oizSH5HLqG-8xoiVTXJaTPXHm_kI', 1, 'https://wx.qlogo.cn/mmopen/vi_32/DYAIOgq83erZRibO8cGVpHQqJSvfREd8rlemm0tZNgNzJDPyhqIsA6UZ0NJrhibbZZlEaYNnF2Vta0hKooDp2wXQ/132', '1970-01-01 12:00:00', 0, '2018-12-21 17:39:31', '2018-12-21 17:39:31', 0, 0, 0.00, '甄宓');
INSERT INTO gallery.tb_user (id, wx_openid, wx_unionid, wx_mini_openid, wx_sex, wx_headimgurl, member_expired, recommend_id, gmt_create, gmt_modified, member_type, is_agent, cash_balance, nickname) VALUES (67, '', 'ohTyQ1iNPBdq_5bXPlZfW6JLuEOA', 'oizSH5MYbHM1mOLAb12Xcq0eU2UQ', 2, 'https://wx.qlogo.cn/mmopen/vi_32/YHPd5j2uPtic8EicgShV9NKq40mKjJ8jQvQxroSjYz7wzQUVVaOytbwEWwR691OXA3TFLpZ2nmz5hM6ibnLqWk5dA/132', '1970-01-01 12:00:00', 29, '2018-12-21 17:51:28', '2018-12-21 17:51:28', 0, 0, 0.00, '电波');
INSERT INTO gallery.tb_user (id, wx_openid, wx_unionid, wx_mini_openid, wx_sex, wx_headimgurl, member_expired, recommend_id, gmt_create, gmt_modified, member_type, is_agent, cash_balance, nickname) VALUES (68, '', 'ohTyQ1u29_CNuStcZzvUwNOVKOQc', 'oizSH5D8f9ZgQFHRGAlN-LLfUhSo', 1, 'https://wx.qlogo.cn/mmopen/vi_32/Q0j4TwGTfTLX4sOicOia7WqWlky9HZDySZTrJDnUUjhpACseftibIibzKbj93qExn3OnmP54rzHEoV6QibNHmqGSvSw/132', '1970-01-01 12:00:01', 29, '2018-12-21 18:01:00', '2018-12-21 18:01:00', 0, 0, 0.00, '别问');
INSERT INTO gallery.tb_user (id, wx_openid, wx_unionid, wx_mini_openid, wx_sex, wx_headimgurl, member_expired, recommend_id, gmt_create, gmt_modified, member_type, is_agent, cash_balance, nickname) VALUES (69, 'oyglI6Hh_ln63sfJLGdhugAOwLGQ', 'ohTyQ1sMRY0tlxf-f25QwBuweVww', 'oizSH5PxetnobkgXTp7Us-OTOxag', 2, 'https://wx.qlogo.cn/mmopen/vi_32/Q0j4TwGTfTJuPuSPGp586XP8cw3qehRE4ul8iaBfdFV0zNRyXTqN5Mh6VkZTfpDcalaFUcRNXPwzQJuzSwia6WyA/132', '1970-01-01 12:00:00', 0, '2018-12-21 18:44:39', '2018-12-25 09:42:52', 0, 0, 0.00, '一米阳光');
INSERT INTO gallery.tb_user (id, wx_openid, wx_unionid, wx_mini_openid, wx_sex, wx_headimgurl, member_expired, recommend_id, gmt_create, gmt_modified, member_type, is_agent, cash_balance, nickname) VALUES (70, '', 'ohTyQ1oV8Px3nKOS0b2MlUC7R6pQ', 'oizSH5J0YIJlilTzqB3bV46azoY4', 1, 'https://wx.qlogo.cn/mmopen/vi_32/tOziakpe1Prn4ea0C0Vooyt0JiaRUllfQWPqO6jmnyEMibN9dvm6mYZChMPM1Wy0iavIxat5nWic5lGjVwsXrJbgM5Q/132', '1970-01-01 12:00:00', 0, '2018-12-22 12:04:20', '2018-12-22 12:04:20', 0, 0, 0.00, '闻道速记');
INSERT INTO gallery.tb_user (id, wx_openid, wx_unionid, wx_mini_openid, wx_sex, wx_headimgurl, member_expired, recommend_id, gmt_create, gmt_modified, member_type, is_agent, cash_balance, nickname) VALUES (71, '', 'ohTyQ1maRodJ7GDSwQ2GWdlXOqOE', 'oizSH5CcM4MDCr6-gR1Q4B9sO400', 1, 'https://wx.qlogo.cn/mmopen/vi_32/Q0j4TwGTfTK71q9CdHRVs8nXIyJNLvalWMUaZ1Rcric3AGxb1UEKibEYfaUwgfBIcntklt20P6iaWqPq1SldRic76g/132', '1970-01-01 12:00:00', 0, '2018-12-22 12:32:29', '2018-12-22 12:32:29', 0, 0, 0.00, '乾坤');
INSERT INTO gallery.tb_user (id, wx_openid, wx_unionid, wx_mini_openid, wx_sex, wx_headimgurl, member_expired, recommend_id, gmt_create, gmt_modified, member_type, is_agent, cash_balance, nickname) VALUES (72, '', 'ohTyQ1rzD2XtiOAnfRsEQS-SVZWs', 'oizSH5ETQGMA8FKT2K6IJadzVPds', 2, 'https://wx.qlogo.cn/mmopen/vi_32/zjDNZ0ib5UuXNneuiaD8o2e13Vgq3pQtbe97bHno0uwphzLWxcHMIh0mtchNefo9fXEexyvwSVRR1I0z0hXR2q0Q/132', '1970-01-01 12:00:01', 0, '2018-12-22 14:38:46', '2018-12-22 14:38:46', 0, 0, 0.00, '张居花');
INSERT INTO gallery.tb_user (id, wx_openid, wx_unionid, wx_mini_openid, wx_sex, wx_headimgurl, member_expired, recommend_id, gmt_create, gmt_modified, member_type, is_agent, cash_balance, nickname) VALUES (73, '', 'ohTyQ1lcZ-x2tIWvGXHeGaqSEvRc', 'oizSH5D87VWxyV05Cd8oy3Y7xAVI', 1, 'https://wx.qlogo.cn/mmopen/vi_32/9EpkSblE5OnvAspyyIdetKT5zdpgQkDBMyZeSCWqIJyKnp41jTd1xsdghG0lmBUokuKiaoAbQSUor6djBtASwCg/132', '1970-01-01 12:00:00', 54, '2018-12-22 17:46:51', '2018-12-24 21:12:18', 0, 0, 0.00, 'CDY');
INSERT INTO gallery.tb_user (id, wx_openid, wx_unionid, wx_mini_openid, wx_sex, wx_headimgurl, member_expired, recommend_id, gmt_create, gmt_modified, member_type, is_agent, cash_balance, nickname) VALUES (85, 'o9EY-woWN7NQSi5c9cKGdgV_TDAY', 'ogTRT1JRIgIaAvx-sTrgPlLbm-aU', 'o4Pge5ZsQyZra0vJBAd6BMVHSZv8', 2, 'https://wx.qlogo.cn/mmopen/vi_32/Q0j4TwGTfTK85SMhryx96w0ntTKDZtC9icxSYnIg4oV0kJAcT5iaaHuJ9FFTtqGJeQFGCTdDu5wOIWvTpNqmXiaCA/132', '2415-01-31 10:20:14', 9, '2019-01-09 18:27:12', '2019-03-14 14:16:54', 10, 0, 0.00, '一米阳光');
INSERT INTO gallery.tb_user (id, wx_openid, wx_unionid, wx_mini_openid, wx_sex, wx_headimgurl, member_expired, recommend_id, gmt_create, gmt_modified, member_type, is_agent, cash_balance, nickname) VALUES (114, 'o9EY-wsCtyAY-ly0f7fs4CfnqZGU', 'ogTRT1GMfT9G5os6-OpZzDdGVKFI', '', 2, 'http://thirdwx.qlogo.cn/mmopen/ajNVdqHZLLDRPxJcMbicuTkbNcbGY9koHuiaDYmELIWb94ibvZNpmXIJc3aibZhgEtCQ8qT1XOEBFbXQ45Srf6H3Jw/132', '1970-01-01 00:00:00', 0, '2019-01-17 07:48:44', '2019-01-17 07:48:44', 0, 0, 0.00, '曹莉莉');
INSERT INTO gallery.tb_user (id, wx_openid, wx_unionid, wx_mini_openid, wx_sex, wx_headimgurl, member_expired, recommend_id, gmt_create, gmt_modified, member_type, is_agent, cash_balance, nickname) VALUES (128, 'o9EY-whCrdXZ0FAk7XRZ_NSHd2Xg', 'ogTRT1FxND951fRQvspjfx4wL00s', 'o4Pge5Sg9-q87qjijjixHLjDYXrw', 0, 'https://wx.qlogo.cn/mmopen/vi_32/OhtVEO4pNtH8G1xktGWJicDBn3ZNFib4gAvGf3H7LrAa4CMH7FLhHWH1yndunaicpTVj79x6yKh0yTsJbJia3B2E7A/132', '2118-02-20 13:50:46', 0, '2021-01-12 15:31:36', '2019-02-20 17:27:31', 10, 1, 0.00, 'oscillat1');
INSERT INTO gallery.tb_user (id, wx_openid, wx_unionid, wx_mini_openid, wx_sex, wx_headimgurl, member_expired, recommend_id, gmt_create, gmt_modified, member_type, is_agent, cash_balance, nickname) VALUES (130, 'o9EY-wq89PgcvgSFbsxmxwl_3KjA', 'ogTRT1PiAmKSL4Y2tCqBzfO83_bE', 'o4Pge5YRTnyYP4sNSb905r1ORPIM', 2, 'https://wx.qlogo.cn/mmopen/vi_32/DYAIOgq83erYJRgrjpO0o6Vz8ic1DicogRt45mCF3mFE79ed3SelibzB4N3C1QWQfPkWlAgsAQdNBhH7Stue0y6FA/132', '2316-01-31 10:21:07', 129, '2019-01-31 10:00:03', '2019-03-15 18:48:21', 10, 0, 0.00, '可乐');
INSERT INTO gallery.tb_user (id, wx_openid, wx_unionid, wx_mini_openid, wx_sex, wx_headimgurl, member_expired, recommend_id, gmt_create, gmt_modified, member_type, is_agent, cash_balance, nickname) VALUES (131, 'o9EY-wjoS0ax9GhNdcmWy_Ivg9FE', 'ogTRT1JJjQ8rrHL958A3anGCSXqg', 'o4Pge5RMjqS065S6yP7ZpYgHvTpc', 1, 'https://wx.qlogo.cn/mmopen/vi_32/Q0j4TwGTfTLt3GEBicBmaoZDF7EfLsJ90uyqOy9OORXJibLicA6HIZz34GSVj9YIc7ic4AkGgJA4V18FTnibfZibjaIg/132', '2118-02-20 15:51:59', 128, '2019-01-31 10:10:54', '2019-03-25 15:36:07', 10, 1, 650.00, 'Scott');
INSERT INTO gallery.tb_user (id, wx_openid, wx_unionid, wx_mini_openid, wx_sex, wx_headimgurl, member_expired, recommend_id, gmt_create, gmt_modified, member_type, is_agent, cash_balance, nickname) VALUES (132, 'o9EY-wiLcVCCBtlluRarSKJx4XzA', 'ogTRT1CM9bfbWWjrZnPYnHHzukqA', 'o4Pge5QbYdpZLUYCZY1Q4lIMnWHI', 1, 'https://wx.qlogo.cn/mmopen/vi_32/t8m4GEg1It9uav4HMicNyZP3h4IsllPnC0ajhrABapz0LBicydbQibibuN1evNASVEgiaGE6HvBQcVggjx1qhkSvgZw/132', '2217-01-31 11:26:41', 85, '2019-01-31 11:25:43', '2019-02-12 14:50:50', 10, 0, 0.00, 'Dreamer');
INSERT INTO gallery.tb_user (id, wx_openid, wx_unionid, wx_mini_openid, wx_sex, wx_headimgurl, member_expired, recommend_id, gmt_create, gmt_modified, member_type, is_agent, cash_balance, nickname) VALUES (133, 'o9EY-wmHYD24nMpnjPe8oft63mWQ', 'ogTRT1JMwI-mcEmOh9JB3T_L4yaE', 'o4Pge5SPMY08_nKErjEoiCaXlOVU', 1, 'https://wx.qlogo.cn/mmopen/vi_32/iaVTXm05u2XxI1iaO3UfRpDty34qFlCBuZdv0Gf2lJuIsbOHTQYiabluGYoTia5eraPzHEUibO8szwdBJd6FKkI0EDA/132', '1970-01-01 12:00:01', 130, '2019-02-12 14:57:38', '2019-04-01 14:06:02', 0, 0, 0.00, 'TallNate');
INSERT INTO gallery.tb_user (id, wx_openid, wx_unionid, wx_mini_openid, wx_sex, wx_headimgurl, member_expired, recommend_id, gmt_create, gmt_modified, member_type, is_agent, cash_balance, nickname) VALUES (135, '', 'ogTRT1OrYaKlep7nSkbJBKUYGdAY', 'o4Pge5Thmgk77GY2Qq7anDAMEwXg', 1, 'https://wx.qlogo.cn/mmopen/vi_32/DYAIOgq83eric57icmibYJNYo3zeibvQ5qPPKM3hRjV3uibnv0kD1MDeJumsJTmeGAlFzYiceYxdfqIydicUtYD0xRxhg/132', '1970-01-01 12:00:01', 130, '2019-02-12 15:01:38', '2019-02-20 18:11:29', 0, 0, 0.00, '田二牛');
INSERT INTO gallery.tb_user (id, wx_openid, wx_unionid, wx_mini_openid, wx_sex, wx_headimgurl, member_expired, recommend_id, gmt_create, gmt_modified, member_type, is_agent, cash_balance, nickname) VALUES (136, '', 'ogTRT1AoUqGU0vxwoVw8eTB57DHg', 'o4Pge5bioksvbBBOcmEYDtjjgHyA', 1, 'https://wx.qlogo.cn/mmopen/vi_32/Q0j4TwGTfTLs8SZLLWjyib6uNRNxbkwIz5TJUKch0MVntHI7gkLgKHwRwL1fPxxaU2O0FAnADufshW7cKQlMKoQ/132', '1970-01-01 12:00:00', 130, '2019-02-12 15:02:31', '2019-02-21 16:20:01', 0, 0, 0.00, '【火柴合】陈俊强');
INSERT INTO gallery.tb_user (id, wx_openid, wx_unionid, wx_mini_openid, wx_sex, wx_headimgurl, member_expired, recommend_id, gmt_create, gmt_modified, member_type, is_agent, cash_balance, nickname) VALUES (140, 'o9EY-wu1dWxbZB3_Uji0Oyq6NyXg', 'ogTRT1C80Vni2JGjEDjGLI7O9DRo', 'o4Pge5dGenAMiypU2Y7NZdHe-pqE', 1, 'https://wx.qlogo.cn/mmopen/vi_32/Q0j4TwGTfTKSjC36vSdPia5pzhectoHBlVRAD16FhyTVkWKKPMkfDhAQHAVze3ATiaEiacl1x3c5VCVJA6QtTNiazA/132', '1970-01-01 00:00:01', 130, '2019-02-15 11:39:24', '2019-04-01 14:05:47', 0, 0, 0.00, '欣然自乐');
INSERT INTO gallery.tb_user (id, wx_openid, wx_unionid, wx_mini_openid, wx_sex, wx_headimgurl, member_expired, recommend_id, gmt_create, gmt_modified, member_type, is_agent, cash_balance, nickname) VALUES (144, 'o9EY-wnfdQZ1QTgGGOlyMY5PcgEg', 'ogTRT1Jt9rA_mCRI3ZjjFqoWsgOE', 'o4Pge5d8xWb3xXCWSPWH9nIAK0aw', 1, 'https://wx.qlogo.cn/mmopen/vi_32/DYAIOgq83epuYudVGewf5oQHSP2nQQBIX2gGogyvickibr8bm0bhnzibVCwyOvwAgSu6HgHYU2d4HkJia881baU0Zg/132', '2118-02-20 17:08:28', 131, '2019-02-20 16:08:35', '2019-03-15 21:45:46', 6, 0, 300.00, '柳林');
INSERT INTO gallery.tb_user (id, wx_openid, wx_unionid, wx_mini_openid, wx_sex, wx_headimgurl, member_expired, recommend_id, gmt_create, gmt_modified, member_type, is_agent, cash_balance, nickname) VALUES (145, 'o9EY-wud5G2k7BO3hDiVCs_udgBo', 'ogTRT1HCw3LdjX08GSvXdm3vPkcM', 'o4Pge5RyJXg2sP0wD_8nGlZgzQKU', 0, 'https://wx.qlogo.cn/mmopen/vi_32/Q0j4TwGTfTJfaaFNq0ofZyy0nRicndOOY0bXWGhEgs2T4bFjRb2cfX3YZ9QoJib3XP7pB6UJJXYS0IEtYeFABeWA/132', '2118-02-20 17:09:26', 144, '2019-02-20 16:55:15', '2019-03-15 22:22:14', 10, 0, 0.00, 'ceshi');
INSERT INTO gallery.tb_user (id, wx_openid, wx_unionid, wx_mini_openid, wx_sex, wx_headimgurl, member_expired, recommend_id, gmt_create, gmt_modified, member_type, is_agent, cash_balance, nickname) VALUES (146, '', 'ogTRT1Jm5vWPl-XX96scWWuxorno', 'o4Pge5TQaqPW2y_c3E968XO3c9MI', 1, 'https://wx.qlogo.cn/mmopen/vi_32/PXe0QvTDKdM7jhDteQ4ZruYzWdEjGzT3gwfSiaLhLicc3nKd8EsbkibgIO2jic73ErbVhn65ySYES5pFAdiaG6mD2Cw/132', '1970-01-01 12:00:01', 0, '2019-02-21 17:53:06', '2019-02-22 11:49:06', 0, 0, 0.00, '李慕白');
INSERT INTO gallery.tb_user (id, wx_openid, wx_unionid, wx_mini_openid, wx_sex, wx_headimgurl, member_expired, recommend_id, gmt_create, gmt_modified, member_type, is_agent, cash_balance, nickname) VALUES (147, '', 'ogTRT1Pm_fKeXh88o1Tw6IhmbuGs', 'o4Pge5b-kl3Cv3C6r8pD7CNojfSU', 1, 'https://wx.qlogo.cn/mmopen/vi_32/Q0j4TwGTfTIgmWmb9ia7eku2R0hx5G9UvhiaJC7DAVFOPIyRJUeRuyW7s0XUgUsOGUuODLEkTdYyqcNCWKRlrhDw/132', '1970-01-01 00:00:00', 0, '2019-03-06 10:27:08', '2019-03-15 22:52:40', 0, 0, 0.00, '李慕白');
INSERT INTO gallery.tb_user (id, wx_openid, wx_unionid, wx_mini_openid, wx_sex, wx_headimgurl, member_expired, recommend_id, gmt_create, gmt_modified, member_type, is_agent, cash_balance, nickname) VALUES (148, 'o9EY-wv87ID8SnnX-DzR-HtZZE7k', 'ogTRT1J_yMIbHj0d752dslfr0o5k', 'o4Pge5fAvfyua9H9gJVi7MNDjmxE', 1, 'https://wx.qlogo.cn/mmopen/vi_32/Xr2n12rEBAMgkFiajyuoAibnRXCJ9Gqd3O2uTyhjqZOkYy4dzB7tiaeGbImZyzd0lY76zBtlMsyTSjKS4EGg9d3rQ/132', '1970-01-01 12:00:00', 0, '2019-03-15 20:59:53', '2019-03-15 21:03:40', 0, 0, 0.00, '深藏不露');
INSERT INTO gallery.tb_user (id, wx_openid, wx_unionid, wx_mini_openid, wx_sex, wx_headimgurl, member_expired, recommend_id, gmt_create, gmt_modified, member_type, is_agent, cash_balance, nickname) VALUES (149, '', 'ogTRT1MPxN71V_Krg3PgPfPCw21Q', 'o4Pge5TaTscHpMxQKiuekt1cNudw', 1, 'https://wx.qlogo.cn/mmopen/vi_32/DYAIOgq83eoPxAAdicg2mJOvKNprcqG9MC5XXHBicYCBRzHmO814BQy29rBTNzA9ey7ybMlPnqRnj8icR6CVdlINA/132', '1970-01-01 12:00:01', 0, '2019-03-15 21:38:30', '2019-03-15 21:38:30', 0, 0, 0.00, '好饿啊');
INSERT INTO gallery.tb_user_payment (id, user_id, order_no, amount, status, transaction_id, gmt_payment, gmt_create, gmt_modified, recharge_type, cdk_code, remark) VALUES (1, 128, '190220429368083', 100.00, 'unpay', '', '1970-01-01 00:00:00', '2019-02-20 11:55:36', '2019-02-20 11:55:36', 1, 'jyfVW2LU', '6_VSCO');
INSERT INTO gallery.tb_user_payment (id, user_id, order_no, amount, status, transaction_id, gmt_payment, gmt_create, gmt_modified, recharge_type, cdk_code, remark) VALUES (2, 144, '190220582322352', 365.00, 'paid', '4200000239201902205354907959', '2019-02-20 16:10:39', '2019-02-20 16:10:33', '2019-02-20 16:10:39', 6, '', '');
INSERT INTO gallery.tb_user_payment (id, user_id, order_no, amount, status, transaction_id, gmt_payment, gmt_create, gmt_modified, recharge_type, cdk_code, remark) VALUES (3, 144, '190220584067753', 150.00, 'paid', '4200000252201902202237585352', '2019-02-20 16:13:34', '2019-02-20 16:13:26', '2019-02-20 16:13:34', 1, 'H12pBSor', '6_测试专用');
INSERT INTO gallery.tb_user_payment (id, user_id, order_no, amount, status, transaction_id, gmt_payment, gmt_create, gmt_modified, recharge_type, cdk_code, remark) VALUES (4, 144, '190220599990838', 365.00, 'paid', '4200000249201902203524207496', '2019-02-20 16:40:06', '2019-02-20 16:40:00', '2019-02-20 16:40:06', 6, '', '');
INSERT INTO gallery.tb_user_payment (id, user_id, order_no, amount, status, transaction_id, gmt_payment, gmt_create, gmt_modified, recharge_type, cdk_code, remark) VALUES (5, 144, '190220605815957', 365.00, 'paid', '4200000258201902204249966959', '2019-02-20 16:49:48', '2019-02-20 16:49:41', '2019-02-20 16:49:48', 6, '', '');
INSERT INTO gallery.tb_user_payment (id, user_id, order_no, amount, status, transaction_id, gmt_payment, gmt_create, gmt_modified, recharge_type, cdk_code, remark) VALUES (6, 144, '190220605928058', 365.00, 'unpay', '', '1970-01-01 12:00:01', '2019-02-20 16:49:53', '2019-02-20 16:49:53', 6, '', '');
INSERT INTO gallery.tb_user_payment (id, user_id, order_no, amount, status, transaction_id, gmt_payment, gmt_create, gmt_modified, recharge_type, cdk_code, remark) VALUES (7, 145, '190220609973827', 365.00, 'paid', '4200000241201902205344138568', '2019-02-20 16:56:43', '2019-02-20 16:55:40', '2019-02-20 16:56:43', 6, '', '');
INSERT INTO gallery.tb_user_payment (id, user_id, order_no, amount, status, transaction_id, gmt_payment, gmt_create, gmt_modified, recharge_type, cdk_code, remark) VALUES (8, 144, '190220616995131', 899.00, 'paid', '4200000253201902201830264962', '2019-02-20 17:08:28', '2019-02-20 17:08:19', '2019-02-20 17:08:28', 10, '', '');
INSERT INTO gallery.tb_user_payment (id, user_id, order_no, amount, status, transaction_id, gmt_payment, gmt_create, gmt_modified, recharge_type, cdk_code, remark) VALUES (9, 145, '190220617604937', 899.00, 'paid', '4200000250201902202697497221', '2019-02-20 17:09:26', '2019-02-20 17:09:20', '2019-02-20 17:09:26', 10, '', '');
INSERT INTO gallery.tb_user_payment (id, user_id, order_no, amount, status, transaction_id, gmt_payment, gmt_create, gmt_modified, recharge_type, cdk_code, remark) VALUES (10, 85, '190314514067021', 660.00, 'paid', '4200000246201903149509320534', '2019-03-14 14:16:54', '2019-03-14 14:16:46', '2019-03-14 14:16:54', 1, 'YBk5mEfa', '4_班尼路');
INSERT INTO gallery.tb_user_payment (id, user_id, order_no, amount, status, transaction_id, gmt_payment, gmt_create, gmt_modified, recharge_type, cdk_code, remark) VALUES (18, 7, '181226610296659', 365.00, 'paid', '4200000226201812261859899659', '2018-12-26 17:02:57', '2018-12-26 16:57:09', '2018-12-26 17:02:57', 6, '', '');
INSERT INTO gallery.tb_user_payment (id, user_id, order_no, amount, status, transaction_id, gmt_payment, gmt_create, gmt_modified, recharge_type, cdk_code, remark) VALUES (19, 29, '181226612433491', 365.00, 'paid', '4200000215201812264308657225', '2018-12-26 17:00:53', '2018-12-26 17:00:43', '2018-12-26 17:00:53', 6, '', '');
INSERT INTO gallery.tb_user_payment (id, user_id, order_no, amount, status, transaction_id, gmt_payment, gmt_create, gmt_modified, recharge_type, cdk_code, remark) VALUES (23, 30, '181226618024010', 365.00, 'paid', '4200000225201812267468469443', '2018-12-26 17:10:15', '2018-12-26 17:10:03', '2018-12-26 17:10:15', 6, '', '');
INSERT INTO gallery.tb_user_payment (id, user_id, order_no, amount, status, transaction_id, gmt_payment, gmt_create, gmt_modified, recharge_type, cdk_code, remark) VALUES (27, 32, '181226659502332', 365.00, 'paid', '4200000236201812261517435180', '2018-12-26 18:19:21', '2018-12-26 18:19:10', '2018-12-26 18:19:21', 6, '', '');
INSERT INTO gallery.tb_user_payment (id, user_id, order_no, amount, status, transaction_id, gmt_payment, gmt_create, gmt_modified, recharge_type, cdk_code, remark) VALUES (28, 33, '181226673157589', 365.00, 'paid', '4200000222201812260817770226', '2018-12-26 18:42:07', '2018-12-26 18:41:55', '2018-12-26 18:42:07', 6, '', '');
INSERT INTO gallery.tb_user_payment (id, user_id, order_no, amount, status, transaction_id, gmt_payment, gmt_create, gmt_modified, recharge_type, cdk_code, remark) VALUES (31, 18, '181227360618133', 365.00, 'unpay', '', '1970-01-01 00:00:01', '2018-12-27 10:01:02', '2018-12-27 10:01:02', 6, '', '');
INSERT INTO gallery.tb_user_payment (id, user_id, order_no, amount, status, transaction_id, gmt_payment, gmt_create, gmt_modified, recharge_type, cdk_code, remark) VALUES (32, 23, '181227422801067', 1.00, 'paid', '4200000238201812277388454630', '2018-12-27 11:44:49', '2018-12-27 11:44:41', '2018-12-27 11:44:49', 1, 'DOPkDmqi', '1_火星总部');
INSERT INTO gallery.tb_user_payment (id, user_id, order_no, amount, status, transaction_id, gmt_payment, gmt_create, gmt_modified, recharge_type, cdk_code, remark) VALUES (33, 21, '181227423848912', 1.00, 'paid', '4200000213201812276180367882', '2018-12-27 11:46:45', '2018-12-27 11:46:24', '2018-12-27 11:46:45', 1, 'iu3xKbte', '1_火星总部');
INSERT INTO gallery.tb_user_payment (id, user_id, order_no, amount, status, transaction_id, gmt_payment, gmt_create, gmt_modified, recharge_type, cdk_code, remark) VALUES (34, 22, '181227455151884', 1.00, 'paid', '4200000225201812278895671123', '2018-12-27 12:38:45', '2018-12-27 12:38:35', '2018-12-27 12:38:45', 1, 'DBxcXMyI', '1_火星总部');
INSERT INTO gallery.tb_user_payment (id, user_id, order_no, amount, status, transaction_id, gmt_payment, gmt_create, gmt_modified, recharge_type, cdk_code, remark) VALUES (35, 25, '181227455212597', 1.00, 'paid', '4200000223201812273197655442', '2018-12-27 12:38:47', '2018-12-27 12:38:42', '2018-12-27 12:38:47', 1, 'bYA9UDVy', '1_火星总部');
INSERT INTO gallery.tb_user_payment (id, user_id, order_no, amount, status, transaction_id, gmt_payment, gmt_create, gmt_modified, recharge_type, cdk_code, remark) VALUES (36, 27, '181227455722499', 1.00, 'paid', '4200000210201812276300963034', '2018-12-27 12:39:45', '2018-12-27 12:39:32', '2018-12-27 12:39:45', 1, 'UeShTwBh', '1_火星总部');
INSERT INTO gallery.tb_user_payment (id, user_id, order_no, amount, status, transaction_id, gmt_payment, gmt_create, gmt_modified, recharge_type, cdk_code, remark) VALUES (37, 24, '181227456001474', 1.00, 'paid', '4200000216201812276154628595', '2018-12-27 12:40:08', '2018-12-27 12:40:00', '2018-12-27 12:40:08', 1, 'mgssx2mt', '1_火星总部');
INSERT INTO gallery.tb_user_payment (id, user_id, order_no, amount, status, transaction_id, gmt_payment, gmt_create, gmt_modified, recharge_type, cdk_code, remark) VALUES (38, 20, '190313635637676', 365.00, 'unpay', '', '1970-01-01 12:00:01', '2018-12-27 12:40:16', '1970-01-01 12:00:00', 6, '', '');
INSERT INTO gallery.tb_user_payment (id, user_id, order_no, amount, status, transaction_id, gmt_payment, gmt_create, gmt_modified, recharge_type, cdk_code, remark) VALUES (39, 6, '181227456557413', 1.00, 'paid', '4200000237201812273665548517', '2018-12-27 12:41:08', '2018-12-27 12:40:56', '2018-12-27 12:41:08', 1, 'YW2Q51F0', '1_火星总部');
INSERT INTO gallery.tb_user_payment (id, user_id, order_no, amount, status, transaction_id, gmt_payment, gmt_create, gmt_modified, recharge_type, cdk_code, remark) VALUES (40, 20, '181227456674183', 1.00, 'paid', '4200000218201812274471106374', '2018-12-27 12:41:13', '2018-12-27 12:41:08', '2018-12-27 12:41:13', 1, 'XxJZPdxv', '1_火星总部');
INSERT INTO gallery.tb_user_payment (id, user_id, order_no, amount, status, transaction_id, gmt_payment, gmt_create, gmt_modified, recharge_type, cdk_code, remark) VALUES (41, 26, '181227456906967', 1.00, 'paid', '4200000209201812276511397500', '2018-12-27 12:41:35', '2018-12-27 12:41:31', '2018-12-27 12:41:35', 1, 'Yl4ObjpN', '1_火星总部');
INSERT INTO gallery.tb_user_payment (id, user_id, order_no, amount, status, transaction_id, gmt_payment, gmt_create, gmt_modified, recharge_type, cdk_code, remark) VALUES (42, 19, '181227461743867', 1.00, 'paid', '4200000213201812274064723887', '2018-12-27 12:49:41', '2018-12-27 12:49:34', '2018-12-27 12:49:41', 1, 'yZY3zetZ', '1_火星总部');
INSERT INTO gallery.tb_user_payment (id, user_id, order_no, amount, status, transaction_id, gmt_payment, gmt_create, gmt_modified, recharge_type, cdk_code, remark) VALUES (43, 37, '181227472884944', 365.00, 'unpay', '', '1970-01-01 12:00:00', '2018-12-27 13:08:08', '2018-12-27 13:08:08', 6, '', '');
INSERT INTO gallery.tb_user_payment (id, user_id, order_no, amount, status, transaction_id, gmt_payment, gmt_create, gmt_modified, recharge_type, cdk_code, remark) VALUES (44, 13, '181227661246977', 365.00, 'unpay', '', '1970-01-01 12:00:00', '2018-12-27 18:22:04', '2018-12-27 18:25:26', 6, '', '');
INSERT INTO gallery.tb_user_payment (id, user_id, order_no, amount, status, transaction_id, gmt_payment, gmt_create, gmt_modified, recharge_type, cdk_code, remark) VALUES (45, 13, '181227661342821', 899.00, 'unpay', '', '1970-01-01 12:00:00', '2018-12-27 18:22:14', '2018-12-27 18:22:14', 10, '', '');
INSERT INTO gallery.tb_user_payment (id, user_id, order_no, amount, status, transaction_id, gmt_payment, gmt_create, gmt_modified, recharge_type, cdk_code, remark) VALUES (47, 41, '181227846549244', 1.00, 'paid', '4200000230201812278696148729', '2018-12-27 23:31:06', '2018-12-27 23:30:54', '2018-12-27 23:31:06', 1, 'QbjbKpMP', '1_火星总部');
INSERT INTO gallery.tb_user_payment (id, user_id, order_no, amount, status, transaction_id, gmt_payment, gmt_create, gmt_modified, recharge_type, cdk_code, remark) VALUES (48, 44, '181228411917050', 365.00, 'paid', '4200000236201812281213895168', '2018-12-28 11:26:38', '2018-12-28 11:26:32', '2018-12-28 11:26:38', 6, '', '');
INSERT INTO gallery.tb_user_payment (id, user_id, order_no, amount, status, transaction_id, gmt_payment, gmt_create, gmt_modified, recharge_type, cdk_code, remark) VALUES (49, 45, '181228414014932', 365.00, 'paid', '4200000227201812284919247704', '2018-12-28 11:30:10', '2018-12-28 11:30:02', '2018-12-28 11:30:10', 6, '', '');
INSERT INTO gallery.tb_user_payment (id, user_id, order_no, amount, status, transaction_id, gmt_payment, gmt_create, gmt_modified, recharge_type, cdk_code, remark) VALUES (50, 28, '181228473106836', 1.00, 'paid', '4200000234201812285403301674', '2018-12-28 13:08:38', '2018-12-28 13:08:31', '2018-12-28 13:08:38', 1, 'd7IFcDpT', '1_火星总部');
INSERT INTO gallery.tb_user_payment (id, user_id, order_no, amount, status, transaction_id, gmt_payment, gmt_create, gmt_modified, recharge_type, cdk_code, remark) VALUES (51, 7, '181228474166814', 1.00, 'paid', '4200000209201812284924103781', '2018-12-28 13:10:24', '2018-12-28 13:10:17', '2018-12-28 13:10:24', 1, 'e3lSrmlY', '1_火星总部');
INSERT INTO gallery.tb_user_payment (id, user_id, order_no, amount, status, transaction_id, gmt_payment, gmt_create, gmt_modified, recharge_type, cdk_code, remark) VALUES (52, 20, '181228511567611', 899.00, 'unpay', '', '1970-01-01 12:00:01', '2018-12-28 14:12:37', '2018-12-28 14:12:37', 10, '', '');
INSERT INTO gallery.tb_user_payment (id, user_id, order_no, amount, status, transaction_id, gmt_payment, gmt_create, gmt_modified, recharge_type, cdk_code, remark) VALUES (53, 64, '181229741861616', 365.00, 'unpay', '', '1970-01-01 12:00:00', '2018-12-29 20:36:26', '2018-12-29 20:36:26', 6, '', '');
INSERT INTO gallery.tb_user_payment (id, user_id, order_no, amount, status, transaction_id, gmt_payment, gmt_create, gmt_modified, recharge_type, cdk_code, remark) VALUES (54, 65, '181229741885991', 365.00, 'unpay', '', '1970-01-01 12:00:01', '2018-12-29 20:36:29', '2018-12-29 20:36:29', 6, '', '');
INSERT INTO gallery.tb_user_payment (id, user_id, order_no, amount, status, transaction_id, gmt_payment, gmt_create, gmt_modified, recharge_type, cdk_code, remark) VALUES (55, 63, '181229741931767', 365.00, 'paid', '4200000209201812292003175274', '2018-12-29 20:36:39', '2018-12-29 20:36:34', '2018-12-29 20:36:39', 6, '', '');
INSERT INTO gallery.tb_user_payment (id, user_id, order_no, amount, status, transaction_id, gmt_payment, gmt_create, gmt_modified, recharge_type, cdk_code, remark) VALUES (56, 68, '190103694718493', 365.00, 'unpay', '', '1970-01-01 12:00:01', '2019-01-03 19:17:52', '2019-01-03 19:17:52', 6, '', '');
INSERT INTO gallery.tb_user_payment (id, user_id, order_no, amount, status, transaction_id, gmt_payment, gmt_create, gmt_modified, recharge_type, cdk_code, remark) VALUES (57, 8, '190104008846097', 365.00, 'unpay', '', '1970-01-01 00:00:01', '2019-01-04 00:14:45', '2019-01-05 12:13:07', 6, '', '');
INSERT INTO gallery.tb_user_payment (id, user_id, order_no, amount, status, transaction_id, gmt_payment, gmt_create, gmt_modified, recharge_type, cdk_code, remark) VALUES (58, 8, '190104474320180', 1.00, 'paid', '4200000222201901048349722149', '2019-01-04 13:10:37', '2019-01-04 13:10:32', '2019-01-04 13:10:37', 1, 'sCOWSFag', '1_火星总部');
INSERT INTO gallery.tb_user_payment (id, user_id, order_no, amount, status, transaction_id, gmt_payment, gmt_create, gmt_modified, recharge_type, cdk_code, remark) VALUES (59, 8, '190105439927558', 899.00, 'unpay', '', '1970-01-01 12:00:01', '2019-01-05 12:13:13', '2019-01-05 12:13:13', 10, '', '');
INSERT INTO gallery.tb_user_payment (id, user_id, order_no, amount, status, transaction_id, gmt_payment, gmt_create, gmt_modified, recharge_type, cdk_code, remark) VALUES (60, 14, '190108532155578', 1.00, 'paid', '4200000241201901089847966269', '2019-01-08 14:47:02', '2019-01-08 14:46:56', '2019-01-08 14:47:02', 1, '8uyerusA', '1_火星总部');
INSERT INTO gallery.tb_user_payment (id, user_id, order_no, amount, status, transaction_id, gmt_payment, gmt_create, gmt_modified, recharge_type, cdk_code, remark) VALUES (61, 49, '190108533191929', 365.00, 'unpay', '', '1970-01-01 12:00:00', '2019-01-08 14:48:39', '2019-02-20 17:46:26', 6, '', '');
INSERT INTO gallery.tb_user_payment (id, user_id, order_no, amount, status, transaction_id, gmt_payment, gmt_create, gmt_modified, recharge_type, cdk_code, remark) VALUES (62, 49, '190108534667268', 1.00, 'paid', '4200000244201901083960139538', '2019-01-08 14:51:16', '2019-01-08 14:51:06', '2019-01-08 14:51:16', 1, 'vOZpybqA', '1_火星总部');
INSERT INTO gallery.tb_user_payment (id, user_id, order_no, amount, status, transaction_id, gmt_payment, gmt_create, gmt_modified, recharge_type, cdk_code, remark) VALUES (63, 14, '190201502809372', 899.00, 'unpay', '', '1970-01-01 12:00:00', '2019-02-01 13:58:00', '2019-02-01 14:58:40', 10, '', '');
INSERT INTO gallery.tb_user_payment (id, user_id, order_no, amount, status, transaction_id, gmt_payment, gmt_create, gmt_modified, recharge_type, cdk_code, remark) VALUES (64, 14, '190201502847769', 365.00, 'unpay', '', '1970-01-01 12:00:00', '2019-02-01 13:58:04', '2019-02-01 14:58:37', 6, '', '');
INSERT INTO gallery.tb_user_payment (id, user_id, order_no, amount, status, transaction_id, gmt_payment, gmt_create, gmt_modified, recharge_type, cdk_code, remark) VALUES (65, 81, '190204545835147', 365.00, 'paid', '4200000254201902042912256715', '2019-02-04 15:09:56', '2019-02-04 15:09:44', '2019-02-04 15:09:56', 6, '', '');
INSERT INTO gallery.tb_user_payment (id, user_id, order_no, amount, status, transaction_id, gmt_payment, gmt_create, gmt_modified, recharge_type, cdk_code, remark) VALUES (66, 82, '190205479636113', 365.00, 'paid', '4200000253201902056968510099', '2019-02-05 13:19:37', '2019-02-05 13:19:23', '2019-02-05 13:19:37', 6, '', '');
INSERT INTO gallery.tb_user_payment (id, user_id, order_no, amount, status, transaction_id, gmt_payment, gmt_create, gmt_modified, recharge_type, cdk_code, remark) VALUES (67, 84, '190206745115315', 365.00, 'paid', '4200000255201902061156762426', '2019-02-06 20:42:07', '2019-02-06 20:41:52', '2019-02-06 20:42:07', 6, '', '');
INSERT INTO gallery.tb_user_payment (id, user_id, order_no, amount, status, transaction_id, gmt_payment, gmt_create, gmt_modified, recharge_type, cdk_code, remark) VALUES (68, 85, '190207654835194', 365.00, 'paid', '4200000245201902074059869980', '2019-02-07 18:11:30', '2019-02-07 18:11:23', '2019-02-07 18:11:30', 6, '', '');
INSERT INTO gallery.tb_user_payment (id, user_id, order_no, amount, status, transaction_id, gmt_payment, gmt_create, gmt_modified, recharge_type, cdk_code, remark) VALUES (69, 86, '190207655945259', 365.00, 'paid', '4200000245201902077904527064', '2019-02-07 18:13:24', '2019-02-07 18:13:14', '2019-02-07 18:13:24', 6, '', '');
INSERT INTO gallery.tb_user_payment (id, user_id, order_no, amount, status, transaction_id, gmt_payment, gmt_create, gmt_modified, recharge_type, cdk_code, remark) VALUES (70, 87, '190208333845751', 365.00, 'paid', '4200000255201902086220799701', '2019-02-08 09:16:37', '2019-02-08 09:16:25', '2019-02-08 09:16:37', 6, '', '');
INSERT INTO gallery.tb_user_payment (id, user_id, order_no, amount, status, transaction_id, gmt_payment, gmt_create, gmt_modified, recharge_type, cdk_code, remark) VALUES (71, 88, '190209508287842', 365.00, 'paid', '4200000250201902091929737207', '2019-02-09 14:07:26', '2019-02-09 14:07:08', '2019-02-09 14:07:26', 6, '', '');
INSERT INTO gallery.tb_user_payment (id, user_id, order_no, amount, status, transaction_id, gmt_payment, gmt_create, gmt_modified, recharge_type, cdk_code, remark) VALUES (72, 89, '190210725180193', 365.00, 'paid', '4200000250201902108262174221', '2019-02-10 20:08:53', '2019-02-10 20:08:39', '2019-02-10 20:08:53', 6, '', '');
INSERT INTO gallery.tb_user_payment (id, user_id, order_no, amount, status, transaction_id, gmt_payment, gmt_create, gmt_modified, recharge_type, cdk_code, remark) VALUES (73, 91, '190211518103959', 365.00, 'paid', '4200000257201902110073433709', '2019-02-11 14:23:36', '2019-02-11 14:23:31', '2019-02-11 14:23:36', 6, '', '');
INSERT INTO gallery.tb_user_payment (id, user_id, order_no, amount, status, transaction_id, gmt_payment, gmt_create, gmt_modified, recharge_type, cdk_code, remark) VALUES (74, 93, '190212329419574', 365.00, 'paid', '4200000257201902122851967845', '2019-02-12 09:09:11', '2019-02-12 09:09:01', '2019-02-12 09:09:11', 6, '', '');
INSERT INTO gallery.tb_user_payment (id, user_id, order_no, amount, status, transaction_id, gmt_payment, gmt_create, gmt_modified, recharge_type, cdk_code, remark) VALUES (75, 92, '190213481999458', 365.00, 'paid', '4200000243201902131781242769', '2019-02-13 13:23:30', '2019-02-13 13:23:19', '2019-02-13 13:23:30', 6, '', '');
INSERT INTO gallery.tb_user_payment (id, user_id, order_no, amount, status, transaction_id, gmt_payment, gmt_create, gmt_modified, recharge_type, cdk_code, remark) VALUES (77, 97, '190315481258564', 899.00, 'unpay', '', '1970-01-01 12:00:00', '2019-02-14 12:52:54', '1970-01-01 12:00:00', 10, '', '');
INSERT INTO gallery.tb_user_payment (id, user_id, order_no, amount, status, transaction_id, gmt_payment, gmt_create, gmt_modified, recharge_type, cdk_code, remark) VALUES (78, 97, '190214463783141', 365.00, 'unpay', '', '1970-01-01 12:00:01', '2019-02-14 12:52:59', '2019-02-18 15:52:09', 6, '', '');
INSERT INTO gallery.tb_user_payment (id, user_id, order_no, amount, status, transaction_id, gmt_payment, gmt_create, gmt_modified, recharge_type, cdk_code, remark) VALUES (79, 98, '190303669617837', 1.00, 'paid', '4200000244201903030980744397', '2019-03-03 18:36:11', '2019-02-14 13:18:46', '2019-03-03 18:36:11', 1, 'j23UReuU', '9_火柴合');
INSERT INTO gallery.tb_user_payment (id, user_id, order_no, amount, status, transaction_id, gmt_payment, gmt_create, gmt_modified, recharge_type, cdk_code, remark) VALUES (81, 13, '190214498207949', 1.00, 'unpay', '', '1970-01-01 12:00:01', '2019-02-14 13:50:21', '2019-02-14 13:50:21', 1, 'EfQBICMI', '1_火星总部');
INSERT INTO gallery.tb_user_payment (id, user_id, order_no, amount, status, transaction_id, gmt_payment, gmt_create, gmt_modified, recharge_type, cdk_code, remark) VALUES (82, 97, '190214505243199', 1.00, 'paid', '4200000256201902141646263827', '2019-02-14 14:02:15', '2019-02-14 14:02:05', '2019-02-14 14:02:15', 1, 'qu86Tw80', '1_火星总部');
INSERT INTO gallery.tb_user_payment (id, user_id, order_no, amount, status, transaction_id, gmt_payment, gmt_create, gmt_modified, recharge_type, cdk_code, remark) VALUES (83, 98, '190214559991121', 899.00, 'unpay', '', '1970-01-01 12:00:00', '2019-02-14 15:33:19', '2019-02-14 15:33:19', 10, '', '');
INSERT INTO gallery.tb_user_payment (id, user_id, order_no, amount, status, transaction_id, gmt_payment, gmt_create, gmt_modified, recharge_type, cdk_code, remark) VALUES (84, 99, '190214729841610', 365.00, 'paid', '4200000258201902146633097962', '2019-02-14 20:16:33', '2019-02-14 20:16:24', '2019-02-14 20:16:33', 6, '', '');
INSERT INTO gallery.tb_user_payment (id, user_id, order_no, amount, status, transaction_id, gmt_payment, gmt_create, gmt_modified, recharge_type, cdk_code, remark) VALUES (85, 23, '190215580339011', 365.00, 'unpay', '', '1970-01-01 12:00:01', '2019-02-15 16:07:14', '2019-02-15 16:07:14', 6, '', '');
INSERT INTO gallery.tb_user_payment (id, user_id, order_no, amount, status, transaction_id, gmt_payment, gmt_create, gmt_modified, recharge_type, cdk_code, remark) VALUES (86, 23, '190315481718111', 899.00, 'unpay', '', '1970-01-01 12:00:01', '2019-02-15 16:07:24', '1970-01-01 12:00:01', 10, '', '');
INSERT INTO gallery.tb_user_payment (id, user_id, order_no, amount, status, transaction_id, gmt_payment, gmt_create, gmt_modified, recharge_type, cdk_code, remark) VALUES (87, 102, '190215662249947', 365.00, 'paid', '4200000245201902154038422839', '2019-02-15 18:23:52', '2019-02-15 18:23:45', '2019-02-15 18:23:52', 6, '', '');
INSERT INTO gallery.tb_user_payment (id, user_id, order_no, amount, status, transaction_id, gmt_payment, gmt_create, gmt_modified, recharge_type, cdk_code, remark) VALUES (88, 105, '190218634237379', 365.00, 'paid', '4200000252201902189674589664', '2019-02-18 17:38:43', '2019-02-18 17:37:04', '2019-02-18 17:38:43', 6, '', '');
INSERT INTO gallery.tb_user_payment (id, user_id, order_no, amount, status, transaction_id, gmt_payment, gmt_create, gmt_modified, recharge_type, cdk_code, remark) VALUES (89, 66, '190219366825057', 365.00, 'unpay', '', '1970-01-01 00:00:01', '2019-02-19 10:11:23', '2019-02-19 10:11:23', 6, '', '');
INSERT INTO gallery.tb_user_payment (id, user_id, order_no, amount, status, transaction_id, gmt_payment, gmt_create, gmt_modified, recharge_type, cdk_code, remark) VALUES (90, 109, '190219587459874', 1.00, 'paid', '4200000247201902195277116219', '2019-02-19 16:19:32', '2019-02-19 16:19:06', '2019-02-19 16:19:32', 1, 'Prf9dmBN', '9_火柴合');
INSERT INTO gallery.tb_user_payment (id, user_id, order_no, amount, status, transaction_id, gmt_payment, gmt_create, gmt_modified, recharge_type, cdk_code, remark) VALUES (91, 110, '190220388849158', 1.00, 'paid', '4200000254201902202828931534', '2019-02-20 10:48:12', '2019-02-20 10:48:04', '2019-02-20 10:48:12', 1, '2NrNwXHK ', '9_火柴合');
INSERT INTO gallery.tb_user_payment (id, user_id, order_no, amount, status, transaction_id, gmt_payment, gmt_create, gmt_modified, recharge_type, cdk_code, remark) VALUES (92, 111, '190221341448833', 1.00, 'paid', '4200000243201902215023459735', '2019-02-21 09:29:25', '2019-02-21 09:29:05', '2019-02-21 09:29:25', 1, 'CT569SO0 ', '9_火柴合');
INSERT INTO gallery.tb_user_payment (id, user_id, order_no, amount, status, transaction_id, gmt_payment, gmt_create, gmt_modified, recharge_type, cdk_code, remark) VALUES (93, 54, '190222325300972', 1.00, 'paid', '4200000258201902226805817212', '2019-02-22 09:02:23', '2019-02-22 09:02:11', '2019-02-22 09:02:23', 1, 'ldHeow35', '9_火柴合');
INSERT INTO gallery.tb_user_payment (id, user_id, order_no, amount, status, transaction_id, gmt_payment, gmt_create, gmt_modified, recharge_type, cdk_code, remark) VALUES (94, 115, '190223472606298', 1.00, 'paid', '4200000253201902236982793595', '2019-02-23 13:07:48', '2019-02-23 13:07:40', '2019-02-23 13:07:48', 1, '6hG3th5t ', '9_火柴合');
INSERT INTO gallery.tb_user_payment (id, user_id, order_no, amount, status, transaction_id, gmt_payment, gmt_create, gmt_modified, recharge_type, cdk_code, remark) VALUES (95, 116, '190224720687327', 1.00, 'paid', '4200000245201902245953245734', '2019-02-24 20:01:14', '2019-02-24 20:01:09', '2019-02-24 20:01:14', 1, 'E4eYjZOo', '9_火柴合');
INSERT INTO gallery.tb_user_payment (id, user_id, order_no, amount, status, transaction_id, gmt_payment, gmt_create, gmt_modified, recharge_type, cdk_code, remark) VALUES (96, 117, '190225403913442', 1.00, 'paid', '4200000241201902255998272179', '2019-02-25 11:13:19', '2019-02-25 11:13:11', '2019-02-25 11:13:19', 1, '7TxaLMBv', '1_火星总部');
INSERT INTO gallery.tb_user_payment (id, user_id, order_no, amount, status, transaction_id, gmt_payment, gmt_create, gmt_modified, recharge_type, cdk_code, remark) VALUES (97, 5, '190225544506379', 1.00, 'paid', '4200000257201902251254787965', '2019-02-25 15:07:57', '2019-02-25 15:07:30', '2019-02-25 15:07:57', 1, 'JUXvzX5t ', '9_火柴合');
INSERT INTO gallery.tb_user_payment (id, user_id, order_no, amount, status, transaction_id, gmt_payment, gmt_create, gmt_modified, recharge_type, cdk_code, remark) VALUES (98, 119, '190226402261092', 1.00, 'paid', '4200000248201902264028244168', '2019-02-26 11:10:32', '2019-02-26 11:10:26', '2019-02-26 11:10:32', 1, 'IUoNKqjq', '9_火柴合');
INSERT INTO gallery.tb_user_payment (id, user_id, order_no, amount, status, transaction_id, gmt_payment, gmt_create, gmt_modified, recharge_type, cdk_code, remark) VALUES (99, 120, '190227387441365', 1.00, 'paid', '4200000255201902278133193470', '2019-02-27 10:45:50', '2019-02-27 10:45:45', '2019-02-27 10:45:50', 1, 'K9hLQRms', '9_火柴合');
INSERT INTO gallery.tb_user_payment (id, user_id, order_no, amount, status, transaction_id, gmt_payment, gmt_create, gmt_modified, recharge_type, cdk_code, remark) VALUES (100, 118, '190228427335912', 1.00, 'paid', '4200000246201902286205819734', '2019-02-28 11:52:21', '2019-02-28 11:52:13', '2019-02-28 11:52:21', 1, 'PB0nkhX9', '9_火柴合');
INSERT INTO gallery.tb_user_payment (id, user_id, order_no, amount, status, transaction_id, gmt_payment, gmt_create, gmt_modified, recharge_type, cdk_code, remark) VALUES (101, 126, '190301467354846', 1.00, 'paid', '4200000244201903015850629752', '2019-03-01 12:59:02', '2019-03-01 12:58:55', '2019-03-01 12:59:02', 1, 'ZCKcMMBi', '9_火柴合');
INSERT INTO gallery.tb_user_payment (id, user_id, order_no, amount, status, transaction_id, gmt_payment, gmt_create, gmt_modified, recharge_type, cdk_code, remark) VALUES (102, 127, '190302468627358', 1.00, 'paid', '4200000249201903024572162742', '2019-03-02 13:01:10', '2019-03-02 13:01:03', '2019-03-02 13:01:10', 1, 'Y81D3WQj', '9_火柴合');
INSERT INTO gallery.tb_user_payment (id, user_id, order_no, amount, status, transaction_id, gmt_payment, gmt_create, gmt_modified, recharge_type, cdk_code, remark) VALUES (103, 98, '190303676455850', 365.00, 'unpay', '', '1970-01-01 12:00:01', '2019-03-03 18:47:26', '2019-03-03 18:47:26', 6, '', '');
INSERT INTO gallery.tb_user_payment (id, user_id, order_no, amount, status, transaction_id, gmt_payment, gmt_create, gmt_modified, recharge_type, cdk_code, remark) VALUES (104, 95, '190304278865003', 365.00, 'unpay', '', '1970-01-01 00:00:00', '2019-03-04 07:44:46', '2019-03-04 07:44:46', 6, '', '');
INSERT INTO gallery.tb_user_payment (id, user_id, order_no, amount, status, transaction_id, gmt_payment, gmt_create, gmt_modified, recharge_type, cdk_code, remark) VALUES (105, 95, '190304278956455', 899.00, 'unpay', '', '1970-01-01 00:00:00', '2019-03-04 07:44:55', '2019-03-04 07:44:55', 10, '', '');
INSERT INTO gallery.tb_user_payment (id, user_id, order_no, amount, status, transaction_id, gmt_payment, gmt_create, gmt_modified, recharge_type, cdk_code, remark) VALUES (106, 130, '190304455930475', 1.00, 'paid', '4200000250201903040447069172', '2019-03-04 12:40:02', '2019-03-04 12:39:53', '2019-03-04 12:40:02', 1, '0LOT7yJk ', '9_火柴合');
INSERT INTO gallery.tb_user_payment (id, user_id, order_no, amount, status, transaction_id, gmt_payment, gmt_create, gmt_modified, recharge_type, cdk_code, remark) VALUES (107, 131, '190305457316146', 1.00, 'paid', '4200000247201903050037372516', '2019-03-05 12:42:19', '2019-03-05 12:42:11', '2019-03-05 12:42:19', 1, 'wZaMigNA', '9_火柴合');
INSERT INTO gallery.tb_user_payment (id, user_id, order_no, amount, status, transaction_id, gmt_payment, gmt_create, gmt_modified, recharge_type, cdk_code, remark) VALUES (108, 139, '190306472703745', 1.00, 'paid', '4200000249201903060684206676', '2019-03-06 13:08:04', '2019-03-06 13:07:51', '2019-03-06 13:08:04', 1, 'LxDxQDzX', '9_火柴合');
INSERT INTO gallery.tb_user_payment (id, user_id, order_no, amount, status, transaction_id, gmt_payment, gmt_create, gmt_modified, recharge_type, cdk_code, remark) VALUES (109, 141, '190307427227244', 1.00, 'paid', '4200000251201903076418959925', '2019-03-07 11:52:17', '2019-03-07 11:52:02', '2019-03-07 11:52:17', 1, '0CI7DuEi', '9_火柴合');
INSERT INTO gallery.tb_user_payment (id, user_id, order_no, amount, status, transaction_id, gmt_payment, gmt_create, gmt_modified, recharge_type, cdk_code, remark) VALUES (110, 145, '190308456883983', 1.00, 'paid', '4200000245201903087346154804', '2019-03-08 12:41:38', '2019-03-08 12:41:28', '2019-03-08 12:41:38', 1, 'xgT73DSs', '9_火柴合');
INSERT INTO gallery.tb_user_payment (id, user_id, order_no, amount, status, transaction_id, gmt_payment, gmt_create, gmt_modified, recharge_type, cdk_code, remark) VALUES (111, 148, '190309474439915', 1.00, 'paid', '4200000252201903094277133181', '2019-03-09 13:10:54', '2019-03-09 13:10:44', '2019-03-09 13:10:54', 1, 'cmIaFdv8', '9_火柴合');
INSERT INTO gallery.tb_user_payment (id, user_id, order_no, amount, status, transaction_id, gmt_payment, gmt_create, gmt_modified, recharge_type, cdk_code, remark) VALUES (112, 128, '190310408796254', 1.00, 'paid', '4200000242201903101018602300', '2019-03-10 11:21:25', '2019-03-10 11:21:20', '2019-03-10 11:21:25', 1, 'K9eIqPqq', '9_火柴合');
INSERT INTO gallery.tb_user_payment (id, user_id, order_no, amount, status, transaction_id, gmt_payment, gmt_create, gmt_modified, recharge_type, cdk_code, remark) VALUES (113, 150, '190311493423672', 1.00, 'paid', '4200000250201903119751964263', '2019-03-11 13:42:30', '2019-03-11 13:39:20', '2019-03-11 13:42:30', 1, '7QJVwEMr', '9_火柴合');
INSERT INTO gallery.tb_user_payment (id, user_id, order_no, amount, status, transaction_id, gmt_payment, gmt_create, gmt_modified, recharge_type, cdk_code, remark) VALUES (114, 19, '190311511400617', 365.00, 'unpay', '', '1970-01-01 12:00:01', '2019-03-11 14:12:21', '2019-03-11 14:12:21', 6, '', '');
INSERT INTO gallery.tb_user_payment (id, user_id, order_no, amount, status, transaction_id, gmt_payment, gmt_create, gmt_modified, recharge_type, cdk_code, remark) VALUES (115, 151, '190312490114530', 1.00, 'paid', '4200000248201903128110772549', '2019-03-12 13:36:57', '2019-03-12 13:36:52', '2019-03-12 13:36:57', 1, 'cQU8xO74', '1_火星总部');
INSERT INTO gallery.tb_user_payment (id, user_id, order_no, amount, status, transaction_id, gmt_payment, gmt_create, gmt_modified, recharge_type, cdk_code, remark) VALUES (116, 122, '190313483868793', 1.00, 'paid', '4200000245201903135579729829', '2019-03-13 13:26:34', '2019-03-13 13:26:27', '2019-03-13 13:26:34', 1, 'T9QRgQR5', '9_火柴合');
INSERT INTO gallery.tb_user_payment (id, user_id, order_no, amount, status, transaction_id, gmt_payment, gmt_create, gmt_modified, recharge_type, cdk_code, remark) VALUES (117, 154, '190314503434985', 1.00, 'paid', '4200000250201903143708540280', '2019-03-14 13:59:09', '2019-03-14 13:59:03', '2019-03-14 13:59:09', 1, 'btzDveFt', '9_火柴合');
INSERT INTO gallery.tb_user_payment (id, user_id, order_no, amount, status, transaction_id, gmt_payment, gmt_create, gmt_modified, recharge_type, cdk_code, remark) VALUES (118, 155, '190315466091683', 365.00, 'unpay', '', '1970-01-01 12:00:01', '2019-03-15 12:56:50', '2019-03-15 12:56:50', 6, '', '');
INSERT INTO gallery.tb_user_payment (id, user_id, order_no, amount, status, transaction_id, gmt_payment, gmt_create, gmt_modified, recharge_type, cdk_code, remark) VALUES (119, 155, '190315472189066', 1.00, 'paid', '4200000249201903153051600308', '2019-03-15 13:07:06', '2019-03-15 13:06:58', '2019-03-15 13:07:06', 1, 'nuqSzbfh', '9_火柴合');
INSERT INTO gallery.tb_user_payment (id, user_id, order_no, amount, status, transaction_id, gmt_payment, gmt_create, gmt_modified, recharge_type, cdk_code, remark) VALUES (120, 21, '190315482257806', 899.00, 'unpay', '', '1970-01-01 12:00:00', '2019-03-15 13:23:45', '2019-03-15 13:23:45', 10, '', '');
INSERT INTO gallery.tb_user_payment (id, user_id, order_no, amount, status, transaction_id, gmt_payment, gmt_create, gmt_modified, recharge_type, cdk_code, remark) VALUES (121, 21, '190315482395202', 365.00, 'unpay', '', '1970-01-01 12:00:01', '2019-03-15 13:24:00', '2019-03-15 13:24:00', 6, '', '');
INSERT INTO gallery.tb_user_payment (id, user_id, order_no, amount, status, transaction_id, gmt_payment, gmt_create, gmt_modified, recharge_type, cdk_code, remark) VALUES (122, 147, '190315483844756', 899.00, 'unpay', '', '1970-01-01 12:00:00', '2019-03-15 13:26:24', '2019-03-15 13:26:24', 10, '', '');
INSERT INTO gallery.tb_user_payment (id, user_id, order_no, amount, status, transaction_id, gmt_payment, gmt_create, gmt_modified, recharge_type, cdk_code, remark) VALUES (123, 130, '190315536140949', 899.00, 'paid', '4200000253201903152013893946', '2019-03-15 14:53:40', '2019-03-15 14:53:18', '2019-03-15 14:53:40', 10, '', '');